#include "gui.h"

static const binfile_t background_a26 = {"background_a26.png", 1189, {
"\x89\x50\x4E\x47\x0D\x0A\x1A\x0A\x00\x00\x00\x0D\x49\x48\x44\x52\x00\x00\x01\x40\x00\x00\x00\xF0\x01"
"\x03\x00\x00\x00\x4B\xE3\x2F\x28\x00\x00\x00\x01\x73\x52\x47\x42\x00\xAE\xCE\x1C\xE9\x00\x00\x00\x04"
"\x67\x41\x4D\x41\x00\x00\xB1\x8F\x0B\xFC\x61\x05\x00\x00\x00\x06\x50\x4C\x54\x45\x99\x54\xB5\x8F\x42"
"\xAE\x61\x79\xD6\x32\x00\x00\x04\x3D\x49\x44\x41\x54\x68\xDE\xED\x98\x4D\x72\xE4\x20\x0C\x85\x4D\xB1"
"\x60\xC9\x11\x38\x0A\x47\xB3\x8F\xC6\x51\x7C\x04\x2F\x59\xB8\xEC\x49\x1A\x1B\x24\x78\x60\x75\x92\x99"
"\x9A\x45\xBC\xE9\x98\x7C\x0D\xFA\x01\xE9\xD1\xD3\xF4\xFB\xFC\x3E\xFF\xE3\x63\xCE\xE1\x53\xC0\x59\x08"
"\xAA\x53\x08\x1A\x29\x68\xA5\xA0\x93\x82\x5E\x0A\xCE\x52\xF0\x14\x82\xEA\xC7\x41\xFD\xE3\xA0\x79\x0F"
"\xDC\xFB\x71\xE7\xE0\xD2\x0F\x13\x4B\xF5\x31\x48\x25\x03\xB7\x81\xB1\x0C\x0C\x03\xF7\x19\x38\xCA\x25"
"\x05\xF7\xD1\xEE\xA0\xDB\x31\x8E\x36\x26\x05\xD7\x51\xE8\x29\x18\x46\xC9\xA4\xE0\x32\xDA\x47\x04\x3C"
"\x86\x5B\x18\x80\xF3\x13\x18\x87\xC7\x0C\x80\xEE\x09\xFC\x8C\xCE\xBC\xF4\x4A\x01\x07\xCD\xE7\xB4\xE6"
"\x09\x0C\x2F\xF3\x7A\x81\x24\x60\xDA\xB5\xEB\x33\x98\xE6\xDA\x3A\x11\x67\xA0\x49\x3B\xE3\x01\x3C\x52"
"\x60\x8E\x4E\xC4\x19\xE8\xD3\xC8\x03\xB8\x5F\xC4\x82\x53\xC3\xC0\x33\x1D\x1C\x37\x06\xE3\xE5\xEE\x8A"
"\x53\x53\xC0\x3B\x2E\xDB\x33\x68\x2E\xD0\xC8\xC0\x88\x53\x53\xC0\xDB\xB6\x5D\x0E\xAA\x27\x30\x85\xE5"
"\xC0\x39\xFC\x02\x18\xEE\x8C\xE0\x1C\x42\xD0\x3F\x80\xF3\x9B\xE0\x02\x93\x5D\xC0\xA5\x80\x56\x0A\x9A"
"\x07\xF0\xBC\x41\x2D\x03\x03\x4C\x0D\x04\x27\x31\x38\x4B\x41\x2F\x05\x9D\x14\xB4\x52\x50\x4B\x41\x25"
"\x05\x81\xDB\x30\x33\xC8\x1B\xB8\x7B\x50\xD5\xED\x80\xA9\xA4\x4A\x40\xFB\xFA\xB0\x0F\x47\x61\x02\x1A"
"\xB0\x05\x0F\x0A\x2A\x29\x58\xA6\xA4\xA0\x03\xA0\x96\x82\x79\x23\xA1\xDA\xC3\x1E\x0B\xC0\xBB\xEC\x4D"
"\xC8\x1D\x54\x1F\xE1\xDA\x14\xD4\xE7\x2D\xA7\xC0\xDA\xA8\xD8\x4F\xC8\xEF\x16\x0C\xF5\x6D\xA3\xDF\x90"
"\xA0\x91\x2D\xD8\xDC\x5F\x6C\xB7\x69\x42\x23\x19\x68\xDB\x78\x67\x23\x9B\x7E\xBD\xB5\xA0\x6F\x40\x05"
"\xA2\x73\xEF\x20\x2E\x3E\x66\xE0\xCB\x75\x80\x38\x68\x90\x89\xC9\x1B\xAE\x7B\x54\x1B\xC5\xDB\x9B\x4A"
"\x49\x71\xD3\x56\x22\xEB\x80\x36\x23\xBE\xAE\xC5\x9B\x2E\x48\xC3\x6C\xB1\x7E\xA4\x2A\x32\x66\xB7\x7B"
"\xA0\xA1\x1B\x5B\x55\x1A\x17\x9D\xA9\xF5\x76\xBB\x03\xE6\x83\x9F\x45\x7C\x2B\xAF\x2B\x31\xBE\x5C\xF3"
"\x77\xC0\xD2\x16\xB6\xCB\xED\x56\xD9\x57\x12\x7B\xBF\x16\xA0\xE0\x36\xA1\xAB\xDA\xF5\x8E\x41\x5A\x70"
"\x43\xF2\xAD\xBD\x7D\xD4\x52\x7C\x4B\xA6\x50\x70\x87\x37\xDE\x98\x06\x20\xA8\x2E\x37\x4A\x75\xF3\x0C"
"\x3C\x98\x2F\xF1\xFE\x42\xFA\x37\x04\x2D\xEB\x22\xE1\x35\x02\x0F\x90\xCF\x21\x98\xF3\x25\x10\x82\x73"
"\xAE\x2C\x97\xE0\xFE\x30\x86\x81\x4B\xC9\xCB\x5E\xDC\xDA\x5F\x9F\x08\xD4\x24\x9D\xFE\x5A\x88\x83\xA1"
"\xE4\x65\x99\xF8\xDF\x10\xB4\x55\x48\x5F\x17\x1D\x06\xAE\x79\xB9\x8D\x26\xE9\xF3\xC5\x23\x70\xA6\x5B"
"\xF3\x3A\x9E\x8E\x81\xDB\x54\x9F\x90\x97\x91\x9F\x76\x58\x00\x2A\x76\x20\xAF\x37\x03\x40\xCD\x6B\x41"
"\x9A\x9F\x83\xF9\xB8\xAF\xFC\xE0\x7E\xC4\x47\x03\xD0\xF2\x16\x92\x0A\xA2\x02\xA0\xE3\xA5\xA0\x5A\xC0"
"\x95\xD3\xEE\x79\x71\xD1\xBC\xAE\x3B\x5A\x16\xF6\xAA\xBD\x46\x0C\xD6\x9D\x81\x7F\xB1\x80\xAA\xAE\xBD"
"\xDC\x14\x97\xCF\x91\xAE\xFB\x26\x77\xAE\x80\xA6\xEE\x9B\x96\x0D\x14\xD0\xD6\xBD\xC6\x74\x40\x57\xF7"
"\x4D\x6E\x0B\x05\xF7\x46\x7E\xAC\x08\xF4\x8D\xFC\x60\xF1\x2A\xE0\xDC\x34\xD8\x99\x7E\xB5\x80\x6D\x0B"
"\xF3\xD4\x18\x97\xCB\x4C\x2B\x3F\x5C\x03\x1E\xC9\xF4\xA5\x11\x15\x07\x98\x51\xB7\x2D\xDB\x34\xE0\x51"
"\x8F\xE6\x40\x82\x19\x41\x6F\x67\xD6\xE4\x19\x2D\x10\x01\x0D\x78\xBE\xC0\x08\xC0\xD0\xCE\xE8\x80\xA0"
"\x99\x49\x68\x09\xB8\x02\xE1\x03\x40\x0F\xC1\x0D\x81\x01\x28\x24\x00\xCE\x40\xD1\x50\x07\x33\x78\x4A"
"\xC0\x9D\x75\x3D\x9A\xC3\xBD\x99\x51\x01\x01\xD9\x82\x7B\x07\xD4\x64\xB0\x80\x40\xC6\x29\x00\x6A\x0C"
"\x9E\x00\x8C\x50\xEE\x4D\x75\x7D\x34\x1D\x70\x69\x41\x20\x72\x69\x16\xEE\x62\x6F\x09\x18\x09\x18\x5A"
"\x70\x2D\xD1\x23\xBB\xA2\x01\xC9\x2E\x73\xE5\xBF\x10\x0C\x65\xBD\x0D\x7C\xE7\xEE\x85\x65\x48\x91\x1E"
"\xCB\xD6\x49\x60\x59\xC4\xB0\x5F\x79\x01\xB8\x10\xA9\xB2\xE6\xBF\xB7\x3E\xE8\x89\x5A\xAB\xC1\x40\xB5"
"\x15\xBD\xFA\x99\x01\xA8\xE9\x65\x72\x04\x9A\x93\xE8\x16\xB2\x03\x32\x78\xB0\xD2\x11\xEE\xE9\x63\xAD"
"\x7B\xF2\x6A\x9E\x5E\x12\x35\x0D\x69\x05\x52\x75\x0D\xC1\x9D\x09\xF1\xE3\x7E\xAB\xC1\x3C\xC2\xAE\x00"
"\x23\xD0\x12\x29\x3C\x04\x1D\xBB\x2B\xD4\x20\x19\xF1\x54\x33\x13\x1F\x0B\x18\xB9\x6E\xEE\x81\xFA\xEF"
"\x83\xF7\x6B\x0B\x6E\xFC\xFA\x01\xC1\x63\x00\x9E\x3F\x06\xEE\x1D\xD0\x14\xB1\xF9\xEF\xC1\x15\x82\xFE"
"\x17\xFC\x05\xFF\x23\x70\xFE\x06\x28\x3C\x0A\xFA\x5D\x70\x7A\x1B\xEC\x57\x8A\x28\x28\x52\x67\x1F\x14"
"\xD7\xC7\xAF\x57\x5C\x25\x07\x77\xF4\x9B\x94\xAA\x40\x71\x43\x02\x2D\x6E\xF9\x6E\xD3\x9C\x4A\xE3\xA5"
"\x6D\xF8\xB9\xB1\x47\x0C\x86\xBE\x54\x88\x5D\x70\x28\x3E\xDE\x92\x33\x22\x81\xB4\xD6\x92\x2B\x4A\x45"
"\x9C\x48\xED\x59\xF2\xB3\x20\x04\x25\x42\x73\x93\x4A\xD7\x81\x18\x5E\xFF\x00\xFE\x48\x7D\x9B\x21\x5D"
"\x5D\xA0\x00\x00\x00\x00\x49\x45\x4E\x44\xAE\x42\x60\x82"
}
};

static const binfile_t background_c64 = {"background_c64.png", 1299, {
"\x89\x50\x4E\x47\x0D\x0A\x1A\x0A\x00\x00\x00\x0D\x49\x48\x44\x52\x00\x00\x01\x40\x00\x00\x00\xF0\x02"
"\x03\x00\x00\x00\x0C\x43\x55\xF8\x00\x00\x00\x01\x73\x52\x47\x42\x00\xAE\xCE\x1C\xE9\x00\x00\x00\x04"
"\x67\x41\x4D\x41\x00\x00\xB1\x8F\x0B\xFC\x61\x05\x00\x00\x00\x09\x50\x4C\x54\x45\x34\x98\xDB\x2C\x81"
"\xBA\x2F\x8B\xC8\x55\xE1\x78\xAB\x00\x00\x04\xA8\x49\x44\x41\x54\x78\xDA\xED\x5A\x4D\x6F\xE2\x3A\x14"
"\x0D\xD1\x1B\xA9\x64\xDF\x59\xCC\xAA\xAA\x0A\x9A\xC9\xCF\xA8\xC4\x62\x76\xA5\x22\x51\xC3\x8A\x56\x8D"
"\x05\xFC\x0A\x1E\x52\xA5\xC2\x6A\xF4\xF4\x82\x70\x56\x28\x2A\x51\xF0\xAF\x1C\x3B\x5F\x98\xC4\x4E\x02"
"\xB8\xA3\x56\x73\x8F\x50\xE5\x82\x39\x3D\xF7\xDA\xF7\xF8\x26\xA9\xA6\x01\x00\x00\x00\x00\x00\x00\x00"
"\x00\x00\x00\x00\x00\xF8\xAC\xD0\x2F\xAE\xE6\x67\xBF\x66\x1C\xE1\xB7\x49\xE8\x9F\xFD\xFA\xC5\x11\x6E"
"\x54\x84\xF9\x9D\x1B\xCF\x54\x13\x2A\x51\x78\xF1\x77\x2B\xF4\x89\x02\xF0\x84\x9E\xA5\x00\x0F\x9F\x8E"
"\xF0\xA1\x5C\xE1\x0D\x58\x6C\x4D\x6B\x3B\xC9\xF0\xAE\x40\x78\x57\x5E\xB7\x06\xC2\x07\x9A\xD6\x19\x8A"
"\x15\x8E\x4E\x22\xA4\x2C\x1D\x5B\xAC\x70\x74\xB2\x42\xA7\x69\x0E\xB5\x66\x39\xFC\x22\x21\xB4\x4A\x3B"
"\x75\xDB\x64\x6D\xA7\x64\xE7\x8A\x43\xFE\x0B\x37\xF6\xC7\x26\x54\xE1\x5E\x24\x52\x6D\xB0\xFF\xBC\xE7"
"\x31\x0A\xA7\x1E\x28\x04\x85\x4D\x14\x8E\x54\x10\xDE\x00\xE1\x07\x27\x54\x71\x04\xF0\x84\x4F\xC1\xF2"
"\xFB\xB9\xAF\x05\x4F\xF8\xA8\xE2\x7A\xF1\x4D\x35\xE1\x3B\x2B\x6C\xE3\x53\x30\x4B\x8F\xF4\xA8\x4C\x68"
"\x98\x84\x18\x84\xCC\x09\xD9\xD0\xCF\x4D\x7E\x64\xF0\xA3\x39\x3F\x0A\x28\xE1\x6E\xE5\xB8\xAB\x71\x39"
"\x64\x83\xF6\x12\x1D\xCB\x9A\xD0\x8E\x82\x8E\x2E\x2D\xEB\xA7\x65\xD1\xDE\xD9\xA6\xA3\x9E\x65\xDD\xD3"
"\x56\x95\xB6\x2B\xB4\x61\xEC\xD3\x51\x3E\x75\x48\x09\xE3\x26\x72\x2C\x50\x98\xCC\xA7\xB3\xEC\x84\xD0"
"\x4D\x08\xBD\x78\xE4\x24\xA3\x64\x02\x23\xDC\xE6\x84\x5E\xD6\xD6\x14\x09\xF7\xB3\x92\x2F\xF7\xF8\x51"
"\x9F\x27\x64\x7F\xD1\x3B\x24\x7C\x16\x87\x9C\x13\x1E\x2A\xDC\xF2\x0A\xFB\xBC\x42\xBB\x4A\xA1\x27\x55"
"\xB8\x2D\x28\x94\x85\x2C\x53\x58\xCA\x61\xAF\xA0\xD0\x3E\x37\x87\x4D\x15\x56\x84\xDC\x54\xA1\xDD\x28"
"\xE4\x3F\xAC\xD0\x39\x29\x87\xD6\xA5\x54\xE1\x63\x51\xE1\x56\x16\x72\xD7\x9F\xB6\xC3\xDD\xDC\x47\xA3"
"\xD0\xF7\x4D\x14\xCE\xFD\xE9\x28\xC4\xEB\x1F\x61\xB8\xDC\xED\x36\xE1\x74\xFC\x23\x9C\x1A\x93\x49\xE0"
"\x4F\xC7\x3B\xDF\x6F\x87\x74\xC2\x84\xD5\x32\x61\xF7\xA9\x24\xE6\x40\x36\x69\xD9\x47\xCC\x0D\x72\xAF"
"\x58\x32\x37\xD0\x53\x87\x58\x12\x23\xCA\x1C\x22\x36\x87\x80\xB9\xCD\xAB\x38\x87\xB1\x01\x74\xE2\xB0"
"\x1E\x12\x03\xD8\x3B\xC4\xCF\xD8\x21\x58\xDC\x2F\x49\xB9\xB0\xF9\x79\xC8\x92\xD2\xE3\x8B\x2A\x49\x64"
"\x9A\x52\xAF\x50\x89\xE9\x84\xDA\x55\xCE\x2C\x2A\xF5\x30\x4F\xBC\x8B\xDC\x7C\x33\xD6\xAE\x72\x41\xC0"
"\xA5\x74\x5B\xA6\x9B\xB1\xB6\x96\x39\x85\x43\x5E\x61\xC9\x7C\x32\x85\x75\x6E\x53\x10\x50\xA9\xB0\x59"
"\xC8\x03\x91\x89\x0A\x16\x45\x9C\xC3\x9B\xAA\x1C\x1E\x28\x2C\x15\x8E\x38\x87\x95\xAB\x3C\x94\x2B\x74"
"\x1B\xE6\xD0\x3A\x3B\x87\x95\xAB\x5C\x1D\x72\x9F\x0B\x79\x2B\x56\xA8\x3F\x63\xBC\x42\xE3\xAF\x08\xB5"
"\x11\xBA\xB5\xD1\xD8\xC3\x7E\x07\xE3\xB9\x8D\x46\x2B\xF4\xDC\x41\x68\x81\xD0\xC8\xC3\x6B\xFA\x5E\xDB"
"\xC1\x81\x83\xD7\x21\x42\xEE\x7F\xEC\xA0\x67\x1D\x44\xD9\x1C\x5A\x49\xFD\xCF\x62\x83\x88\x0C\x12\xD0"
"\x5F\xAE\xE2\x51\xFA\xF6\xAB\xC1\x4D\xA0\x9F\x46\xCC\x4B\x48\x66\x0E\x17\xA5\x90\xF5\xA4\xEA\x1F\xC5"
"\x06\xF1\xC0\x1B\x04\x9B\xB0\x88\xEF\x5A\x0C\x89\x26\x0D\xB9\x25\xF0\xE3\x8A\xBD\xF8\x62\x65\x8B\x2C"
"\x5B\x65\x43\x70\x8C\x8B\x56\xDA\xC9\x47\xE9\x9A\xC8\x56\x59\x3F\xD8\x0F\x02\x85\xE9\x0E\xBC\xE7\x15"
"\x0E\x55\x2B\xAC\x0A\x59\x17\x9D\x69\x75\x39\xAC\x0A\x59\xA4\x70\x28\xAF\x96\x5E\x6D\xC8\xA2\x1C\x0E"
"\x04\x39\x3C\x6B\x95\x8F\x55\x78\x53\x97\xC3\x81\xEA\x7D\x28\x52\xD8\x2F\x29\x94\x99\x43\x17\xB9\xF4"
"\xCA\x22\x40\xCE\x3A\x74\xFC\xF6\x0A\xDD\xD2\x11\xB5\x8B\xAE\x8B\xFF\xC5\x68\x84\x57\xCF\x74\xB4\xA0"
"\x23\xFA\x76\x97\x5A\x05\xB3\x12\x34\x65\x84\x7B\x73\x38\x08\xB9\x95\xD4\xFE\x2B\x6D\x17\xCC\x79\xEA"
"\x10\x81\x39\x8F\x96\xAC\x5D\x88\x3F\x33\x67\xE4\x3A\xBD\xA0\xC8\x6C\x82\x35\x0E\xB2\xCE\x41\xCF\x12"
"\x53\xF4\x85\xFB\xC4\x17\x16\xB9\x2F\xC4\xB3\x92\xAE\x69\x1F\xF2\x58\x96\x43\xE1\x9E\x2E\x5D\x5A\xC4"
"\xBF\x4E\xF8\x55\x1E\xC8\x56\x59\x7A\xCE\x6F\x0F\x09\xF7\x0D\x6C\x42\x58\xAB\x70\x20\x5F\x60\xB9\xC2"
"\xB7\x1A\x85\xC7\x84\x2C\xAD\xE5\x06\x5B\x90\x23\x6C\xE0\x36\xD2\x32\x16\xE6\xB0\x81\x1F\x1E\xA7\xB0"
"\x41\x2D\x57\x19\x8D\x73\x54\xC8\x2A\x14\x96\x72\xE8\x5A\xF2\x8E\xB8\x27\xDD\x87\x92\xCB\x8A\xD6\xA5"
"\xEB\xB5\xD9\xC5\xFE\x17\x07\xDF\x22\x34\xA6\xA5\x4F\xED\x62\xE1\xE0\x5F\x0E\xFE\xBF\x1B\x37\x0E\x4F"
"\xB4\x5D\xF8\xEA\xAC\xE8\x08\xB9\x2F\x18\x3F\x21\x74\x7F\x68\x0E\x87\xE7\xB2\x76\x35\xD3\x75\xF6\x9C"
"\xDD\x24\xD4\x01\x02\x6A\x0E\x4B\x42\xAE\xE9\x88\xC4\x4D\xC2\x35\x33\x0E\x12\x45\x66\xC0\xAE\x3F\x82"
"\xC4\x4A\xAE\x67\xD9\x73\x89\xB7\x72\xC8\x08\x61\x1B\x4D\x42\xCC\x9C\xA0\xE2\x91\x96\x4F\xA6\x8C\x80"
"\xFE\xF0\x09\xD9\xB1\xAF\x9A\xF9\x5D\x11\xF1\x7D\x1B\xBD\xFA\xD1\xCA\xE6\xE8\x3B\x4B\x86\x6A\xC2\x33"
"\x14\xDE\x7C\x78\x85\x10\xF2\xE7\x09\xB9\x53\x59\x7A\xC7\x13\xB6\xAA\x6F\x2D\x1F\x1F\xB2\x7E\x3A\xA1"
"\xF2\xBB\xC4\x9F\xEC\xB6\xF3\x4C\xB1\x42\x7A\x40\x9C\x0F\x78\xE2\x03\x84\x40\x08\x84\x40\x58\x26\x1C"
"\xAA\x78\x7A\xBB\xE6\x08\x95\xFC\x8B\xD1\x9D\x06\x00\x00\x00\x00\x00\x00\x00\x00\x00\x00\x00\x00\x00"
"\xF0\x5E\xF8\x0D\x75\xA9\x7A\x81\x7D\x3C\x3F\x89\x00\x00\x00\x00\x49\x45\x4E\x44\xAE\x42\x60\x82"
}
};

static const binfile_t background_cannonball = {"background_cannonball.png", 1749, {
"\x89\x50\x4E\x47\x0D\x0A\x1A\x0A\x00\x00\x00\x0D\x49\x48\x44\x52\x00\x00\x01\xE0\x00\x00\x01\x40\x01"
"\x03\x00\x00\x00\x5E\x06\x3D\x38\x00\x00\x00\x01\x73\x52\x47\x42\x00\xAE\xCE\x1C\xE9\x00\x00\x00\x04"
"\x67\x41\x4D\x41\x00\x00\xB1\x8F\x0B\xFC\x61\x05\x00\x00\x00\x06\x50\x4C\x54\x45\xD3\x00\x36\xE6\x22"
"\x46\x71\xEF\x7E\xA4\x00\x00\x06\x6D\x49\x44\x41\x54\x78\xDA\xED\xDC\x3B\x72\xDC\x36\x18\x00\x60\xD0"
"\x1C\x0D\x0B\x17\x4C\xE7\x92\x47\xF0\x11\xA8\x9C\xC4\x47\x21\xBB\x5C\x43\x37\x09\xBB\xA4\xD4\x11\x58"
"\xAA\x0B\x0B\x15\x1C\x0D\x0C\xC4\x22\xC1\x07\x80\xFF\x05\x42\x3B\x92\x13\x6F\xA3\xD1\x8E\xBE\xFD\x41"
"\xF2\xC7\x73\x01\x29\x1B\xBF\xEE\x95\xF4\x05\x60\xD3\x67\x60\x6B\xA7\x1C\x6C\x87\x1C\x6C\xB3\xB0\xAC"
"\xE4\x18\x16\x95\x1C\xC5\x92\x27\x86\x63\xFB\x9C\x83\xED\x63\x0E\xB6\x59\xD8\xCE\x39\x98\x29\x79\xF8"
"\xD7\xFF\x04\xBF\x3F\xA4\xE0\xA1\xE8\xFC\x37\x5E\x12\x70\xAF\x3E\xCB\x73\x0D\x48\xAC\x46\x5C\x72\x28"
"\x2B\x3F\x49\xB3\x05\x4C\xE9\xBB\xE0\xCD\xA7\x14\xAC\xBE\x04\xEF\x8E\x29\x38\x7A\xFF\x7B\x12\xBE\x93"
"\xE4\x1A\x5A\x8D\x6B\x41\xFD\xC6\xDB\x00\x41\xB6\x10\x0D\x48\xC9\x3E\x31\xAA\xF5\xF9\xCC\xD5\x12\xBA"
"\xE9\x0A\x4A\x6E\x92\x70\x98\x6B\x3A\x05\xAB\x8A\xCC\x16\xB6\xC5\xFD\x93\xC8\x16\x16\x17\x44\xB6\xF0"
"\x6D\x3D\x51\x4B\x24\x1D\xC5\x37\xAC\x3B\x90\x60\x34\xD7\x44\x5D\xD4\x1D\xD2\x32\x09\xFB\xB7\x6F\xE0"
"\xE0\x41\x88\xE1\x92\x4B\x7B\x56\xB0\x5D\x93\x77\xCB\x5F\xA3\x46\x3A\x01\x03\xB9\x96\x80\xE3\x92\x27"
"\x8D\x26\x82\x92\xA7\xE1\xA0\xE4\x89\x58\x65\x61\xAF\x51\x4D\xC6\xAA\xCD\xC1\x45\x0E\x3E\x95\xFC\x0A"
"\xDE\x6B\xC9\x25\xBC\xB5\xC8\xD7\xB0\xEB\x0E\x22\x3C\xCA\x06\xCB\x4D\x46\xE4\x35\x5B\x2E\xE3\xD7\xEE"
"\xE0\x3A\xFE\x51\x4B\xAE\x5E\xF3\x52\x4B\x32\x22\x27\x35\x43\x02\x3C\xFE\x8A\xFC\xB3\x44\xFE\xC9\x71"
"\xF5\x94\x83\x25\xF7\x1D\xC7\xE6\x3A\xAE\xAF\xCC\x62\xCF\x98\x9E\x0B\x72\xD8\xF6\x39\x98\x59\x77\x60"
"\x30\xFD\xDC\x31\xDC\x48\x66\xEF\x2C\xB6\x4F\xE9\xB8\x95\xD4\x52\x01\xC6\x57\x4C\xB0\x65\x9D\x4E\xB2"
"\xEE\x80\x45\xEE\x24\xB3\x77\x51\x64\x2C\x5B\x64\x91\x91\xD9\xBB\x30\x32\x9C\x2D\xD8\xDF\xC4\xEB\x2D"
"\x0F\xE2\xC8\x05\xB0\x5A\xA3\xA5\x91\x21\x1C\xE7\x5A\x42\xE4\xB8\xE4\x08\x2E\xE1\x75\xA6\x97\x1C\x1C"
"\x94\x3C\x11\xFB\xED\x5A\x2A\xF6\xE6\xC0\xC9\xF8\x9C\x6B\x08\xAE\x44\xAB\x73\x17\xB0\xE1\x70\xFD\x6E"
"\xB8\xF9\x85\xD3\x70\x7B\x09\xCF\x39\x78\x42\xDA\xBF\x94\xC8\x5D\x4E\x64\xD9\x9A\x39\x12\xD9\x7E\xC8"
"\xC8\x1B\x2E\x72\x22\x17\x48\xE4\xE2\xE6\xB8\x44\x70\xF9\x6E\xB8\xFA\xA0\xD8\x0D\x50\xAA\x9C\xC8\xD5"
"\x2D\x22\xD7\x12\x5C\xDF\x02\x37\x37\xC7\x0D\x82\xDB\xFF\x22\x1E\xDE\x20\x72\x8B\xE0\x4E\x12\xF9\x1A"
"\x76\x91\x3B\x04\x5B\x49\xE4\xF7\xC3\x16\xC6\xC5\xFF\x10\x97\x37\xC7\x05\x82\xAB\x9B\xE3\x12\xC1\xF5"
"\xC7\xC6\xD5\xCD\xF0\x97\x8B\xB8\x59\x66\xA4\x19\x98\x28\xFC\xC8\x61\x4D\xE4\xD9\xE0\xFA\x33\x18\xB7"
"\xCB\xCF\x82\x8E\x0C\x60\xED\xF0\x48\x34\x83\x23\x19\xB9\x5B\x8B\xD6\x92\xB8\xC1\x71\x7F\x05\x6B\x87"
"\xA9\x5C\x19\x5D\xAF\x82\x45\x36\x97\xB0\x5E\x5B\x5E\x43\xD5\x4C\x0E\x6B\xAA\x41\x99\xA8\x62\x17\x0C"
"\x26\x23\x17\x4C\x23\x3A\xE5\xE0\xD1\xF5\xA4\x20\x2E\xB7\x0F\x27\x23\xDF\x08\x8F\x3C\xB6\x1F\x0D\x57"
"\xC7\x0D\xC5\x71\xC1\x61\x24\xF2\x4C\xE1\x3A\x27\x32\x87\xC9\xC8\xCD\x9B\x60\xEA\x9A\xCB\x9C\xC8\x65"
"\x4E\xE4\x0A\xC1\xED\x55\x6C\x72\xB0\x8B\x3C\xB1\xB8\x46\x70\x77\x15\x9B\x1C\xAC\x57\x43\x36\x43\x64"
"\x64\xCB\xB4\x9E\x5C\x64\x1E\x37\x78\x64\xB2\xC7\xB8\x19\x2E\xB6\xD9\x79\x4D\xE1\x96\xC0\x54\xFF\x4C"
"\xE1\x72\x1B\xB4\x60\x58\x73\x98\x1A\x93\x6C\xA3\x07\x08\x57\xEE\x0F\xD0\xD1\x90\xE6\x30\x35\x0E\x63"
"\xB1\x21\x46\x80\x12\xDC\x65\x60\x7C\x7E\xE4\x86\x1E\x20\xAE\xD7\x9F\xE5\xED\x70\x81\xE0\xE6\xDD\x70"
"\xCB\x61\xE3\xEA\xFA\x25\xAC\x31\x6C\xDF\x22\xB2\xBE\x55\xB1\x0D\x51\xEC\xBB\x9C\xC8\xCB\x66\x28\x0E"
"\x57\x48\x64\x37\x66\xAE\xD2\xB1\x71\x23\x5A\x2E\x72\x6D\x91\x46\xFF\x35\xC9\x66\x2F\xB2\x5F\xC5\x50"
"\xBC\xAD\x3E\x7A\xC5\xD6\xE1\x4E\x3A\x12\x57\x7E\xE4\xD9\x6F\x49\xCD\x36\xDD\xC4\x26\x99\x1E\x1E\x82"
"\xDE\x23\x09\xF7\x42\x3C\x40\x38\xEC\x31\x31\xDC\x3B\x3C\xFD\xB8\x25\xC6\x35\xA0\x26\x1C\x25\x60\x58"
"\x9D\xB0\x76\x1B\xEF\x34\x80\x5B\x00\x1B\xB5\x17\xBB\x5E\xEE\xFC\xB9\x7B\x11\xE3\xD7\xC8\x93\xEB\x87"
"\xA7\x63\xF9\x57\x2F\x1F\x82\x60\x1D\xE1\xCA\xC3\xD3\x9A\x1D\x6B\x41\x14\x98\x23\x0E\x8F\x6E\x48\x74"
"\xC2\xC3\x5A\x17\x61\x3C\x1D\xB8\xD9\xF1\x70\x0C\x13\x5C\x6B\x0F\x6F\xE5\x1B\x23\xAC\x1C\xAE\x4E\xE3"
"\x43\x39\xEE\x4E\x78\x76\x23\x19\x18\x6F\x2B\xEE\x0B\x1E\x1C\xEE\x77\x3C\xB9\xD1\x5B\x2A\xDE\x47\x2A"
"\x15\x8A\xD5\xB9\xD8\x83\x6B\x55\x7C\x5C\x62\x58\x2B\x3A\x72\xBF\xE1\x82\xC0\x15\x82\xB7\x39\x51\x02"
"\x56\x1E\x56\x18\x9E\xD4\x51\x31\xBA\x18\x9B\xFD\x8D\x12\xC0\xC7\x06\x2F\xBD\x63\x1B\xE3\x9E\xC1\x66"
"\xCB\x2C\x79\xE4\xFE\xD8\x46\xFA\xD7\xF6\xDB\x29\xB2\xDE\x23\x57\x34\xB6\x28\x6E\x11\xEC\x9F\xE3\x70"
"\xD8\xEC\x6F\xCD\x14\x36\xFE\x86\x65\x05\xE3\x06\xC6\xDA\xC3\x46\x25\x45\x9E\xBD\x2F\x87\x8D\xFB\x9C"
"\x03\x4F\x7B\xE4\x9A\xC3\x3A\x0D\x4F\xDE\x56\xE7\x19\xC5\x03\xB4\x1D\x79\xF4\xF6\x87\x6F\x58\x03\x91"
"\x01\x3C\x78\x1B\x9D\x27\x0F\x57\x5C\xE4\xDE\xDB\x1D\x3E\xA2\x91\x87\xB5\xBB\x56\x60\x8E\xAC\x71\x7A"
"\x22\x72\x8C\x8D\xBF\xAD\x5D\x21\xB8\xE5\xB0\xDA\x33\x46\x1A\x59\x7B\xDB\xD2\x67\xE5\x3D\x2A\x2E\xF2"
"\xE4\x1D\x3B\xB9\xF7\x71\xED\xE1\x86\xC4\xEA\xB7\xE3\xEA\xA3\xC8\x50\x86\x4D\xC8\x89\x80\xE0\xE1\xBD"
"\x46\x16\x62\x75\xEA\x25\x27\xA2\x56\x8D\x08\x9E\x8E\x6F\x18\xF0\x66\x68\xC4\x8E\x03\x64\xE1\xD7\x0D"
"\x69\xAD\x87\x4B\x21\x5E\x1E\xE9\xE3\xF2\x19\xFB\x22\x2F\xD0\x63\x10\xD8\xFE\x6E\xBD\xC8\x31\x1E\xB8"
"\xA3\x1F\xD3\xD1\x0B\x08\x23\x37\x32\x3C\x70\x47\x56\x28\x0C\x9F\x9A\xAE\xC2\x9A\xD3\xC1\xE3\x30\xF0"
"\x60\x63\x19\xD6\x59\x6C\xF8\xF8\x4C\xE3\xF5\xC2\xD0\xB1\x27\xB4\x1F\x35\xA8\xF2\x25\x3E\xDE\xFE\x8E"
"\x1E\x57\x31\xED\xFA\x44\x08\x0C\x6C\xC3\x75\xCF\x6A\x5E\xEF\xDC\x50\xE1\xB3\x1B\x1B\xEF\x01\x76\x17"
"\x3D\x15\xEC\xA4\xCC\x6F\x81\xCF\x17\x3D\xA8\x60\x01\x1D\xC6\x2F\x60\x9A\xF4\x32\x1C\xE7\x5A\xB7\x88"
"\xEE\x74\x5B\x4A\x1C\x9B\xF8\xB2\x4F\x53\x42\x06\x47\xD9\xB2\xCC\x19\x1A\x21\x06\xF7\x5D\xD7\xA7\xDA"
"\x57\x90\x18\xC8\xB5\xD2\x4F\x52\x0A\xEB\x34\xFC\x07\x3C\xE1\x88\xCF\x55\x41\x8B\x69\xD1\x5A\x25\x9C"
"\xA8\x06\xC6\x8A\xC9\x96\x92\xC4\xD1\xA9\xE9\xBF\x81\x23\x7C\x5B\xA7\x13\xE1\xE8\x60\xE3\x7D\x7C\xE8"
"\x72\xFB\x36\x35\xC6\xE1\xC1\xC6\xB0\x5D\xBB\xDB\xEE\x44\x80\xCD\xF9\xB0\xD9\xF1\x7A\x44\x4F\xD3\x29"
"\xE0\xE6\x7E\xE5\x5B\xA6\x18\x1B\xFC\x48\x66\x02\x16\x95\xBC\xC2\x70\xF4\xC4\x1E\xC0\x16\x19\xC1\xD1"
"\xF1\x5F\x16\xEB\xE0\x91\x78\xAF\x27\x68\xA0\x83\x36\x1F\x5C\xC9\x0B\x22\x72\xB4\xA2\x1F\x66\x0B\x8D"
"\xB9\x92\x77\x24\x8E\x56\x01\x1F\x53\x30\x5D\x4B\x38\x4C\x9E\x16\x6F\x39\x1C\x7D\x29\x30\xA6\xE0\x68"
"\x3B\x61\x9F\x82\xF1\xFF\x06\x21\xC1\xD1\xE2\xE9\x53\x0A\xC6\x72\x4D\x86\x15\xBC\x68\xE6\xE3\x99\x3A"
"\x4C\x1A\xDF\x73\x69\xE4\xE8\x89\x0D\x09\x91\xC1\x73\xEE\x72\x1C\xD5\x92\xE7\x14\x1C\xB7\x6B\x29\x18"
"\xF8\x0A\x4A\xB1\x33\x23\x3C\x5B\x92\x22\x47\xD9\x92\x12\x59\x51\xE7\xDC\x05\xF8\x53\x0E\x0E\xD6\xC8"
"\x13\x31\x7A\xCE\x5D\x76\xC2\xB3\xC8\x89\x7C\xCA\x96\xF4\xC8\xA7\x7B\x7E\x09\x6F\xB5\xE4\x42\xB1\x8F"
"\x5C\xBB\x86\x81\x73\xEE\x73\x02\x8E\xA6\x83\x3A\x05\x97\x29\xB8\x08\xEF\x67\xB8\x0D\xA6\xA7\xF3\xF2"
"\x21\xC4\xFF\x02\x26\x63\x59\x47\xAF\xD7\x0C\x23\x00\x00\x00\x00\x49\x45\x4E\x44\xAE\x42\x60\x82"
}
};

static const binfile_t background_celeste = {"background_celeste.png", 698, {
"\x89\x50\x4E\x47\x0D\x0A\x1A\x0A\x00\x00\x00\x0D\x49\x48\x44\x52\x00\x00\x01\x40\x00\x00\x00\xF0\x01"
"\x03\x00\x00\x00\x4B\xE3\x2F\x28\x00\x00\x00\x04\x67\x41\x4D\x41\x00\x00\xB1\x8F\x0B\xFC\x61\x05\x00"
"\x00\x00\x01\x73\x52\x47\x42\x00\xAE\xCE\x1C\xE9\x00\x00\x00\x06\x50\x4C\x54\x45\x02\x9A\xA1\x0D\x4A"
"\x8B\xFE\xEA\x37\x61\x00\x00\x02\x52\x49\x44\x41\x54\x68\xDE\xED\xD9\x31\xAE\xDC\x20\x10\x06\xE0\xB1"
"\x5C\x50\x92\x1B\x70\x85\x94\xE9\xC8\xB1\x5E\x15\xF3\xAA\x5C\x8B\x77\x92\x20\xE5\x02\x94\x44\x42\x24"
"\xCB\x3A\xCF\x6B\xE3\x19\x18\x67\x51\x92\x02\xD7\xDF\xAE\xF0\x3F\x03\xC6\x18\x7E\x32\x2F\x18\x70\xC0"
"\x01\xFF\x57\xF8\xA3\x3B\xF4\x6C\xB8\xF4\x86\x4E\x73\xA1\x64\x42\xCB\x86\x82\x09\xCD\xCC\x85\x13\x13"
"\x02\xB0\xE1\xC2\x82\xA9\x3B\x8C\x00\xBA\x2F\x0C\x5C\xE8\x01\x54\x5F\xE8\x2E\x40\xD9\x17\xDA\xEE\xD0"
"\x5C\x80\xA2\x3B\x9C\x59\x10\x7A\xC3\x74\x05\x4E\xFF\x06\xDE\x66\x42\x31\xB1\xFF\x2E\x5C\x18\x30\x5C"
"\x82\x9A\x01\x7D\x86\xAA\x27\x74\x19\x4A\x06\xB4\x19\x0A\x06\x34\x50\xB6\xCF\xB3\x30\xBB\x63\x57\x00"
"\xD9\x3C\x19\xEA\x16\xBC\x57\x10\x20\xAA\x16\x0C\x2B\x7C\x91\x2D\xE8\x57\xF8\xB1\x09\xDD\x0A\xF7\x49"
"\x3E\x09\xED\x6F\x38\x73\xE1\xD4\x82\x86\x0B\xE1\xFD\x6A\xC0\xB4\xC1\xA5\x13\x8C\x5C\x18\x36\xA8\xEB"
"\xD0\x6F\x50\xD5\xA1\xE3\x42\xBB\x41\x59\x87\x66\x83\xA2\x13\xDC\xDC\xAE\x2B\xA0\x9A\x77\x03\x3E\xF2"
"\xDE\x75\x05\x54\xF3\xDE\x75\x05\x54\xF3\xBE\x00\x97\x1A\x74\x3B\xA8\x6B\xD0\xEE\xA0\xE2\x42\x59\x83"
"\x86\x0B\x77\xEE\x51\xC3\x16\x9C\x2B\x30\xED\xE1\x44\xC3\x14\xF7\x10\x68\x18\x5F\x0E\x70\xA1\xE1\xA7"
"\x03\xD4\x24\x0C\x1F\x0E\x50\x7D\x27\xE1\xC1\x81\x7C\x63\x42\xF1\x4A\x40\xED\x8F\x70\x06\x1C\xA6\x12"
"\x02\x01\xA3\x3A\xC1\x85\x80\x8E\x07\x83\xB0\x25\xD4\x38\x9C\x4D\x09\x15\x0A\xFD\xC4\x84\xA7\x11\x52"
"\xD0\x9E\xA1\x44\xA1\x39\x43\x81\x42\x60\xC2\x84\xC0\x19\x83\x11\x81\x13\x06\xC3\x33\x10\x30\xE8\x31"
"\xB8\x20\xD0\x61\x50\x23\xD0\x3E\x05\x15\x02\x0D\x06\x25\x02\x81\x09\x13\x0A\xC5\x19\xC6\xE7\xE0\x74"
"\x86\x81\x0B\xD1\xC2\xAC\x35\x84\x76\x61\xD6\x1A\x42\x3B\xEF\xB5\x34\xD0\xCE\x7B\x2D\x0D\xB4\xF3\x5E"
"\x13\xFF\x33\x98\x08\x28\x4A\x18\x09\x38\x97\x30\x10\x10\x4A\xE8\x29\xB8\x14\xD0\x51\x50\x17\xD0\x52"
"\x50\x15\xD0\x00\x9D\x0F\x30\xD2\x39\x41\xF2\xA6\x73\x90\xC0\x19\x62\x0E\x12\xDA\x05\x5C\x5B\x17\xDA"
"\x75\x39\x41\x0F\xCC\x9B\x41\xE3\xFE\x8C\x34\x05\x96\xA2\xF0\xEF\x4B\x6E\x63\xC5\x55\xF9\xE7\x8A\xF1"
"\x54\xD0\x79\xE4\x8C\x07\x52\x9E\xD1\xF8\x62\x5F\x54\x47\x3E\xCE\x17\xA1\xB6\x3B\xBA\x4F\xE8\x88\x3F"
"\xB9\x0E\x83\x9C\x6A\x6F\x9A\x0E\xDB\xC1\x61\x30\x62\xFB\x56\x0C\xA2\x9B\x70\x74\xDF\x63\x90\x37\x0A"
"\x14\xDE\x06\xF9\xA5\x7C\xEB\x21\x76\x52\xE2\x7E\xC6\x65\x5B\x27\x1F\xE9\xF6\x4F\x36\x27\xF3\xD6\x3A"
"\x22\xF9\x9A\x5B\xF3\x1B\xEF\x84\x3D\x88\xF1\x01\x62\xC0\x01\x07\x1C\x70\xC0\x01\x07\x1C\x70\xC0\x01"
"\x2F\xC3\x5F\x5A\x74\x99\x28\x48\xCD\xA8\x5D\x00\x00\x00\x00\x49\x45\x4E\x44\xAE\x42\x60\x82"
}
};

static const binfile_t background_classicube = {"background_classicube.png", 1477, {
"\x89\x50\x4E\x47\x0D\x0A\x1A\x0A\x00\x00\x00\x0D\x49\x48\x44\x52\x00\x00\x01\x40\x00\x00\x00\xF0\x02"
"\x03\x00\x00\x00\x0C\x43\x55\xF8\x00\x00\x00\x0C\x50\x4C\x54\x45\x61\x61\x61\x41\x41\x41\x59\x59\x59"
"\x4F\x4F\x4F\xA5\x00\xEB\x26\x00\x00\x05\x74\x49\x44\x41\x54\x78\xDA\xED\xDB\xBF\xCE\x93\x50\x18\x06"
"\xF0\x87\x56\xA2\xA4\x61\xB3\x9B\x83\x31\x31\xD1\x98\xC6\xA9\xA3\x09\xF1\x0A\x18\x78\xC1\x98\xA6\x72"
"\x09\x1D\x1B\xA3\x09\xBB\xAB\xEC\xDE\x80\x63\x47\x13\x6E\x82\x9D\xD1\x1B\x70\xB7\x08\xFA\x82\xE7\x70"
"\x7A\x80\xD7\x44\x23\xCF\xF0\xE5\xFB\xFA\x95\x5F\xCE\xDB\xF3\x07\x0E\xA4\x58\xB2\x64\xC9\x92\x25\xA3"
"\xF2\x44\x1A\xDC\x45\xB2\xDE\x8A\xE8\xA5\xA8\x57\x12\x1D\x24\xC1\x3D\x5D\x73\x92\xF3\x7C\xFA\x91\xAF"
"\x52\xDE\x86\x9A\x24\x52\x60\x49\x6D\xCE\x32\xDE\x63\xFA\x95\x4A\xC2\xF3\x88\x13\x09\x0D\x19\x8E\x64"
"\x9F\xD4\x09\x04\x38\x27\xC0\x8E\x3B\xE5\x9E\x00\xF8\xEA\x1E\xF2\xC6\x3B\xDE\xC3\x47\x01\x90\xD2\x4F"
"\x6D\xD1\x19\xDC\x48\x02\x3C\xB6\x53\xEF\x8C\x55\x29\x01\x36\x12\x51\x5C\x8F\x48\x19\x90\x0A\x3C\xAD"
"\x7F\x78\x24\x05\xC6\x19\xF6\xAF\xEA\x66\x4A\x81\x74\xC4\x35\x39\xC9\x81\xF5\x5A\xB8\x23\x49\x90\xB2"
"\x35\x0D\x82\x5B\xBA\x66\x2C\xF8\xD2\x65\x50\xD1\xA6\x80\x81\x16\xAC\x5F\x94\x00\x99\x93\x04\xD9\x12"
"\x01\x89\x44\x41\x97\x64\x41\x22\x59\x70\x2B\x0C\x3A\xF4\xDF\x81\xF5\x67\xF8\x97\xF7\x72\x33\x0E\xFF"
"\xEE\x99\x22\x3A\x97\x39\x8E\x34\xC8\xA4\x18\x08\x77\xFC\x85\xDE\xEA\xD2\x05\x8B\xF9\x20\xD6\x1D\x30"
"\x84\x00\x08\xFF\x17\x18\x43\x04\xC4\xE3\x9F\x60\xDA\x20\xB3\x41\xE4\x0D\xF8\xAA\xED\xA5\x39\xE0\xF1"
"\x53\xF3\x31\xD6\x60\x92\xA1\x4E\x39\x0B\xA4\xB7\x3F\x94\x5D\x0D\x9E\xDA\xD6\xCE\x03\xE9\x13\xEA\x6C"
"\x03\xF7\xF8\x6B\x93\xA1\x0C\xEB\x51\x60\x5B\x68\x71\x37\x6B\x8C\xD9\x60\x7F\x3F\x96\xCF\x06\xFB\xB3"
"\xC3\x23\x09\x30\xEE\xFF\xA9\x07\xC3\x11\x20\xBD\xE6\x82\x25\x40\xDE\xCB\xEF\x48\x07\x06\x18\x0F\x26"
"\x05\xAF\x12\x22\x20\x1D\x7A\xFB\x70\xBE\x74\x9D\x0C\xD6\x63\x67\x4F\x92\x20\x15\x1B\x9A\x0F\x3A\x01"
"\x83\x71\x69\x06\xED\x9A\xC7\x20\x47\x03\x6E\x2D\xC1\xAD\x30\xE8\x92\x2C\xE8\x90\x09\x74\x3A\x13\xC4"
"\x12\x24\x61\x30\x17\x06\x3D\x12\x06\x71\x19\x07\x46\x16\xF7\x93\xEC\x41\xD7\x02\xCC\x80\x52\x14\x3C"
"\x00\x6B\x51\xB0\x5E\x53\x7D\x2D\x18\x29\x9B\x6E\x3B\xF0\x8A\x61\x2F\x0A\x12\xE0\xC8\x82\xF5\x7B\x44"
"\x41\x0A\xA5\x41\x2A\xA4\x41\x12\x07\x8F\x76\xA0\x43\x14\xDA\x81\xF4\x5E\xA3\xB9\x3C\xA6\xC7\x83\xB4"
"\x80\xFF\x25\x48\x6D\x94\xB5\x69\x12\x18\xE0\xDF\x02\x5D\x4B\xF0\x51\x66\x09\x6E\x03\x2B\x70\x43\x95"
"\x25\x48\x91\x0D\xB8\x29\xE9\xCD\x55\xBC\xDC\x06\x1D\xDE\x12\x6D\xC9\x7C\x4D\x73\xAE\xCF\xF3\xDA\x41"
"\xD8\x05\x5D\xA2\xD8\x08\xF2\x56\x24\xA9\x00\xCF\x00\xF2\x15\xCD\xF9\x16\xF8\x98\x0F\xDD\xA9\x60\x7F"
"\x92\xD0\xDB\x6F\x44\x95\x19\xDC\x74\x76\x11\xF7\x2E\x66\xD0\x49\x80\xAB\x98\x99\xC0\x75\xEF\x89\xE0"
"\xAA\x34\x82\xEE\x09\x75\xDF\x1D\x4D\x20\x0B\x3F\xB6\xDD\x1B\x33\xD8\x1E\x72\xAE\x7F\x8F\x86\x9E\xF9"
"\x72\x0E\xFC\x82\x16\xE4\xAB\xBE\x4A\x0F\x2A\x0D\x2A\xB8\x68\x1D\xC8\x47\xC5\xF7\x18\x34\x78\x14\xF3"
"\x6B\x7D\x30\xFA\xFD\xB8\x08\x4E\xA8\x7A\x1F\x94\x91\xFC\x0E\xC0\x8B\xDB\x20\x9E\x51\xA8\x80\xFA\x99"
"\x91\x02\x30\x81\xDC\xC6\x02\x56\x60\x52\xD9\x81\x78\x6E\x1E\x83\x9C\x50\x0B\xC6\x23\x9F\x73\x73\x12"
"\x43\xC9\x36\x51\x8A\x2E\x66\x81\xEA\xB8\x79\x85\x39\xE0\x7D\xA5\xE8\x04\x2A\x38\x18\x2F\x50\x36\xDB"
"\x21\xDF\xE7\xE1\x99\x12\x58\x82\x2B\x52\x41\x0A\xFA\x3D\x7D\xAE\xE7\xB2\x2D\x78\xD1\x81\x7C\x95\xC1"
"\xCF\x4D\x18\xE4\xC4\xBA\x65\x5E\x07\x52\xD0\x2D\xBA\xAA\xBB\x5D\x0B\xD2\x2B\xB5\x60\x3D\x48\x9D\x9E"
"\x3E\x9B\xEE\x39\x9C\xD5\x11\xAC\x07\xC3\x5F\x67\x92\xA4\xB5\xF5\x20\x55\xCA\x70\xD3\x81\xED\xAB\xE5"
"\xCF\x21\x9D\xEB\x40\x5E\xCE\x39\xE5\x10\xC8\x45\x9F\x9B\xA6\x0E\x82\x74\x04\xE7\x0B\x19\xC0\x08\x58"
"\xF9\x74\xE4\x7B\x0E\x7C\x16\x18\xEA\x18\x9F\x0C\x60\xDB\xD3\x45\x53\x47\xE3\x97\x7A\xF1\xC4\xCB\x9E"
"\x11\x24\xEE\xB8\xF6\x5D\x6B\xD2\xA7\xE0\x7B\x1D\x46\x30\xEC\x2C\x8E\x21\xDB\x6A\x12\x2E\x58\x0F\xF2"
"\x7F\xB8\xE0\x26\xF9\x70\xC7\xAC\xE9\x36\x18\x71\xC1\x9A\x65\xED\xDC\xFF\x18\x73\x0B\x90\x82\x56\x08"
"\x35\x6B\x79\x02\xEA\x24\xF3\xC9\x00\x9A\x96\xD1\x0B\x4F\x91\x2E\xF8\x86\xEC\xC1\xFE\x3B\x56\x7C\x79"
"\x42\x4A\x2C\xC1\xF0\xF7\xF5\xA9\x4E\x35\x03\xD4\xDD\xFC\x3B\x61\x3A\x18\x68\xCE\xDA\x31\xA6\x83\xA1"
"\xEE\x51\x5C\x31\x03\x0C\xA0\x24\x7F\x05\x59\x70\x03\x41\x90\x23\x0F\x96\xD2\xA0\x3F\x15\x7C\x38\x00"
"\xDE\xBB\x4C\x04\x1F\x60\x20\xEB\x89\xE0\xB6\x1A\x12\x3F\x4F\x04\x13\x0C\x25\x9F\x06\xD2\xD9\x50\xF4"
"\x24\x90\xD2\x21\xD1\x9B\x08\x0E\x16\xBD\x9A\x08\xD2\x41\x1A\xA4\x6A\x06\xE8\xEA\xC0\x64\x06\x08\x1D"
"\x48\x87\x19\xA0\xA3\x03\xA9\xD0\x81\x3B\x2B\x10\xAE\x0E\x4C\x32\xD3\x7E\xC6\x0C\x42\x07\xD2\xAB\xA9"
"\x33\x85\x8B\x66\x50\x5F\xB4\x4F\xB6\x60\x8D\xA8\x60\xAC\xF4\x88\x3D\x08\x15\x54\xAF\xF9\xF7\x63\x40"
"\x47\x07\x52\x35\x65\xC5\xE6\xA2\x55\x30\x56\x36\xFE\xF6\x20\x74\x20\x9D\x94\x82\xED\x41\xA7\x01\xD1"
"\x03\x29\xE3\x85\x6B\x2C\x88\x6D\x0D\x46\xBF\x81\x31\x17\x3C\x1A\x44\x0D\x86\x0C\xF6\x7A\xFA\xF1\xA0"
"\x97\x60\x30\xCE\x15\x0C\x7E\x07\xA9\xE0\x39\xA7\x4D\x61\xBC\x59\xE0\x42\x01\x63\xFD\x9C\xE3\x0A\x8C"
"\xB9\xA3\x82\x94\x02\xFE\x84\x82\x39\x5B\xF5\x18\x1A\x4C\x35\x01\xA4\x2E\xB8\x57\x0A\x9E\x09\xAE\xA9"
"\x9B\x03\x66\x83\xBD\xF1\x93\x64\x02\xE0\x4A\xF9\x00\xE7\x81\xDD\x1E\x3F\x3D\x14\x01\x51\x72\xEF\xCB"
"\x80\x1E\xAF\x1B\x76\xD9\x9B\x40\x7E\xC3\x09\xB6\xF1\x6E\x81\x1B\x1E\x31\x76\x29\x6F\x80\xF0\x47\x7E"
"\x2B\xC9\xBB\x05\x22\xA7\x74\x0C\xB8\xCA\x6F\x81\xDE\x01\xA3\xB2\xBE\x05\xE2\x13\xC6\x65\x6F\x00\x27"
"\x65\x2D\x0D\x62\x37\x05\x5C\xC1\x90\x5C\xB8\x85\xF0\xF4\x60\x34\xB9\x85\xC8\xB5\x60\x81\xC9\x59\xEB"
"\xC0\x23\xA6\xB7\x10\x7B\x0D\x98\x62\x46\x56\x2A\x18\x63\x4E\x0B\xF1\x58\x01\x53\x91\x2F\xEB\x31\x18"
"\x63\x5E\x0B\xE1\xFF\x06\xA6\x98\x9B\xBC\x07\xC6\x98\x1D\xAF\x07\xA6\x98\x9F\x7D\x07\x8C\x21\x10\xA7"
"\x03\xA6\x90\xC8\xFE\x17\x18\x43\x24\xEB\x5F\xE0\x09\x32\xF1\x5B\x30\x86\x54\xCA\x06\x3C\x89\x81\xDE"
"\x0F\x30\x86\x5C\xB6\x35\x98\x0A\x82\xDE\x15\x4C\x20\x99\x1C\x08\x45\xC1\x0D\x90\x61\xC9\x92\x25\x4B"
"\x96\x2C\x59\xF2\x67\xF3\x1D\xBC\xC1\xEE\x00\x99\x44\x96\x1A\x00\x00\x00\x00\x49\x45\x4E\x44\xAE\x42"
"\x60\x82"
}
};

static const binfile_t background_col = {"background_col.png", 1415, {
"\x89\x50\x4E\x47\x0D\x0A\x1A\x0A\x00\x00\x00\x0D\x49\x48\x44\x52\x00\x00\x01\x40\x00\x00\x00\xF0\x01"
"\x03\x00\x00\x00\x4B\xE3\x2F\x28\x00\x00\x00\x01\x73\x52\x47\x42\x00\xAE\xCE\x1C\xE9\x00\x00\x00\x04"
"\x67\x41\x4D\x41\x00\x00\xB1\x8F\x0B\xFC\x61\x05\x00\x00\x00\x06\x50\x4C\x54\x45\x29\xCB\x71\x21\xAE"
"\x60\x8C\x3B\x2F\xEA\x00\x00\x05\x1F\x49\x44\x41\x54\x68\xDE\xED\x9A\x41\x6B\x24\x45\x14\xC7\x5F\xD3"
"\x60\xE5\x10\xA6\xF5\xB6\xC2\x98\x5E\xF0\xE0\x35\xDE\x46\x5C\xB7\x8F\x7B\xF4\x2B\x2C\x78\xF0\x3A\xE0"
"\xC1\x80\x43\xBA\x41\x70\xBC\xC5\xA3\x07\x21\x5F\x63\x0F\x1E\x3A\x44\xC8\x1E\x64\xE7\x0B\xC8\x52\x61"
"\x84\xDC\xDC\x0E\x7B\xB0\x03\x65\x3F\x5F\x55\x75\xCF\x78\xD9\xFA\x3F\x65\x6F\xA6\x20\x4C\x41\x7E\xA9"
"\xCC\x7B\xF5\xFE\xFF\x7A\xD5\x33\x44\xF7\xE3\x3F\x8C\x5C\x0B\x16\x56\x0B\x0E\x4A\xF0\x88\x5B\x1D\x38"
"\x2F\x3B\x25\x98\xB3\x12\xA4\x5A\xB7\xE4\x42\x1B\xCE\x82\x88\x1B\x25\x58\xF6\x1A\x70\x29\x9B\xA3\x5A"
"\x52\x40\x5D\x38\x1E\x34\x4E\x01\x86\xC5\x34\xBB\x13\x6A\xA2\x70\x3A\xD0\x6C\x15\xE1\x78\x70\xB5\xA8"
"\x60\x86\x32\x01\xF3\xB6\x58\xC3\x0D\xCF\x24\x8C\x59\xD6\xD8\x1A\xD5\x6F\x2E\xE0\xA2\xEC\x8E\x61\x38"
"\xB9\x44\xF1\x94\x87\x79\x86\x32\xE4\xC1\x2B\xE6\xEF\x08\x85\x23\x60\x76\xC6\xBC\x25\x54\xBF\x46\xD8"
"\x92\xF9\xB6\x21\x10\x8E\x80\xEF\x54\xCC\x7D\x83\x76\x47\xC0\xC3\x9A\xD9\xB5\x94\xA5\x0B\xBD\x20\x7A"
"\xC0\xCC\xC3\x53\xA2\x2A\x09\xCE\x88\xDE\xF3\xE0\xC3\xF0\x37\x69\xF0\x63\x01\xF9\x38\x4C\xD3\xE0\x87"
"\x1E\x7C\x17\x81\x73\xA2\x2F\x3C\xF8\xA3\x98\x0B\x02\x9F\x78\xF0\x79\x98\x26\xC6\x23\xA2\xCF\x55\xA0"
"\xC8\x7A\xE3\xC1\x5F\x15\xE0\x99\x07\x7F\x09\xD3\x34\x78\xEE\xC1\xDF\x11\x78\xA2\x05\x97\x7B\xF0\x44"
"\x0B\x2E\x91\x51\xE8\x40\xBB\x07\x3B\x04\x9E\x8D\xA0\x45\xE0\x66\xCC\xA3\x45\xFA\x7F\x32\xEE\x8C\x0E"
"\x7C\x1E\xA6\x69\xF0\x4B\x0F\x7E\x0F\x40\xAF\xFF\x8F\x62\x3D\x62\x30\x54\xF8\x0F\xC1\x85\xD2\xE0\xA8"
"\x99\x3C\xE9\xA5\x46\x7E\xFB\x7E\x54\x21\x00\xE5\xE7\x20\xEA\xDA\x40\x70\x74\x0A\x83\x1C\x65\xF2\x1E"
"\x03\x3B\x8A\xD1\xCD\xD2\x46\x51\x88\x7D\x7A\x7F\xBC\x44\xFA\x2F\xFD\x01\x73\xE9\x1D\x17\x82\xBD\xF7"
"\x70\x77\x08\x1D\x85\xC5\x91\x8F\xCB\x6E\x81\x64\xFD\xC1\xB5\x9C\x06\xF3\x50\x62\x69\xF0\x33\x5B\x39"
"\x49\xB5\x4F\x76\x1A\xFC\xA4\xCD\x65\xC9\x7E\x15\x5D\x28\x31\x3E\x6D\xA9\xEE\xA9\x68\x09\xE9\xFF\x9B"
"\x96\x8A\xF1\x08\x4E\x83\x5F\xC9\x69\xC0\x9D\x02\xFC\x5A\x56\x2B\x87\x5D\x73\x91\x06\xF3\x78\x5E\xA6"
"\xC1\x1B\xFF\xFE\x2A\xB7\xEB\x42\xDE\x38\x5E\x05\x3D\x84\x70\x2C\x06\x29\x84\x93\xD6\xFF\x26\x96\xC6"
"\x00\xC1\x17\xF1\x85\x2D\x32\x8A\x97\x63\xB5\x39\xA4\xFF\x11\x34\x8C\xC0\xDF\xC6\x09\x77\xC0\x28\xA6"
"\x53\xBF\xE0\xB4\xFE\x77\x60\xCE\xDB\xB4\xFE\x77\x3D\x4C\x95\x6E\xE3\xCC\xB3\x9D\x6E\x19\x75\x14\xB4"
"\x8B\x5B\x07\x82\x15\xF7\x5A\x2E\xFE\x78\x3B\xE0\x5E\xA2\xE5\x0B\x2D\xF8\x52\x0B\xFE\x84\x5A\x8F\x29"
"\xE1\x3F\xA3\x46\xE1\x5F\x83\xCF\x94\x60\x0D\x3B\x8A\x09\x3C\xD1\x82\xCB\xB7\x03\xEE\x25\x3A\xA8\x41"
"\x8B\x6E\x14\xE3\x70\x00\x7C\x38\xCD\xFE\x02\x1D\x05\x2B\xC1\x8B\xE9\x2A\x01\xEE\x14\xD9\x25\xBB\x49"
"\xAE\x69\xFD\x7F\xCB\xA3\x4A\x15\x60\x4B\x7B\x2F\x7D\x33\xB8\x66\xB6\x1A\xD0\x98\x09\x04\x37\x62\x53"
"\x30\x77\xAB\x58\x8F\x49\xB0\xF0\x60\x5C\x0B\x5C\x3D\x04\xBC\xE5\x60\x54\x35\x04\xAF\x39\xEC\xCE\x69"
"\x1A\x94\xFE\x64\x1B\x33\x94\x06\x8F\x22\x68\x21\x38\x8F\xA0\x3F\x8E\x06\x08\xCA\xED\xB1\x13\xC3\x48"
"\x5F\xE1\x1E\x55\x11\xAC\x11\xB8\x10\x70\xED\x33\xD4\x21\x50\xFE\xF5\x99\x07\x87\x4C\x09\xF2\x45\xFA"
"\x8A\xBB\x2C\x02\xF8\x5A\xD2\x0E\xC0\x9C\x39\x66\xE8\xB6\x03\x46\x51\x8F\xE0\xEB\x34\xD8\x1D\x14\x43"
"\x4C\x25\x00\x6D\x4D\x4E\x07\x4A\x02\x23\x78\x03\x8C\x42\xD4\x2A\x81\x6F\x20\x78\x21\x25\x16\x33\x84"
"\x41\x9B\x07\xF0\xCA\x02\xA3\x90\x37\x19\xC0\x0D\xD4\x7F\x2F\xD1\x94\x2A\xF0\x28\xF3\xA9\xDC\x34\x10"
"\xAC\xDB\x13\x5F\x1A\xD0\x28\xFA\x98\xA1\x73\x08\x76\xA2\x56\x15\x28\xB5\x68\xE5\xE5\x9C\x90\xA3\x08"
"\xD8\x65\x52\x6C\x0A\x47\x91\x0C\x55\x03\xB6\x1E\xA9\x45\x77\x60\x86\xC7\x1A\xA3\x70\x55\xB3\x02\x46"
"\x31\xAE\x58\x77\x84\xC1\x4B\x9F\x4A\xA6\x55\x1A\x34\xA1\x68\x05\xB4\x40\xD6\x11\xF4\x19\x02\x60\x1E"
"\xAA\xDB\x67\x08\x80\xD2\x35\x46\xA3\xB8\xEB\xC1\xC3\x0C\x33\x1A\x05\x00\x97\x87\x74\x1A\x33\x74\x07"
"\x8C\xA2\x6A\xE6\x2A\xB0\x93\x5B\x94\x04\x7E\xA3\xD0\x3F\x37\x46\x67\x14\x2C\x97\xB8\x00\x5A\x04\x76"
"\xE2\x67\x57\x1A\xFD\xCB\x55\x4F\x67\x14\xBD\x74\x13\x10\xCC\xA5\x72\x5C\x41\x47\x92\xA1\x1B\xA8\x7F"
"\x57\xB5\x3E\x43\x0A\xA3\xA8\x5D\x00\x61\x47\x21\xB5\xD8\xE4\x08\x8C\x46\x11\xD4\x7A\xAE\x01\x45\xAD"
"\x3A\xA3\xE8\xA5\x97\x01\x46\x11\x41\x37\x23\x9D\x51\x88\xAC\xE7\x3A\xA3\x10\x59\x2B\x41\xA6\xC7\x50"
"\xD6\xDB\x10\x78\x0B\x8C\x22\x9F\xC0\x0E\x18\x45\x16\x8A\xF6\x4E\xD8\x15\x90\x75\x39\x82\x0E\xE9\xDF"
"\xC4\xD6\x03\x82\x25\x55\xE3\xE6\x00\xA3\xA8\xEC\xCC\xA8\x8C\xA2\x1E\x28\x66\x08\x82\x41\xAD\x8A\xD6"
"\x23\xD6\xE2\x56\xA3\xFF\x5E\x64\x8D\x1D\x45\x7A\x51\x17\x53\x99\x06\xB3\x00\x66\x3E\x95\x58\xFF\xAE"
"\x68\x4A\x03\x41\xAF\xFF\xCA\x92\x0E\x8C\xA9\x04\xFA\xF7\x67\x51\x4C\x25\x00\xD7\x01\xEC\x49\x05\xAA"
"\x64\xBD\x0E\x8D\x82\xF3\xB2\xD6\xE8\x7F\x30\x54\xEB\xC0\xD2\xCE\x2A\x0D\xE8\xAA\x1E\xC8\xDA\x3B\xCA"
"\x75\x90\x75\x03\xF4\x9F\x4F\xFA\xB7\xE9\xCB\xCC\x51\xAC\x45\x27\x19\x02\x77\x14\xA9\xC5\xCB\x00\xBA"
"\x53\xF0\x64\xD6\x8C\x8D\x02\x50\x6B\x21\x9B\xB7\xD6\xE8\xDF\x70\x33\x33\x1A\xFD\xFB\x07\x75\x79\x6C"
"\x14\x00\x58\xF2\x04\xA2\x4F\xD7\x42\xCB\x8C\x8D\x22\x3C\x77\x8C\xB2\x46\xA0\x84\x53\x05\x59\xC3\xCF"
"\x29\xB9\xCB\x15\x8D\x42\x0C\xC7\x83\x7F\x42\x30\xE3\xAE\x80\x6A\x9D\xC2\xC9\x55\x60\x11\xD4\xFA\x0A"
"\x83\x54\xF7\x52\x6C\x1B\x05\x58\x70\x53\x03\x59\x4F\xE1\xD8\x52\x05\x52\x39\x64\x7C\xAE\x01\x0D\xB7"
"\x55\x5A\xD6\xBB\x70\x9C\x29\x55\x60\xC1\xE0\x19\xC5\x3F\x36\xBC\x52\x71\xB2\xE1\x4A\x30\x67\xE5\xB7"
"\x1A\x44\xDE\x4A\xD0\x68\xBF\xA3\x41\x6A\xF0\x01\xDD\x8F\xFB\xF1\xFF\x19\x7F\x03\x01\x36\xC3\x70\xD2"
"\x67\x31\xE1\x00\x00\x00\x00\x49\x45\x4E\x44\xAE\x42\x60\x82"
}
};

static const binfile_t background_collections = {"background_collections.png", 1438, {
"\x89\x50\x4E\x47\x0D\x0A\x1A\x0A\x00\x00\x00\x0D\x49\x48\x44\x52\x00\x00\x01\x40\x00\x00\x00\xF0\x01"
"\x03\x00\x00\x00\x4B\xE3\x2F\x28\x00\x00\x00\x01\x73\x52\x47\x42\x00\xAE\xCE\x1C\xE9\x00\x00\x00\x04"
"\x67\x41\x4D\x41\x00\x00\xB1\x8F\x0B\xFC\x61\x05\x00\x00\x00\x06\x50\x4C\x54\x45\x84\x49\x9B\x9A\x57"
"\xB5\xA1\x91\x02\x2A\x00\x00\x00\x09\x70\x48\x59\x73\x00\x00\x0D\xD6\x00\x00\x0D\xD6\x01\x90\x6F\x79"
"\x9C\x00\x00\x05\x21\x49\x44\x41\x54\x68\xDE\xED\xD9\xB1\x6F\xDD\x44\x1C\x07\xF0\x73\x9C\xC8\xAF\x30"
"\x1C\x54\x62\x76\x84\x88\x04\x8A\xC4\x3F\x80\xC4\x8B\x50\x87\x36\x6C\x55\x1F\x0C\x0C\xFD\x0B\xAA\x4E"
"\xB0\x54\xC8\x2F\xCA\x40\xC7\xAA\x52\xE7\xA2\x08\x24\xFA\xA4\x8C\xA4\x42\x4F\x6D\xBC\x31\xC2\xD2\x29"
"\x2A\x79\x12\xDB\x93\x20\x1E\x0A\xB5\x12\xC7\x87\x7D\x7E\xBE\x3B\xDB\xDF\x3B\xFF\xD2\x06\x16\x72\x4B"
"\xD5\xF6\xA3\xDF\xEF\x77\xE7\xFB\x9D\xED\x67\x26\x88\xE3\x02\x5E\x40\x0B\x1C\x33\xB6\xF6\x19\x01\xE6"
"\x6C\x31\x2E\xF7\xC0\xAC\x86\x6C\xE8\x86\xA9\x82\xDC\x0D\x13\x05\x7D\x37\x9C\x79\xEF\x2E\xA0\xE7\x86"
"\x71\x99\x71\x3A\x7A\xBB\x90\x6E\x38\xAE\xE7\x90\xB2\xC8\x0D\xF5\x5F\xA9\x30\x1E\x3A\xA1\x9E\x42\x1C"
"\x12\x61\xE2\x86\xFE\xD9\x61\xCA\xCF\x07\x06\x1A\x06\xC4\x88\x59\x40\x8C\x98\xF9\xC4\x88\xB9\xE7\x82"
"\xB9\x8E\x98\x5B\xAF\x61\x2B\xB5\x60\x6F\x3C\x26\xA5\x2E\xDB\xAC\xD8\x95\x6B\x7B\xBD\x30\x56\x9B\x9D"
"\x5D\xFB\x22\xB2\xD7\x28\x66\xAC\x39\xAE\xDD\xDA\xC7\x35\x26\xAC\x3B\xDE\x44\x11\x73\x00\x19\x8A\x28"
"\x76\x00\x8C\x10\x2C\xC6\xD1\xFC\x87\x71\x03\x86\x75\x6A\x74\xDD\x4E\xE6\xDF\x6D\x98\xC7\x42\xBB\xC6"
"\x96\xFE\xEB\xFA\xAA\x01\x85\x15\x56\x63\x23\x50\x11\x8B\x92\x36\x0F\xAC\x9D\x9A\xFA\x35\x5C\xAE\x8B"
"\x79\x6F\x77\x1F\x40\xB9\xA5\x24\x6C\x2E\xC6\x60\xF7\x66\x0B\xD6\x11\x05\x58\xBA\xC1\x03\x23\xB6\x25"
"\xA2\x1E\x4B\xEB\x9F\xB7\xE1\x15\x66\x1D\x4B\xEF\x44\x5B\x0A\x96\x4B\x3F\x1D\x5D\xB2\xD0\x60\x4B\xD5"
"\xA8\x8E\xA6\xE7\x93\xBB\xE3\xAE\xD4\x11\x9B\xB3\x3C\x78\x76\x65\xA3\x01\x55\x8D\xA8\xF5\x4E\x26\x3B"
"\xAB\x24\x28\xC7\xCB\x2F\xE5\xB5\x56\xD0\x7E\x2F\x28\xC7\x29\x15\x16\x37\x0D\xD1\xB7\xCD\xAA\x91\x50"
"\x61\x46\x85\xF9\xB9\x43\xBD\x29\x38\x15\xF6\x45\xDC\xA2\x42\xDF\x96\xFA\x1B\x6A\x44\x46\x84\x79\xFB"
"\xD1\x62\xDB\x92\x3A\x67\x81\x25\x62\x03\x26\x65\x0F\x61\xD8\xBC\x0B\xC5\x3C\xAB\xCE\x2F\x90\xBA\x01"
"\x7F\xD9\xC8\xDA\x4F\x2B\x38\xF5\xC3\x17\x03\xD6\xCA\x8D\x27\xF3\x30\x2F\xFB\x90\x13\x22\xCA\x03\xBF"
"\x91\xDB\x87\x35\xEE\x57\x77\x86\x08\xA4\xCE\x74\xC4\x64\x5D\x0C\x2B\xC8\xDD\xA9\x67\x6C\x65\x01\x7D"
"\x00\x8D\x88\x71\xF9\x64\x58\xDD\xBD\x8C\xDC\x60\x1D\x0D\x68\xE4\xF6\x61\xC4\x68\x01\x8D\xE3\x03\xEC"
"\x47\x09\x17\x77\x58\xBD\x85\xB6\xDD\x50\xFF\xAB\x2D\xF5\x98\xB5\x72\x83\x59\x8F\xCB\xAB\x5C\x1F\xA5"
"\x43\x77\x6A\x0D\x03\x47\x6A\x19\x51\x9D\xB4\x64\x18\xB5\x52\x37\xA0\x07\x20\x58\xC7\x12\xEA\xFB\xD3"
"\xD0\x95\xFA\x95\xA0\xB3\x46\xDF\x78\xC5\x88\x5C\x11\x89\xB0\xDC\xB0\x29\x6D\x1D\x11\xDC\x46\x11\x03"
"\x5A\xC4\x12\xAA\xC7\x33\xEF\x3F\x86\x5C\x3F\x42\xFA\x1D\x18\x52\x21\x7F\x35\xA8\x1E\x73\x1D\x3B\x3C"
"\x2F\xCF\x5A\x07\x34\x6B\x44\x30\xC0\x11\xD5\xF3\x0C\xEF\x49\xED\x80\x66\xEA\xA1\x6E\x99\xD0\x19\x11"
"\xC1\x80\x0A\xBB\xA9\x4B\xD8\xED\x2D\x05\x53\x13\x46\x00\xC2\xD4\x4E\xA8\x22\x16\x7D\x15\x75\x7B\x0B"
"\xCF\xDA\x09\xCD\x88\xA0\x5B\xF3\x3A\xB5\x7E\xBD\x2C\x61\xB7\xB7\x54\x8D\x69\x48\x84\x19\x86\xFA\x0C"
"\x47\x35\x7A\xA0\xB7\xF2\x80\x08\x61\x8D\x9E\x6E\x19\x10\x91\x43\xA8\xEF\xAF\xDD\x88\x29\x15\x66\xC5"
"\xFF\x76\x5B\x26\xEF\xCE\x3A\xC5\x10\xA5\x46\x50\x60\xD8\xED\x2D\x70\x65\xD2\x22\x4C\x17\xC2\xD4\x67"
"\x80\x6A\x4F\xE8\x26\xA6\x42\x18\x91\x6B\xA8\x5A\x06\xC0\x84\xF1\x9C\x04\x53\x2A\x4C\x58\x88\x7E\x6C"
"\xEB\x81\xAA\x09\xF3\xD7\x83\xA0\xB7\x5E\x0F\x0E\x9D\x70\x68\x40\xD0\x5B\x38\x22\x0D\xCE\xE8\x11\x23"
"\xD0\x5B\x39\x07\x11\x21\xEC\x4E\xC6\x84\xC6\xEF\x4F\xA8\xC6\x28\x26\x42\xD4\x84\xBA\x46\x23\x35\x6A"
"\x42\x58\xA3\x13\x26\x61\x0F\x04\xCB\xE3\xA1\x26\x04\xA9\x63\x0C\xC1\x64\xE8\x11\x41\x6F\x55\x07\x6D"
"\xB3\xC6\xD8\x47\x50\xA5\x4E\x86\x3D\x10\xA4\xF6\x41\x6F\x19\xEB\xD8\x07\x41\x8D\x81\x86\xCA\xE9\xC9"
"\x18\x11\xDD\xD0\xA8\x31\xC8\x01\x04\xB3\x1E\x1B\x07\xAE\x3B\x22\x17\xBF\x2E\x9C\xF1\x6E\x06\x66\x3D"
"\xE6\xEA\x01\xC0\x73\xA7\xE6\xEA\xFD\xC8\x77\xCE\xBA\x84\x89\x1D\xA6\xE6\x64\xEA\xDC\xBE\x3B\x35\x13"
"\x75\xEE\xC0\x9D\x9A\xA9\xDC\x7D\x90\xD5\x3F\xF5\x05\xEE\x1A\x65\x4F\xC9\xDC\xDC\x59\x63\xB9\x7E\x51"
"\xE7\x8D\x3D\x83\xB0\x10\x79\xB3\x65\x6C\x70\xF1\x3A\x1C\xF6\x4D\xA6\x7E\xF5\x09\xFB\x6A\x94\x55\x36"
"\x5A\x06\x6E\x5C\x56\x55\x19\xF7\xC1\xC5\x29\x1A\xA5\x7D\x50\x7C\x2B\xE1\x8A\x68\xFC\xFA\x80\xA0\x78"
"\x51\xF5\xF4\x0C\x43\xF3\x77\x93\x63\x39\xF1\xA4\x37\x62\xB1\x18\x65\xFA\x9F\xC6\xA2\x17\x0A\x71\xAF"
"\xD8\x8D\xBF\x53\xA0\x98\x07\x3F\x0B\xD1\x57\x23\x18\x59\x68\x8B\xD8\x86\xFC\xCC\x30\x3A\xAF\x88\xE1"
"\xB9\x47\xAC\xE1\x8C\x5D\xDE\x3B\x24\xA5\xAE\x36\xD7\xA5\xF5\xDB\x34\x28\xC7\xF2\xEE\x63\x47\x8D\xAC"
"\x35\x96\x36\x0F\x68\xB0\x6A\x9D\xF5\x5B\x0B\x98\xD6\xA9\x67\x1F\x3F\x1A\x30\xCB\xB8\xBF\x67\xD4\x38"
"\x5B\x79\x72\x54\xFC\x31\xB9\x6B\xD3\xCD\xC9\x2C\x4F\xA7\xA5\xFE\x04\x40\x54\xE3\xD1\x1D\x21\x0E\xE7"
"\x3B\xAE\x88\x7A\x7C\xF0\xE1\x9F\xC5\xBF\xCE\xEF\x8D\xDB\x70\x06\x0B\xFB\xE8\xB7\xE2\xBF\x8E\xE5\xD7"
"\xA4\xD0\xB9\x3C\x72\x7C\x3A\xDD\x37\x97\x87\xB9\xC7\x80\x0A\x19\xEF\x4F\x5D\x8D\xF0\xDF\x83\x5C\x9C"
"\x4C\xBE\x27\xC0\xB4\xBE\x9D\xCD\x1F\xAD\xBA\x21\xFB\x51\x77\xC2\x09\xD0\x35\x94\xB7\xC9\xB5\xD1\xDF"
"\x47\x7A\xAF\x1E\x4F\xAE\x02\xA8\x9F\x23\x56\x46\x7F\x18\x4F\x31\xA7\xA3\xF7\x9B\xB0\xF5\x41\x6C\x69"
"\xF4\xF5\x53\x1D\x3B\x9F\x6C\x6A\x08\x3E\x44\x79\xA3\x3B\xEA\x43\x9B\xFC\x9E\x2E\xA1\xF5\x1A\x3E\xB8"
"\x79\xBB\xD8\x14\x4C\xC1\xD3\x1B\xD6\x2E\x28\x2A\xB9\xA1\xBF\x69\xCA\xF1\x64\xF4\x96\xCD\x8A\x06\x94"
"\xE3\xAB\x09\xF8\x2A\xE7\x01\x28\xC7\xE1\xA8\xD9\xBD\xBE\x0D\xCA\xF1\x7C\x72\xBF\x86\x81\x13\xCA\xF1"
"\xF2\x59\x79\x81\x78\x3F\xAC\xB4\x20\x42\x71\x01\xFF\x57\x50\x88\x7F\x00\x7C\x5C\x40\x63\x22\x39\x67"
"\x92\x00\x00\x00\x00\x49\x45\x4E\x44\xAE\x42\x60\x82"
}
};

static const binfile_t background_doom = {"background_doom.png", 957, {
"\x89\x50\x4E\x47\x0D\x0A\x1A\x0A\x00\x00\x00\x0D\x49\x48\x44\x52\x00\x00\x01\x40\x00\x00\x00\xF0\x01"
"\x03\x00\x00\x00\x4B\xE3\x2F\x28\x00\x00\x00\x01\x73\x52\x47\x42\x00\xAE\xCE\x1C\xE9\x00\x00\x00\x04"
"\x67\x41\x4D\x41\x00\x00\xB1\x8F\x0B\xFC\x61\x05\x00\x00\x00\x06\x50\x4C\x54\x45\x6D\x36\x00\x7F\x40"
"\x00\x90\xB8\x88\x05\x00\x00\x00\x09\x70\x48\x59\x73\x00\x00\x0B\x13\x00\x00\x0B\x13\x01\x00\x9A\x9C"
"\x18\x00\x00\x03\x40\x49\x44\x41\x54\x68\xDE\xED\xD9\x4D\x6E\xD4\x30\x14\x07\xF0\x17\x59\x10\x81\x50"
"\x7D\x81\xAA\xE6\x08\x1C\x00\xD5\xDC\x84\x6B\x74\x51\xC9\xBE\x19\x3E\x02\x3B\x96\x58\x9C\xC0\x0B\x16"
"\x11\x0A\x13\xEC\x64\xA6\xAA\xBF\xE2\xFF\x4C\x42\x87\x05\xD9\x44\xCA\xFC\xE6\xF9\x23\xF6\x8B\xE3\xD0"
"\x04\x1E\xFF\xE1\xDF\x87\x3F\x14\x00\x83\x31\xB2\x0D\x5D\xB8\x6E\x78\x1B\x6A\xF2\x21\x75\x1B\x1E\x88"
"\x84\x87\xAC\x09\x07\xA2\xDE\xFF\xD6\x86\x96\x02\xD2\x5D\x13\x1A\x22\x8F\xA8\x0D\xC9\x1F\x0A\x89\x18"
"\xA0\xF4\x4D\x6F\xC1\x43\x80\xDC\x57\x40\x35\xE0\x78\x82\xAD\x88\x43\x80\x0C\x88\x08\x43\x17\x60\xE7"
"\x7B\x53\x22\x90\x94\x6D\x42\xBB\x40\x07\x42\xE9\xC2\xC8\x58\x85\x66\x86\xE2\x0C\xC8\x21\xC8\x87\x30"
"\xD6\x56\xA1\x5E\xA0\x43\xE1\xF0\x7C\x9C\xAD\xC0\x1E\x86\x7E\x6C\xA0\x11\x5B\x70\x76\xC4\x46\x7A\x36"
"\x2A\x5E\x1C\x4A\x04\xD2\xA3\x87\xBF\x38\x00\x3F\x7A\x68\x19\x00\xEF\xFC\xC0\xD0\xA7\x6A\xAE\xC1\x77"
"\xB3\xBD\x69\xC3\x1B\xA2\x5B\x7F\xFA\x52\x85\x87\x23\x7C\xBD\x9C\x44\x33\x22\x5B\x4E\x6F\x50\xD8\xA1"
"\x70\x69\xF7\x1A\xEC\x9A\x50\x53\x74\x88\xDD\x61\xBF\x1D\x9A\x18\x32\x14\x76\x55\x68\x63\x48\x55\xE8"
"\x12\xA8\x76\x87\x12\xAD\x63\x15\x9A\x4B\xA1\x98\xB0\x3B\xF3\x17\x20\xBF\x1E\xEC\x27\xB0\x7B\xFE\x3D"
"\xF8\xFB\x33\xD8\xEA\x41\x80\xAD\x76\x37\x04\xC2\xB7\x29\xA4\xEF\x45\x68\x33\x17\x2A\x89\xC1\xBE\x08"
"\x0D\x1A\x51\xE7\x50\x94\xE0\x81\x40\x38\x12\x58\xF4\xB0\x05\x16\x5B\x6D\xB7\x40\x9F\x7D\x08\xE9\x9D"
"\x90\x2B\x72\x48\x20\x1C\x09\x2C\xDA\xED\x0E\x87\x6D\x11\x0B\xFD\x68\xD1\x88\xFB\x43\x53\x84\x12\x85"
"\xEA\x25\xA0\x46\xEB\xF8\x52\x90\xE7\x90\xB6\xC1\x0E\x2D\x9A\x60\x28\x50\xC8\x51\xC8\x76\x87\x04\x76"
"\x4F\x01\xC2\x11\xCD\xF5\xA0\xBD\x34\x62\x87\x42\xA6\x2B\x50\xA3\x30\x2B\xDA\x82\x8D\x61\x35\x98\xE6"
"\x47\xE6\x2A\x30\x7D\x14\xF6\x43\x05\x66\xAB\xF5\x11\x85\x53\x0D\x26\x45\xF3\xD3\x3F\xDB\xD0\x60\x50"
"\x9C\xD2\x7F\x1B\xFE\xC4\xA0\x3C\x5D\x01\xA0\xBD\x12\x54\x67\x44\x34\xD7\x83\x5B\x5B\xAD\x2F\x87\xAE"
"\x0C\x93\x69\x28\x50\xC8\xAB\x45\xE7\x2F\xAE\x5B\x61\x92\x01\x3A\xAB\x1C\x04\xE7\xFD\x33\x0C\x72\x14"
"\xF6\x58\xF7\xF8\xE6\x0C\x75\xF8\x3E\x6A\xCE\x0A\xFC\x10\x85\x7C\xA8\xC3\x87\x08\x3E\x96\xA1\x7E\xFA"
"\x09\x80\x2A\x82\xF7\x2B\x30\x1A\x6B\x52\xD7\xA1\x01\x60\xB8\xA8\xA2\x05\xAC\x30\x75\x18\xA5\x7C\x61"
"\x4B\x70\x4E\xD9\x2A\x4A\xF9\xBC\x08\xE7\x58\x13\x00\xDD\x72\xF1\x79\xB3\xB9\xDB\x04\x43\x31\x5D\x02"
"\x87\x1A\x64\x08\x34\x39\x5C\x1E\x5E\x15\x48\x97\x40\x7E\xD8\x0C\xBB\xA4\xC3\x57\x60\x7C\xAF\xAB\x90"
"\xE2\xD7\x1F\x59\x84\x73\xBF\xA8\x68\x72\xAB\xA9\x0E\x0D\x0A\x35\x08\x65\x04\x97\x8B\x65\x48\x31\xA4"
"\x2D\x90\xCE\x8A\x78\x17\x41\x55\xEF\xC7\xDB\x18\x3A\x10\x4A\x14\x0A\x07\xD6\xB1\x3C\x5D\x67\x78\x7F"
"\x19\x64\x06\x2C\xBA\x2B\x66\xB3\xF9\xDF\x71\x87\x53\x1D\xC6\x45\x2F\x47\x11\x8A\x36\xFC\xFA\x09\x83"
"\xC7\xD9\x27\x9B\xF0\x38\xA9\x84\x06\xA1\x84\xA1\xD9\x1B\x2A\xBB\x3B\x74\x2D\x78\x4C\x4E\x72\x40\x23"
"\x1E\x50\x58\x78\xE1\x8C\xA1\x45\xE1\x53\x44\x83\x42\xDB\x80\xC3\xEE\x70\x3C\x13\x4E\x4D\x78\x38\x45"
"\x4C\xEF\xE1\xAB\x74\xCE\xD4\xE0\xB7\x14\xEA\x32\x64\xD9\x16\x89\x29\x37\xA6\xCF\xA0\x2B\x43\x56\xD9"
"\xBC\x42\xA0\x5B\x60\xF6\x75\xE8\x72\x38\x16\x61\x61\x63\xE8\xF8\xA8\x48\xA1\xAA\x2C\xE2\x50\x58\xF8"
"\xE8\x53\x5E\x68\x16\x3E\xFA\xA0\x90\x6F\x84\xF9\x2C\x64\xE5\x05\x3B\x0C\x65\xBE\xF7\x92\xC3\x70\x0F"
"\x45\x16\xB1\x2B\x43\x8E\xC3\x56\xA6\x98\x96\xA9\x0D\xC1\x10\xB1\x47\xA0\x9D\xA1\xDE\x31\x62\x80\x0C"
"\x89\x38\xA0\xD0\xA2\x70\x59\xBB\x26\x90\xE8\x0F\xE3\xFC\xB8\xB2\x32\x4E\x25\xC7\x00\x00\x00\x00\x49"
"\x45\x4E\x44\xAE\x42\x60\x82"
}
};

static const binfile_t background_duke3d = {"background_duke3d.png", 770, {
"\x89\x50\x4E\x47\x0D\x0A\x1A\x0A\x00\x00\x00\x0D\x49\x48\x44\x52\x00\x00\x01\x40\x00\x00\x00\xF0\x01"
"\x03\x00\x00\x00\x4B\xE3\x2F\x28\x00\x00\x00\x04\x67\x41\x4D\x41\x00\x00\xB1\x8F\x0B\xFC\x61\x05\x00"
"\x00\x00\x01\x73\x52\x47\x42\x00\xAE\xCE\x1C\xE9\x00\x00\x00\x06\x50\x4C\x54\x45\xD1\x5A\x03\xC7\x36"
"\x03\x98\xE6\x4E\xCB\x00\x00\x02\x9A\x49\x44\x41\x54\x68\xDE\xED\xD8\x4D\x6E\x9D\x30\x10\x07\xF0\x41"
"\xA8\x62\xE9\x23\xB8\x47\xE8\xB2\x8B\x4A\x1C\xA5\x47\xE8\xB6\x8B\x28\xF8\x68\xBE\x49\x7D\x04\x2F\xAD"
"\xC8\x81\x02\x51\xF8\xF0\xC7\xF0\x7F\x0F\xB7\x34\xD5\x63\x17\xE5\xA7\xC1\x1E\x8F\xC7\xF8\xD1\x00\x3E"
"\xF4\x80\x0F\xF8\x80\x0F\xF8\x01\xE1\x4B\x87\x41\x47\xD4\x42\x90\x88\x6A\x04\xF6\x23\x24\x89\xC2\x16"
"\x85\xA2\x24\xF4\x13\x6C\x8A\x43\xF1\x3F\x45\xBC\x10\xCA\xE2\x6B\x2D\x8B\x17\x6E\x51\xE8\xD1\xAD\xE0"
"\x50\x68\xD1\xF4\x58\xB4\x7A\x60\x68\x6E\x82\xA2\x38\x94\xE8\x64\xE4\x25\x11\xED\x4D\x4B\x58\xB4\x28"
"\xDC\x4D\x1D\x17\x81\xD3\xA9\x40\x1D\x02\xD5\x07\x81\xC3\xBF\x0F\xAB\xB2\x50\x83\x07\xFB\x04\xE1\x88"
"\x58\xF5\x4C\x70\x8C\xF9\x0B\x83\xF4\x44\xDF\x31\xB8\x9B\x11\x0F\x37\x95\x71\x00\x25\x0A\x1B\x14\x56"
"\x28\xAC\x81\xEA\x79\x7B\x60\xD8\x1D\x37\x00\x04\xFA\x15\xB6\xC7\xBD\x27\x48\x64\xBE\xE3\xBE\x3D\x02"
"\x85\x0D\x0B\x35\x0A\xD7\xEC\xAC\x19\xA7\x5C\xD7\x43\xA0\x47\xA1\x43\xE1\x66\xD2\x6B\xF9\x1C\x41\x36"
"\xA2\x46\x23\xC2\x50\xA1\xAF\x26\x30\x62\x8F\xC2\x6D\xBE\xD9\x57\x7B\x34\xA2\x43\x23\xC2\xD0\xA2\x50"
"\xA3\x90\xC0\xC9\xEC\xD2\xB8\xB6\x0A\xE2\xB3\xB3\x6E\xEC\x13\xD0\xED\xA1\xCC\x42\xBB\x87\x22\x0B\xCD"
"\x1E\x36\xE7\xA1\xBE\x13\xD6\x59\xA8\xD0\x88\x0A\x8D\x48\x97\xC1\xFE\x3A\xE8\xAF\x83\x41\xDD\x2E\xBB"
"\xEB\x2F\x40\x7B\x2F\xA4\xF2\xB0\xBB\x0E\xB6\xD7\x41\x39\xBC\x62\x50\x0C\x56\x22\x6B\x3D\x76\x00\x53"
"\x1F\x46\x6C\xE6\x82\x54\x53\x8A\x78\x28\xE6\x4F\xFC\xB9\xAF\xF0\xB0\x9D\xFA\x8B\x9F\x17\xFC\x00\x4E"
"\xAD\xED\xE7\x3C\x75\x1E\x76\x13\xFC\x3C\x4F\x9D\xD8\x86\xBB\x34\xCB\xA6\x10\xAC\x96\xBF\xEA\x18\xEA"
"\x24\xAC\x78\x58\x17\x87\xCD\x3A\xE2\x18\xAA\x1D\x5C\xB2\xDA\xB1\x50\xE0\x70\x29\xBA\x96\x85\x72\x85"
"\x92\x9D\xCC\x06\x0A\x34\x62\xCD\xC2\x76\x85\x15\xFB\xEA\x76\xBB\x83\xC0\x31\x12\x5B\x3D\x6D\x71\x28"
"\xD1\x31\xDE\xF0\x6A\x8F\x46\x64\xE0\x3E\xE1\x7D\x1E\x12\x08\xFB\xBB\xA0\x64\xA0\x0B\x3E\x8E\x30\x58"
"\x33\xD0\x06\x07\xA6\xCA\x41\x83\x42\x1D\x40\x9D\x83\x0A\x85\xE1\xA1\x6E\xCE\xC2\x3E\x84\x36\x03\x7D"
"\x78\xFA\xC3\xD0\x67\xA0\x0B\x0F\x75\x18\x0E\x19\x68\xEF\x87\x1A\x85\x26\x0D\x4D\x04\x2D\x02\x3F\x6D"
"\xA7\xC7\x5D\x14\xC4\x76\xAD\x38\x28\xF3\x50\xC5\xD7\xA8\xF2\x50\x15\x87\xFA\x1C\x24\x0C\xFE\xE8\x13"
"\x97\xC7\x04\xEC\xAB\x14\x34\x31\xF4\xD4\x27\xEE\x09\x09\xE8\xE8\x39\xF1\xB1\x6E\x53\xF0\x09\x83\x36"
"\x84\x94\x85\xDF\x30\x68\xE8\x6B\x02\xBA\x18\xEA\x08\x76\x49\xF8\xAA\x40\x38\x0E\xE6\x0B\x04\x0D\x51"
"\xEA\x63\xDD\x47\x50\xC7\xB0\xDB\x6C\x9A\xEC\xC5\xFA\x3D\xE2\x08\x1B\x85\xC0\xB1\xF4\xA4\x86\xA0\x22"
"\x69\x21\xA8\xA9\x75\x3B\x18\xBB\xF7\x12\xEF\x3C\x04\x4D\x33\xCF\xFC\x18\x5A\x31\xFF\xEF\x18\xBE\x88"
"\x79\xFC\xD9\xAB\xFA\xEE\xC7\xD9\x3F\x0B\xFD\x19\xD8\x6C\x0A\x26\x7F\x2B\xDB\x46\x84\xA1\xC1\xE1\x6F"
"\xB9\xA6\x6E\x35\x47\x57\x57\x6A\x00\x00\x00\x00\x49\x45\x4E\x44\xAE\x42\x60\x82"
}
};

static const binfile_t background_favorite = {"background_favorite.png", 1405, {
"\x89\x50\x4E\x47\x0D\x0A\x1A\x0A\x00\x00\x00\x0D\x49\x48\x44\x52\x00\x00\x01\x40\x00\x00\x00\xF0\x01"
"\x03\x00\x00\x00\x4B\xE3\x2F\x28\x00\x00\x00\x01\x73\x52\x47\x42\x00\xAE\xCE\x1C\xE9\x00\x00\x00\x04"
"\x67\x41\x4D\x41\x00\x00\xB1\x8F\x0B\xFC\x61\x05\x00\x00\x00\x06\x50\x4C\x54\x45\x21\xAE\x60\x29\xCB"
"\x71\xA5\x36\x8B\xE8\x00\x00\x00\x09\x70\x48\x59\x73\x00\x00\x0D\xD6\x00\x00\x0D\xD6\x01\x90\x6F\x79"
"\x9C\x00\x00\x05\x00\x49\x44\x41\x54\x68\xDE\xDD\xD9\x3D\x8E\xDD\x36\x10\x07\x70\x6A\x85\x85\x00\xBB"
"\x78\x95\x9D\x52\xEE\x0D\xC3\xAD\x3B\xF9\x12\x81\xCB\xCD\x0D\x72\x04\x71\x6F\xE2\xD2\x9D\xAB\xC0\xA5"
"\x95\x1B\xE4\x06\x51\xB9\xA5\x02\x2C\x62\xC1\xD0\x92\xD1\x17\x39\xC3\x99\xE1\x87\xED\x4D\x63\x15\x6B"
"\xBF\xB7\xBF\xFD\x93\x43\x4A\x94\x04\x2A\x5B\x78\xFC\x84\xD0\x3C\xED\xCB\xE0\xAC\xAA\x9B\x22\x38\x2A"
"\xA5\x5E\x96\x40\xBD\x42\x75\xDD\xE7\xA1\x3A\x8E\x8F\xA5\x50\x3D\xC9\x40\xE3\xA0\xAA\xD2\x70\x51\xDD"
"\xC3\x29\xFB\x0C\x5C\x7F\xBC\xDF\x61\x97\x84\x73\xBD\xFD\xBC\xDF\xE0\x25\x0D\x9B\xFD\xFF\x46\x17\x42"
"\x6B\xEF\x54\x93\x84\x93\xCF\x19\xEA\x42\x38\x55\x69\xD8\xBA\x8F\x4B\x29\x34\xAA\x10\xDA\xE8\x88\x53"
"\xA8\x4B\x13\x75\x69\xE2\x50\x0C\xBB\x14\x1C\xBF\x07\xB6\x49\x08\x31\xE3\x25\x05\x51\x1F\xC7\xA6\x30"
"\x31\x3A\xD9\x14\xCE\xB1\x0B\x8C\xC3\xC8\x55\x4B\xE1\xB2\x5D\x0F\xCF\x0B\xE0\x71\xE5\x5E\x7D\x8E\x41"
"\x98\xB8\xF3\xB2\x7D\x27\xC2\xE1\x0D\xF4\x4B\x47\x16\x8D\x23\xF1\x85\x52\xCF\xCE\x2F\x26\xBF\x68\x84"
"\x0B\xE1\x91\x88\xFB\x75\xE7\xD7\x97\x67\x32\xF4\xFD\x7A\xF0\xF2\xEA\x6F\x19\xFA\x15\xF2\x2F\x4F\xDF"
"\xC9\x50\xA9\x4F\xC7\xB7\xF7\x8A\x2D\x84\x04\xFA\x7E\xBD\xF5\xDF\x7C\xC4\xB0\x42\xFD\x62\x35\x3D\x47"
"\xB0\xC1\xFD\x3A\x57\xFD\x6D\xC9\x3A\xFF\x16\xE0\x76\xB6\x7E\xF5\xD2\xD5\xF4\xDE\x7D\xD1\x79\xD8\x86"
"\xBF\x70\xFD\x72\x7F\x7B\xF1\xB0\x8B\x8C\xF5\xD9\x7C\xE3\xA0\xBF\xEA\xA1\x5F\x0A\xD7\x54\xFB\x44\x38"
"\x79\xA0\xF9\x5F\x8F\x2F\xB6\xF1\xA8\x58\xA2\x58\xD3\x3A\x1E\x1E\x5A\x7C\xB0\xB1\x9E\x22\x10\x4D\xE0"
"\x51\x93\xD9\xD6\x42\xD6\xB4\xEB\x17\x9E\x27\xDD\xC9\x89\x96\x9E\x3F\x09\x88\x6A\x7A\x72\x5C\x7C\x31"
"\x88\x6B\xBA\x49\x43\x98\xA7\xCA\xC3\xC8\xAD\xC0\xCF\xD3\x6F\xE9\xC4\xF5\x38\xE7\xE9\x45\x26\x11\x6A"
"\xEA\xB3\xF0\xAC\xC9\x25\xD2\x35\xF1\x1F\xFC\xE1\x2E\x01\xFF\x0C\x3E\x3D\x40\xD3\x14\x92\x9B\xCD\x14"
"\x85\x64\xEE\x97\x28\x24\x77\x4E\x13\x87\x1D\xFF\x43\x09\x1A\x0A\x75\x14\xB6\x32\x34\x04\x2E\x31\x48"
"\x13\x67\x0A\x07\x97\x58\x53\x48\x6E\x88\x83\x95\x9B\x9E\x18\x8C\x24\x8E\xF4\x79\x2A\x96\xC8\x61\x24"
"\x71\xA0\x50\xDB\x18\xAC\x23\x4D\x93\xEF\x35\x85\xB1\x44\x55\x0E\xAB\x22\x68\xA2\x70\x09\xE1\x76\x6F"
"\xFF\x51\x18\x0E\xDB\xCC\xE0\xAD\xDC\xC7\x59\xD1\xE7\xF6\x48\xE2\xC4\xE0\xAD\x0C\x47\x45\x1F\xF0\xAB"
"\x52\x18\x49\x1C\x4A\x13\x37\xD8\x96\x40\xCD\xA0\x6B\x7A\x0E\xA1\x2A\x4D\x74\x37\x5E\x0E\xE7\xE0\x6B"
"\xC3\x61\x2D\x36\xBD\xB8\x3B\x74\x2E\x51\x80\x72\xE2\x5C\x9A\x38\xB9\x7B\x3E\xF4\xBA\x16\xE0\x1F\xC7"
"\xFD\xA2\x96\x9B\x76\xF0\xDF\x0F\xEE\xAE\x96\x49\x84\x47\xAF\x2A\x0D\xD5\xB7\xC3\xE0\xF4\xF1\x70\x12"
"\x60\x55\x0A\x71\x24\x40\x77\xAE\x68\x04\x51\xDD\xA6\xA1\x7D\xD4\x72\x24\x4F\x1C\x30\xBC\xE6\x89\x1E"
"\x8E\x4A\x8C\xE4\x89\x53\x00\x7D\xE1\x4B\x93\x86\xFE\x7A\xE0\x70\x56\x62\x24\x87\x26\x84\x6E\x61\xF1"
"\xC5\x8C\x19\xC8\x13\x2D\x81\x1D\x81\xF0\xFE\xA8\x1F\x0B\xFA\xA1\x1D\xE4\x3E\x5E\x18\x24\x03\x69\x0B"
"\xA1\x1B\xC7\x99\x37\x1D\x8E\x78\x1D\x4F\x5C\x02\xE8\xCE\xBE\x99\x43\xF3\x7D\xB0\x8B\xC3\x70\x20\x7B"
"\x0A\x87\x08\xB4\x89\xC4\x41\x28\x1A\x25\xC2\x7D\x0A\x5F\x0C\x7E\xE9\x9B\x5B\xDE\xF4\x24\x14\x2D\x26"
"\xE2\x11\xF7\xA7\x8A\x94\x38\x0B\x45\x23\x08\x89\x8B\x50\xF4\x71\x62\x13\x88\x46\x1C\x96\x29\x29\xD1"
"\x0A\xA3\x23\x26\xA2\x11\x87\x85\x5D\x84\x03\x2F\x1A\xA0\x16\x21\x1A\x5C\x29\x71\xE4\xA3\x23\x27\x8E"
"\x7C\x74\x10\xB4\x02\x44\x2B\xEE\xD4\xA5\x8A\x69\x32\x89\x03\x1F\x9D\xE3\x34\x8C\xC2\x4E\x68\x3A\x07"
"\xC5\x44\xCD\x47\xE7\x7F\x80\xBE\x8F\xF8\x69\x51\x95\x26\x26\x61\x95\x83\xFD\xB7\x36\x8D\x12\x4D\x69"
"\xA2\x51\xA9\x01\xCF\x25\x0E\x7D\x0A\x76\x42\xD3\x08\x2E\x12\x1C\x1E\x07\x66\xFA\x38\xA7\x12\xCD\xE3"
"\xC3\x3A\x07\x2D\xEF\xE3\x54\x9A\x38\xA5\x12\xCD\xA3\x25\x6A\xCB\xE1\xBE\xA2\xBC\xD9\x7E\xB4\x79\x58"
"\x2D\x85\x89\x0D\x7D\xAD\x70\xC5\xE0\xB7\xBD\xE3\x5D\x46\xE7\x9B\xDE\xE0\x91\x2B\x40\xFC\x96\x32\xEC"
"\x0B\xE3\x14\x81\x61\x62\x7B\x9C\x6C\x99\x44\xBD\x9F\x88\x26\x84\xB7\x42\xE2\xF9\x0E\xAE\x65\x18\x24"
"\x5E\xA0\x07\xEE\x50\x22\xDC\x2F\x81\x29\x9B\x78\xDE\x2A\x97\x00\x56\x52\xE2\xB1\xC6\x9B\x3C\x3C\x7F"
"\x1F\xDC\x15\x44\x78\xFE\x3B\x48\x89\xF8\xDD\xEC\xCB\xF9\xEF\x98\x6B\xDA\x1D\xB3\xD4\xF4\x2C\xC0\x05"
"\xC3\xDA\x41\x69\xC7\x41\x4C\x94\xF6\x09\x75\x2B\x25\xAE\xA7\xFF\xEF\x04\x8E\x11\xC8\xF6\x3E\x67\x80"
"\x26\x84\xEA\x3A\xD8\xC6\x58\xFA\x58\xA2\x12\xB6\x31\xE4\x44\x45\x76\x1C\x52\x50\xDE\xCF\xF5\x30\x78"
"\x4A\x7F\x55\x96\xA8\xA4\xFD\x5C\x39\x51\xF1\x9D\xA1\x28\xA4\xF3\xB4\xBF\x49\xF1\xA6\x15\x9B\xA7\x78"
"\x22\x99\xA7\xA5\x49\x40\x5C\x53\xA2\xE9\xB0\xA6\x25\x03\xFD\x3C\x65\xA1\x9B\x27\x80\xD5\x7D\x8C\xBE"
"\x0A\xE0\xB2\xAE\xD7\x6F\x23\x72\xAB\x09\xC1\x6B\xBC\x3F\x40\x8E\x4F\x00\xB7\xD5\xF0\x06\x6D\x3A\xD0"
"\x9A\xF6\x77\xB3\xE3\x49\x6A\xFD\xF8\x0B\xDE\x48\x21\x47\x83\xA1\xAA\x7A\xB4\xE9\x10\x1E\x3E\xF1\x7C"
"\x00\x7E\x8D\xF7\x71\xC4\x44\x37\x90\x57\x78\x73\x48\x4A\x84\x7D\x96\xCF\x62\x4D\x00\xA1\xCD\xA7\x52"
"\x4D\x08\xC2\x38\xAE\x35\xDD\x27\x21\xB4\xF9\xDA\xD2\x79\x0A\x21\xFC\x9A\xCD\x13\x85\xD0\x26\x99\x27"
"\x06\xA1\xA6\x70\x9E\x38\x84\x71\x5C\x2F\x2F\xA8\xA9\x15\x20\x4C\x23\x9A\x27\x29\xD1\x42\x9B\x30\x4F"
"\xAD\x0C\xF1\x3C\x7D\x4D\x42\x36\x4F\x51\x08\xE3\x78\xB5\xE7\x27\x60\x30\x4F\x49\x88\xE6\x69\xCE\x40"
"\x34\x8E\x7D\x1A\x42\x4D\x39\xE8\x6B\xB2\x59\x78\x8C\x63\x55\x00\xF7\x71\xAC\x8B\xE0\x3A\x8D\x97\x32"
"\x68\x6D\x5F\x0A\xED\xCF\x06\xAD\xFD\x0F\x69\xC9\x92\x7C\xC2\xF9\xF0\x0C\x00\x00\x00\x00\x49\x45\x4E"
"\x44\xAE\x42\x60\x82"
}
};

static const binfile_t background_gb = {"background_gb.png", 1217, {
"\x89\x50\x4E\x47\x0D\x0A\x1A\x0A\x00\x00\x00\x0D\x49\x48\x44\x52\x00\x00\x01\x40\x00\x00\x00\xF0\x01"
"\x03\x00\x00\x00\x4B\xE3\x2F\x28\x00\x00\x00\x01\x73\x52\x47\x42\x00\xAE\xCE\x1C\xE9\x00\x00\x00\x04"
"\x67\x41\x4D\x41\x00\x00\xB1\x8F\x0B\xFC\x61\x05\x00\x00\x00\x06\x50\x4C\x54\x45\xE8\x81\x1F\xDF\x6C"
"\x10\x89\xA6\xB8\x09\x00\x00\x04\x59\x49\x44\x41\x54\x68\xDE\xED\x98\x4D\x8E\xDC\x20\x10\x46\xB1\x58"
"\xB0\xE4\x08\x1C\x85\xA3\x81\x34\x8B\x39\x56\x3C\xCA\x01\x72\x05\x72\x03\x96\x2C\x2C\x48\xC7\xE3\xB6"
"\xF9\x29\x8A\x6F\x1B\x29\xBD\x89\xDC\x79\xE3\xC6\x8F\xAA\x32\x55\xA2\x14\xF1\x7C\x4C\x29\x25\x0A\xFA"
"\x53\x72\x75\xA1\x5F\x60\x9A\x81\x47\x75\xA1\x5E\xE0\x31\x03\xEB\x3B\xC8\x17\x98\x67\x60\xBD\xA6\xED"
"\x05\x96\x19\x18\x9A\xAB\xD7\xC7\x4F\xC0\xBD\xBE\x72\x2F\x70\x9F\x80\xCD\x0D\xEC\x0B\x0C\x13\xB0\xB9"
"\x62\x44\xB6\x0F\xC9\x88\x6C\xB5\x31\x22\xDB\xBF\x67\x44\xB6\x2B\x62\x44\x76\xCF\x38\x17\xD9\x59\x9B"
"\x8B\xEC\xFE\x9C\x11\x29\x50\x91\x02\x15\x29\x50\x91\x02\x15\x29\x50\x91\x02\x15\x29\x50\x91\xE2\xBF"
"\xC8\x7F\x44\xA4\x41\x45\x6A\x54\xA4\x46\x45\x2A\x54\xA4\x42\x45\xFE\xDD\x43\x48\xE4\x09\x06\x74\xB3"
"\x23\x0A\x26\x14\x3C\x50\x30\xA3\x71\x56\x60\xD0\xA3\xE0\x8E\x82\x01\x0C\x71\x48\xA4\x43\x45\x3A\x54"
"\xA4\x43\x45\x3A\x54\xA4\x43\x45\x3A\x54\xA4\x43\x45\x7E\x83\x11\x05\x13\x0A\x1E\x28\x98\x51\xB0\xC0"
"\xA0\x47\xC1\x1D\x8B\x47\x44\xE4\x05\x46\x14\x4C\x28\x78\x40\x79\x8D\x88\x7C\x83\x05\xAA\x66\x88\xC8"
"\x1B\x5C\x89\x54\x05\x14\x79\x83\x2B\x91\xBA\x80\x22\x6F\x70\x25\xD2\x14\x50\xE4\x0D\xAE\x44\xDA\x02"
"\x8A\x74\x05\x14\x79\x73\x0B\x91\xDB\x03\x46\x6C\x07\x57\x22\xD5\x03\x1E\x98\xEF\x95\xC8\x47\xE3\x42"
"\xA4\xAD\x40\x8F\x69\x5C\x88\xAC\x38\x56\xE4\x56\x83\x11\xD1\x18\x35\x2F\xF2\xD6\xB8\x6F\xBC\x48\xFD"
"\xA8\xE1\x45\x9A\x47\xB6\x63\x45\xDA\x67\xFB\x2C\x2B\xD2\x3D\x01\x61\x58\x91\xA5\x01\xC3\x5A\x63\x3C"
"\x9F\x2B\x02\x1A\x4F\x30\x41\xF5\x44\x71\x22\x75\x0B\xE6\x75\x34\x7E\x83\x65\x1D\x8D\x17\xE8\x97\xD1"
"\x78\x81\xFB\x32\x1A\x2F\x30\x2C\xA3\xF1\x5B\xCF\x54\xA4\xEC\xC1\xB4\x4C\xEA\xC4\x1F\xC8\x75\x69\xF7"
"\x7A\x2A\xD2\xD4\x55\xC2\x32\xA9\x6D\xEB\x2A\xE1\x98\xD4\x76\x75\x95\xE0\x52\xBB\x4E\x7E\xC9\xA4\x76"
"\x9D\xD4\x51\x33\xA9\x2D\xCB\xF0\x49\xAB\xDA\xC8\xD7\x48\x3D\x82\x79\x59\x1B\xD9\x1A\x69\x09\xD0\xAF"
"\x6A\x23\x5B\x23\x09\x8E\x14\xB9\x51\x60\xC4\x34\xD2\x22\x15\x05\x1E\x98\x46\x5A\x24\xA5\x91\x14\x69"
"\x49\xD0\x63\x1A\x49\x91\x24\x47\x88\xDC\x68\x30\x62\x1A\x1F\x91\x9E\xD4\x98\xE5\x20\x72\x27\x35\x26"
"\x31\x88\x0C\xA4\xC6\x50\xB9\x1A\x06\x6C\xB6\x71\x62\x7A\x91\x89\xD4\xE8\xAB\x85\xEC\xFD\x10\xB0\xDD"
"\x37\xD5\x8B\xCC\x94\xC6\xDC\x55\xC0\x66\x50\x29\x57\xA0\x27\x34\x1E\x35\x98\xBA\x61\xAA\x6E\xC1\x6D"
"\x00\x03\xA1\xB1\x01\x8F\x6E\xE0\x6B\x67\x60\xEE\x46\xC8\x6E\x06\x96\x6E\x28\x5D\x56\x60\x26\xA2\xB1"
"\x05\xFD\x75\x23\x22\x1A\x33\x09\xFA\x31\xA9\x1B\xE1\x97\xC0\xF7\xBF\xBA\xCB\x51\x02\x0C\x44\x52\x37"
"\xBF\x10\x2E\x30\x12\x49\x5D\x87\xD9\x0D\x26\x22\xA9\xEB\xC0\xBD\xEE\xF4\xDE\xA2\x3E\x99\xED\x08\x66"
"\x22\xA9\x93\x18\x12\xF6\x32\xDF\x25\x75\x96\x14\xE8\x67\xB5\xB1\x09\x9F\xCB\x93\x46\xC0\x30\xAD\x8D"
"\x75\x9C\x5D\x4F\x65\x11\x30\x4D\x6B\x63\x07\x1E\xD3\xDA\xD8\x81\x79\x5A\x1B\xEB\xC8\x1D\x62\x65\x06"
"\xBA\x53\xA4\x5A\x83\xF6\x14\xA9\xD7\xA0\x39\x45\x1A\x16\xF4\xEF\xC8\x8E\xAC\xC6\x0B\x54\xA7\x48\xB7"
"\x06\xE5\x29\xB2\xAC\xC1\xBF\x06\xF3\x06\x80\xE7\xCD\x3E\x11\x90\x5F\x5E\x05\x5A\x14\x34\x6B\x70\x9F"
"\xBF\xF7\x29\x50\xA1\xA0\x44\xC1\x0D\x05\x05\xFA\xD4\x80\x48\x2F\x40\x91\x5E\x80\x22\xBD\x00\x45\x7A"
"\x01\x8A\xF4\x02\x14\xE9\xD9\xF3\xCE\xAF\xF1\xD4\x45\x83\x9F\xE3\x39\xCE\xA1\xA0\x45\x41\x5A\xA4\x1A"
"\x41\x8D\x82\xF7\x57\xB9\x94\x1F\x1C\x78\x8B\x3C\x5C\x31\x04\x38\x9E\x78\x92\xCD\xCF\x32\x34\x71\x1E"
"\xBE\x5F\x51\xE6\x78\x96\x41\x81\x6F\x91\x41\x27\xC9\x82\x6F\x91\xBB\x8A\x1B\x01\x1E\xC3\xC9\xD1\xCB"
"\x20\x58\xF0\xFD\x9D\xD8\xF6\x7B\x19\xD9\x10\xED\x82\xBA\xD7\xE2\x9F\x89\x06\x05\xCA\xEA\x27\xCC\x08"
"\xC6\xFE\x04\x9E\xEA\x65\x90\xA0\xA8\xBE\x78\x8B\x3C\x2C\x75\xB6\xAF\xA6\xEF\xF2\xDE\x25\xAA\x5B\xB0"
"\xE3\x1D\x69\xD0\x8C\x6B\x4C\xE4\x78\x51\x8F\x4F\x9D\x2C\xD5\xFA\xA8\x67\x4F\xDF\xFF\x9F\x1C\x05\xCA"
"\xE7\x1B\x37\x80\x79\x6C\x65\x7C\x15\x72\x07\xDD\x9E\xDD\x8F\xB7\x2D\x1A\xBE\x5B\xA4\x5C\x80\xB7\x48"
"\xD5\xFD\x6E\xDF\x6B\x9A\xF6\x8E\xC9\xCD\x9A\x2E\xDD\xAE\xB1\x01\xC3\xD8\xB6\xDE\x4F\x9D\xA6\x53\x48"
"\xD9\x7A\x8C\x6E\xD6\x6A\x6E\xED\xCE\x34\xE0\xD8\x65\x3E\x7B\x5D\x83\x79\xEC\x5B\x9F\xE8\xA9\xC1\x63"
"\xEC\x84\x9F\x78\x8C\xF3\x96\xDD\x34\x11\x1E\xE6\xBD\xAB\x6E\xEE\x18\xE6\xDD\xB0\x6A\xD6\x18\xE6\xFD"
"\xB5\x6C\x9E\x3A\xCC\x3B\xF6\xAD\xA9\x14\xBF\x99\x19\x40\x53\x7B\xBE\x98\xA9\x82\xAB\xAB\xD9\x17\x33"
"\xA7\xB0\x75\x7D\xFC\x62\x26\x1F\xA6\xAE\xB8\x3F\x99\x11\x80\xAE\x6B\xF8\x07\x33\x54\x50\xF5\x5B\xE1"
"\x83\x19\x53\xC8\xFA\x3D\xF3\xC1\x0C\x3E\xB6\xFA\xCD\xF5\xC1\x8D\x52\xE8\x37\x6B\xE6\x27\x29\x9F\xDC"
"\xB8\xC7\x92\xC7\x84\x84\x4E\x7B\x22\x38\x3F\xA2\x86\x5C\x0A\x9D\xF6\x48\x7E\x7E\xF4\x07\xCD\x56\x81"
"\x7C\xA7\x7D\x66\x09\x00\x00\x00\x00\x49\x45\x4E\x44\xAE\x42\x60\x82"
}
};

static const binfile_t background_gba = {"background_gba.png", 1313, {
"\x89\x50\x4E\x47\x0D\x0A\x1A\x0A\x00\x00\x00\x0D\x49\x48\x44\x52\x00\x00\x01\x40\x00\x00\x00\xF0\x01"
"\x03\x00\x00\x00\x4B\xE3\x2F\x28\x00\x00\x00\x01\x73\x52\x47\x42\x00\xAE\xCE\x1C\xE9\x00\x00\x00\x04"
"\x67\x41\x4D\x41\x00\x00\xB1\x8F\x0B\xFC\x61\x05\x00\x00\x00\x06\x50\x4C\x54\x45\x27\xAE\x60\x2C\xC5"
"\x6D\xFF\x26\xDB\xDF\x00\x00\x00\x09\x70\x48\x59\x73\x00\x00\x0D\xD6\x00\x00\x0D\xD6\x01\x90\x6F\x79"
"\x9C\x00\x00\x00\x18\x74\x45\x58\x74\x53\x6F\x66\x74\x77\x61\x72\x65\x00\x50\x61\x69\x6E\x74\x2E\x4E"
"\x45\x54\x20\x35\x2E\x31\x2E\x38\x1B\x69\xEA\xA8\x00\x00\x00\xB6\x65\x58\x49\x66\x49\x49\x2A\x00\x08"
"\x00\x00\x00\x05\x00\x1A\x01\x05\x00\x01\x00\x00\x00\x4A\x00\x00\x00\x1B\x01\x05\x00\x01\x00\x00\x00"
"\x52\x00\x00\x00\x28\x01\x03\x00\x01\x00\x00\x00\x02\x00\x00\x00\x31\x01\x02\x00\x10\x00\x00\x00\x5A"
"\x00\x00\x00\x69\x87\x04\x00\x01\x00\x00\x00\x6A\x00\x00\x00\x00\x00\x00\x00\x88\x5F\x01\x00\xE8\x03"
"\x00\x00\x88\x5F\x01\x00\xE8\x03\x00\x00\x50\x61\x69\x6E\x74\x2E\x4E\x45\x54\x20\x35\x2E\x31\x2E\x38"
"\x00\x03\x00\x00\x90\x07\x00\x04\x00\x00\x00\x30\x32\x33\x30\x01\xA0\x03\x00\x01\x00\x00\x00\x01\x00"
"\x00\x00\x05\xA0\x04\x00\x01\x00\x00\x00\x94\x00\x00\x00\x00\x00\x00\x00\x02\x00\x01\x00\x02\x00\x04"
"\x00\x00\x00\x52\x39\x38\x00\x02\x00\x07\x00\x04\x00\x00\x00\x30\x31\x30\x30\x00\x00\x00\x00\xF7\x24"
"\xB6\xCE\x4E\x82\x64\x39\x00\x00\x03\xBE\x49\x44\x41\x54\x68\xDE\xCD\xDA\x4B\xD2\xA3\x20\x10\x00\xE0"
"\xB6\xB2\x70\x37\x1C\xC1\xA3\x78\x34\x3D\x1A\x47\xE1\x08\x2C\x59\x50\x30\xFE\x91\xF7\xA3\xBB\xFF\x94"
"\x99\x1A\x57\xA9\xE4\xB3\xA1\x5B\x04\x4C\x02\x9E\x79\xFC\x17\x50\xED\x3C\x68\x01\x78\x50\x03\xBC\x58"
"\x50\x02\x2E\x13\x3C\x2F\x08\x2B\x03\xC2\xFB\x10\x24\x74\x37\x84\xED\x4A\x1F\x85\x36\x40\x38\xFC\xB8"
"\xAB\x11\x9A\x08\xC1\xBC\xC3\x32\xE0\xCF\x81\x40\x5D\x41\xC1\x85\x57\x4F\x67\x50\xD5\x70\xE5\xC2\x3E"
"\xE4\x0C\xAE\x5C\xD8\x85\x9C\xC2\x95\x0B\xDB\x90\x73\xD8\x84\x9C\xC3\x26\x24\x02\xEB\x90\x08\xAC\x43"
"\x46\x28\x81\x08\x19\xE1\x39\x80\xC0\x86\x62\x00\x01\x88\x90\xE1\xB5\x1B\x43\xC1\x85\xD0\x41\x3B\x81"
"\x1B\x17\x2E\x2D\x34\x40\x85\x0C\x50\x03\x15\x92\x82\xB0\xD7\x50\x4D\xE1\x8B\x0B\x63\xC8\x00\xE5\x1C"
"\xAE\x5C\x18\x46\x5B\x80\x27\x50\x21\x47\x70\x6D\x4E\x2B\x61\xF3\x41\x0D\xC5\x04\xBE\xBA\x0B\x95\xA1"
"\x6B\x03\xD4\xE5\xDA\xC6\x70\xEB\xFA\xB2\x24\x58\x0D\x9E\xBD\x1F\x4E\xFB\x10\x1E\xFD\xB5\x7A\x45\x68"
"\x7A\xE8\x9B\x90\x03\x18\x46\x41\xD5\xCA\x3A\x80\x69\x04\x56\x8D\x1F\xD0\x0D\xC7\x62\xF4\x17\x87\xE8"
"\x61\x5E\xB7\xAA\x76\xA0\x6B\xA5\x58\xE0\xCE\xAE\xEB\x13\x68\x3B\x28\xAB\x04\xF3\x21\xB9\xD0\x62\xB0"
"\x5A\x07\x65\x03\xCF\x19\xB4\x5C\x58\x7C\xD2\x95\xB6\x5E\xD5\x0D\x17\x7A\x36\x54\x25\x74\x08\xB4\x1D"
"\x14\xA1\x14\xED\x5E\xEE\x2C\xE0\xFB\xAC\xCD\x8E\xA1\xEE\x60\x38\xB7\x85\xAE\x85\x7B\x28\x45\xB7\x49"
"\x90\x19\x9A\x1B\xDA\x31\x34\x1D\x74\x63\xE8\x33\xD4\x25\xEC\x5C\x28\x65\x82\x47\x68\xBA\x87\x96\x0B"
"\xEF\x72\x84\xD8\x22\xC2\x65\x00\x75\x01\x37\xE5\xE7\xD0\x46\x78\x55\x6A\x77\x21\xF9\x11\x7C\xB7\x1D"
"\xA1\x0F\x70\xB8\x1D\xD5\x5C\xE8\x02\x3C\xEF\x32\xCF\xE1\x8F\x28\xE0\x3B\xB9\xF1\x56\x5C\x73\xA1\x0B"
"\x33\xFE\x0D\xED\x1C\x5E\x69\x04\x18\x7B\x32\xDB\xDB\x9B\x0A\x9A\x39\x74\xE0\x73\xF2\xEF\x17\xB3\xA7"
"\x85\x0A\x7A\x18\xEF\xEA\x23\xB4\xE9\xC2\x7D\x05\xEE\x08\x34\x11\xBA\xAF\xC0\x03\x81\xBA\xAC\x23\x05"
"\xDF\xC9\x5A\x06\x5C\x22\xF4\x08\x54\x10\x42\x3E\x0B\xC3\x4D\xB3\x60\x50\x7E\x0F\x62\x8F\xCE\x3F\xF0"
"\x0C\x73\xD4\xC1\x85\x2B\x17\x22\x37\xE1\x0D\xC3\xB4\xC8\x86\xE6\x57\x50\x20\xD0\xFD\x0E\x1E\xF7\xD4"
"\x43\xC3\xED\x86\x1B\x02\xEF\xC5\x60\xE1\xC2\x6B\xBA\x67\xC2\x25\x8D\xB6\x19\xAC\x36\x8F\xCF\xC3\xE3"
"\x09\xA8\x3F\x82\xFE\x09\xA8\x3E\x81\xCB\x23\x50\x7E\x15\xBE\x30\x78\x7E\x15\xAE\x8F\x40\xF8\x04\x8A"
"\x27\xA0\xFB\x08\x6E\xFF\x14\xF6\x8F\xA3\xFF\x0C\xF2\x6E\xEB\xEF\x43\x8F\xC0\x7C\xFF\xFF\xE1\xC2\xFD"
"\x64\xC2\x43\x2D\x3C\xE8\x99\xF0\x5A\x17\xD8\xF0\xF5\x34\x34\xEC\x88\xEB\xB3\x10\x08\x58\x3C\x18\x2B"
"\xC1\x83\x87\x64\xC2\x0D\x50\x58\xDE\x0A\xDB\x23\xD0\x7D\x02\x77\x0C\xFA\xE7\x61\x9C\x9A\x5F\x0A\xB9"
"\x09\xCB\x75\x46\x18\x02\xC6\xB5\x70\xB3\x04\x8C\xA3\x62\x73\xC8\x4D\x58\xEE\x29\x76\x0A\x5A\x2E\x74"
"\x09\x2E\x38\xF4\x6C\x78\x72\xA1\xE2\x42\x1D\xEB\x48\xFD\xCE\x65\xE3\x95\xA1\x60\x48\x7B\xD5\xE4\x2F"
"\x67\x69\x58\x50\x50\xD2\xD0\xE5\xAF\x48\x38\xD0\x70\xA1\xE3\x42\xCF\x86\x92\x84\xF6\x86\xE1\x22\x2E"
"\x24\x34\x5C\xE8\xB8\x30\x66\x43\x43\x49\x41\x13\x3E\x53\x5C\x18\xB2\x39\x48\x68\xB9\x30\x64\xB3\xD3"
"\xF0\x1E\x92\xF3\x89\x54\x47\x78\x67\x23\x68\x78\x0F\xC9\x95\x86\x96\x18\x15\x09\x3A\xE2\x1A\xAA\x54"
"\x63\xA2\xE2\x19\x9E\x78\x21\x33\x94\x78\x7D\x32\x54\x78\xDA\x19\x1A\x3C\x1B\x99\x20\x71\xB5\x33\x0C"
"\x83\x7C\x23\x61\x48\x7B\xA5\xA1\x44\x3B\x59\xEC\xEF\x34\xDA\xC9\x02\x1A\xB4\x93\x05\x8C\xD3\x29\x09"
"\x3D\x7A\x6F\x97\x50\x62\x9D\x2C\xC7\x4B\xC8\x46\x90\xD0\x62\x53\x5A\x09\x1D\x36\xAF\x54\x6F\x9F\x48"
"\x81\x2A\xA8\xE6\x05\x72\x15\x44\x66\xC9\x1A\xA6\x85\x9B\x82\xB1\x93\x82\x84\xF3\xA9\xBC\xF9\xD7\x8A"
"\x99\xB6\xDD\xC0\xD8\x49\x41\xC1\xD8\xC9\x85\x84\x6A\xD6\x76\x0B\xE3\x16\x68\xA5\x60\xDA\x22\xB6\xD0"
"\xB4\x6F\xC5\x25\x7E\xA3\xE0\x6C\x89\xEF\x60\xDA\xF0\x1E\x5D\x80\xE6\xD4\x73\x5C\xCA\x1E\xEA\x71\x3A"
"\x3D\x4C\xDB\xF7\x3A\x1D\xD5\x17\x22\xB6\x5D\x5F\x1D\xD9\x43\x35\x0C\x39\x80\xA9\xED\xA5\x69\xC7\xCF"
"\xDA\xAE\xFF\x76\x31\x80\xF9\x9B\x27\x02\xE6\xC7\x96\x3C\x34\x1C\xC0\x5F\x7A\x9C\x06\x10\xF1\x8D\x1E"
"\xE3\x00\x00\x00\x00\x49\x45\x4E\x44\xAE\x42\x60\x82"
}
};

static const binfile_t background_gbc = {"background_gbc.png", 1377, {
"\x89\x50\x4E\x47\x0D\x0A\x1A\x0A\x00\x00\x00\x0D\x49\x48\x44\x52\x00\x00\x01\x40\x00\x00\x00\xF0\x01"
"\x03\x00\x00\x00\x4B\xE3\x2F\x28\x00\x00\x00\x01\x73\x52\x47\x42\x00\xAE\xCE\x1C\xE9\x00\x00\x00\x04"
"\x67\x41\x4D\x41\x00\x00\xB1\x8F\x0B\xFC\x61\x05\x00\x00\x00\x06\x50\x4C\x54\x45\x24\x81\xBA\x31\x99"
"\xDC\xCD\x5C\xE9\x38\x00\x00\x00\x09\x70\x48\x59\x73\x00\x00\x0D\xD6\x00\x00\x0D\xD6\x01\x90\x6F\x79"
"\x9C\x00\x00\x04\xE4\x49\x44\x41\x54\x68\xDE\xAD\xD8\x3D\xB2\xA5\x2A\x10\x07\x70\x28\x02\x83\x09\x0C"
"\x5F\xC8\x46\x5E\x95\xDB\x99\x05\xBC\x5C\x96\xE6\x52\x5C\x02\x21\x01\x85\x4F\xC4\x0F\xBA\xF9\xB7\x87"
"\x7B\x66\x0C\x6E\xD5\xF1\xFE\x14\xBA\x69\x15\x50\x5B\x7B\x2C\xE4\xA4\x53\x4A\x8D\xDB\xF6\x19\x2E\x3B"
"\x34\x18\x3A\x5D\xFF\xF2\x3B\x54\x02\x34\xF5\xAF\x98\xE1\x04\xA1\x32\xF4\xE7\x7E\x58\x0C\x07\xDA\xC0"
"\x0E\x07\x04\x13\x83\xEB\x0E\x35\x82\x31\x67\xA3\x3A\xC2\x11\x4D\x07\x4C\x47\x34\x00\x86\xBD\xEB\xE4"
"\xC8\x70\x84\x70\xA2\x27\x8E\x94\x03\xE8\x39\xCC\x29\xD7\x10\xCE\xBC\x89\x32\x38\xFC\x58\x39\x4C\x02"
"\x5C\x9A\x73\xAE\x17\xAE\x18\xD2\xE2\xC9\x87\x17\xA0\xE1\x67\x22\x86\xCA\xB4\xA7\x30\x1C\x9A\x53\x0B"
"\x82\x09\xC0\x15\x41\x5E\x13\xF9\x08\x18\x5A\xD0\x0A\x80\x01\xC0\x9C\x72\x00\xA7\x16\x2E\x00\x7A\x04"
"\x3D\x80\x4D\x4D\xE4\x23\xF6\xC2\x04\xE0\x82\x9E\xE0\x3D\x9A\x16\x6A\x04\xD7\x16\x3A\x08\x03\x80\x06"
"\xC1\xD4\x42\x05\x61\xFB\x02\x40\x35\x21\xC0\xB1\x0F\xC6\x7E\x68\xFB\x60\xE8\x87\x53\x1F\xF4\xBD\x10"
"\xD6\xC4\x1F\x41\x5C\x3C\x08\xEA\x4E\xE8\xBA\xA1\xE9\x84\xAA\x13\x4A\xC5\x03\xE0\xD8\x07\x63\x3F\xB4"
"\x7D\x30\xF4\xC3\xA9\x0F\xFA\x5E\x28\xD5\x04\x80\x5B\x1F\x5C\xBA\xA1\xEE\x84\xAE\x17\x4A\x35\xD1\xC2"
"\xE1\x2F\x43\xB1\x78\x38\x8C\xFD\xD0\xF6\xC1\xD0\x0B\xC5\x9A\xF8\x1A\x8A\xC5\xF3\x35\x5C\xFE\x3A\x74"
"\x12\xE4\x1F\x24\xF5\xC7\x30\x2A\x76\x9D\x94\xC7\x6E\xC8\xBE\xAE\x51\x49\x63\xED\xBF\x84\x41\x49\xF5"
"\xC8\x9E\x77\xAF\xA4\x47\xA1\x85\xC2\x53\xC8\x5E\x0C\xEB\x0F\xA0\xF0\x02\x60\xD3\x19\x38\xA1\x3C\x0E"
"\x76\x3E\xCF\xA3\xE7\x5E\x08\x87\x86\x4F\xB9\xCA\xAA\xA9\x13\xC2\x8C\xB3\xD9\xDE\xB1\x28\x80\x19\x0F"
"\x00\x9A\x0E\x18\x85\x65\x46\x33\x23\x0D\x3F\x83\x28\x3F\x2B\x85\xC7\x2A\x03\xE6\x07\x42\x94\x1F\x36"
"\xBD\x3E\x16\x38\x30\x6C\xA7\x01\xD4\x9F\xE1\xA2\xA4\xB0\xD9\xBA\xD0\x29\x29\x6C\x35\x20\x88\x56\x1F"
"\x14\x16\x07\xC2\x4E\x6C\xED\x7A\xC2\x36\xEC\xFD\x63\xA1\xC8\x75\x4A\x08\x3B\x60\xD8\x3E\x0D\x0C\xC6"
"\x0B\x36\x61\x7B\xBA\x10\x0F\x4A\x8A\x66\x5F\x20\x43\xD8\x14\xF9\x4A\xA1\x57\x52\x34\x0B\xDD\x2C\xB8"
"\x61\x13\x0D\x83\xAB\x92\xA2\x71\x74\x9F\x62\x51\x52\x34\xFB\x34\x15\x43\x1E\x8D\xA2\xD0\x29\x29\x1A"
"\xB6\x97\xF2\x40\x16\x4D\x62\xF0\x71\x2C\x9A\x3C\xD3\x10\xE0\xC8\x20\xD9\xEF\x49\x15\x1C\xDE\x60\xAC"
"\x20\x8D\x26\xD0\xAD\xA6\x1A\xD2\x68\x3C\x85\xA1\x86\x96\xC2\x59\x84\x24\x9A\x95\x42\x5F\x43\xF2\xDC"
"\xE4\x8F\x0C\x83\xFA\x96\x2F\x30\x17\xCF\xB0\xA0\x68\xF2\x34\x55\xD5\xD7\xED\xD0\xA3\x68\x9C\x69\xE0"
"\x18\x51\xCA\xD9\x26\xE0\xB1\x7F\x98\x50\xCA\xF3\x55\x04\x1A\x67\x9F\x12\x7A\xFE\x91\x18\xDC\xEF\xB7"
"\x4E\xCF\xF3\xF0\x14\x50\xA4\x1B\x95\x7B\xA3\x63\x98\x9E\x6C\x3E\x29\x3F\xA6\xA9\x14\xC6\xF9\x19\x9F"
"\x27\xE5\x81\xC2\x73\x86\x12\xDA\x94\x1F\x6B\x1C\x02\x27\x02\xEF\x94\x7B\x0A\x43\x81\xBE\x2D\xA0\x63"
"\xF6\x49\xE0\x4C\xE0\x9D\x72\x06\x7D\x81\xCF\xEB\xE2\x4E\xF9\x31\x43\x79\xE0\xF9\x15\x7B\xDE\x02\x77"
"\x27\x8F\x35\x4E\x0D\x35\x83\x57\xCA\x1D\x84\xD5\x5B\xE0\xEA\xE4\xB1\x40\x7E\xE0\x52\x52\x5C\xC1\xAB"
"\x93\x8A\x42\x57\xA0\x52\xBC\x93\x65\x81\x5C\x43\xDE\xC7\xB3\x93\x65\x8D\xF3\xC0\x73\xD0\x56\xC5\x3B"
"\xC9\x60\x3A\x9B\xAA\x1F\xDA\xD2\xC9\xB2\xC6\x21\xD0\x6E\xF4\x0D\x54\x3A\x19\x28\xCC\x0F\xCB\xC8\xA3"
"\xB1\x05\x4E\x1C\xF2\xFC\x94\x13\x9E\xC2\xB2\xF5\xCC\xA0\x2E\xA3\x3F\x73\xC8\x87\xA6\xB4\xCD\xA0\x47"
"\x4D\xAB\x5F\xDB\x35\xBD\xBD\xE1\x7A\x41\x45\x8E\xED\x5A\x20\x13\x38\xB4\xD0\x5E\x0B\xE4\x1B\x2E\x27"
"\x4C\x14\xEA\xFD\x84\x69\xE0\xB8\xB1\x17\xF4\x7E\xFC\xE3\x19\x74\x67\x8C\x1C\xDE\x3D\xBA\xE0\x95\x8C"
"\xD0\xC2\xF1\x2B\x98\x0A\x8C\xB3\x6F\xA1\x6D\xE0\xB8\x45\xBB\x7E\x80\xB1\xF4\x3A\x0C\x00\x4E\x0D\xD4"
"\x5B\xD0\xCB\x07\x78\x4E\x98\x41\x0F\xCF\xF2\x55\x55\x4D\xEC\xD7\xAE\x08\x6E\x2D\x1C\x7B\xA1\x01\x3D"
"\x3C\x1F\x31\x55\x15\x4F\xFD\x85\x13\x21\xBA\xD5\x79\x98\xEF\xA0\x93\xE1\x40\xA0\xEC\xCE\x0F\xCE\x4F"
"\x61\x7A\x81\xF6\x2B\x18\x5F\xE0\xF4\x15\x0C\x2F\x70\xAE\xA1\x7F\x81\xDB\x57\x70\x95\x9D\xFE\x0E\x7E"
"\xAC\x09\x11\x1A\x3E\x01\x52\x42\xF1\x8C\x1B\x86\x4D\x83\x36\x37\xA2\xFF\x53\xF7\x6C\x45\x82\x73\x8E"
"\x6F\xD8\x38\x4C\x00\xEE\xA9\x3D\xE6\x55\xF6\x1D\x1E\x63\x30\xE5\xF6\x09\x8C\x00\x1E\x93\x11\x7F\xCF"
"\x03\x14\xAE\x09\x7D\xEE\x0F\xF8\x7B\x66\xF1\x01\x06\x06\x9B\x9A\x30\x19\xEA\x7A\x93\xE0\x87\x70\x85"
"\x4D\x5F\x7F\xDE\xE0\x71\x47\xD3\xC2\x05\xDE\xF1\xD2\x15\x74\x32\x1C\xBE\x83\x0A\xC0\x50\xF4\xF8\x0E"
"\x15\x86\x09\x41\x5F\x6E\x6B\x3F\xC0\xB9\xCC\xFE\x18\x04\x2F\x94\xA9\xEC\x8A\x3C\xDB\xB5\x12\x1C\x73"
"\x26\xE6\x6A\x17\x56\x82\x43\x3A\x6E\xCB\x20\xE8\xA3\xFE\xBD\xFF\xB1\xD5\x06\x1C\x83\xDA\xD1\xF6\x95"
"\x04\x0D\x29\x0F\xFD\xD4\x04\x87\x03\xAF\x75\xB3\xE1\x91\x19\x62\x2F\xE4\xA3\x39\x6C\xB8\x7A\x0C\x2F"
"\x4D\x09\x6A\x5E\xEC\x23\x85\xCF\x6D\xE6\xD0\x09\x2D\x83\x96\xC2\xA7\x3D\x9E\x9F\x89\xC2\xE7\xB9\x36"
"\xEF\xB0\xFA\x2F\x7B\x17\xCC\x14\xCA\x5F\xB8\x6E\xB8\x51\x98\x7A\x21\x19\xB8\x3A\xE5\x9A\xC3\x7A\x5D"
"\x54\xC7\x6D\x38\xAC\x46\x58\xA7\x37\xB8\xD6\xAD\x55\x70\xE0\xD0\xD7\x70\x79\x81\x75\xBF\xEA\xAB\x46"
"\x0E\xEB\x44\xD6\x05\xD4\xC0\x3A\x00\x5B\xFD\xB0\x1C\x92\x00\x2A\x38\x35\xB0\x4E\xE4\x2B\xAC\x87\xA3"
"\x82\xF3\x2B\xFC\xF7\x0D\x0A\x33\xA4\xAD\x13\xEA\x16\xA6\x5E\x88\x67\x9A\x06\x40\xD7\x0B\xE1\x5C\x6A"
"\x00\xD0\xBF\xC2\x6D\xFB\x1F\x9E\x96\xD7\x4D\x67\xE2\x69\xA8\x00\x00\x00\x00\x49\x45\x4E\x44\xAE\x42"
"\x60\x82"
}
};

static const binfile_t background_gg = {"background_gg.png", 1524, {
"\x89\x50\x4E\x47\x0D\x0A\x1A\x0A\x00\x00\x00\x0D\x49\x48\x44\x52\x00\x00\x01\x40\x00\x00\x00\xF0\x01"
"\x03\x00\x00\x00\x4B\xE3\x2F\x28\x00\x00\x00\x01\x73\x52\x47\x42\x00\xAE\xCE\x1C\xE9\x00\x00\x00\x04"
"\x67\x41\x4D\x41\x00\x00\xB1\x8F\x0B\xFC\x61\x05\x00\x00\x00\x06\x50\x4C\x54\x45\x13\xBC\x9D\x0E\xA1"
"\x86\x03\x61\x93\x21\x00\x00\x00\x09\x70\x48\x59\x73\x00\x00\x0D\xD6\x00\x00\x0D\xD6\x01\x90\x6F\x79"
"\x9C\x00\x00\x05\x77\x49\x44\x41\x54\x68\xDE\xED\xD9\x3D\xAE\xDC\x36\x10\x00\x60\x2A\x02\xA2\x22\x85"
"\x4A\x97\x4C\x9F\x22\x47\x90\x6F\x92\x3E\x17\x48\x17\x69\xB1\x45\xAE\xB1\x75\x2E\x61\x3D\xF8\x02\xBE"
"\x81\xE9\x22\xC0\x96\x32\x60\xC0\xC4\x83\x2C\x46\xFC\x9F\x21\x87\x14\x53\xC7\x2A\x1E\x76\xDF\x7E\x3B"
"\xA4\x66\x48\x4A\xE2\x32\xFA\xE8\x54\x7A\x14\xE0\xD8\x08\x93\x80\x53\x11\xE2\x80\xC7\x50\x84\x38\xE0"
"\xDE\x97\x60\xD2\xC3\xBD\x2B\xC1\xE4\x3C\x76\x56\x80\x23\x3A\x0B\xA5\x24\x9B\x69\x38\x7B\x27\xB8\x8B"
"\x48\xC3\x21\xE6\x8E\x57\x23\x4E\xDE\x6D\x75\xD8\x87\xF4\x2D\xAE\xB7\x05\xC8\x63\xC0\x3A\x0C\x3D\x5C"
"\xEA\x30\x9C\x8A\x0C\x6F\x68\x18\x72\xB3\x02\x48\x24\xBC\x87\x01\x3D\xA4\x4A\xC8\x61\x40\xF7\x35\x49"
"\x0D\x8A\x58\x5F\x00\x89\x61\x16\x4E\xE5\x01\xE0\xC1\x73\x38\xA1\x80\xB1\xC7\x29\x0C\x53\x40\x24\xEF"
"\x53\xE8\x07\xD8\xC1\x2E\xA0\x4F\xE2\x07\x04\xBF\x66\xB0\x4F\x02\x3A\xB8\xCD\x29\xF4\x49\xDC\xC2\x7F"
"\xEC\xDB\x2C\x62\xDE\x9F\x00\x77\xE8\x7C\x12\x9F\x09\x14\x09\xFC\xD9\x27\x71\x21\x22\x4A\x00\x3F\x3B"
"\x27\xD3\x34\x08\xFC\xCF\x30\x49\x17\x0A\xC6\xF3\x0B\xD5\x83\x01\x29\x18\x8A\xB0\x42\x38\xE5\xD0\xB7"
"\x8C\xF2\x60\xE1\xA7\x3C\xB5\x69\x40\x22\x62\x4F\x06\x8C\x11\x43\xCF\x7D\xF5\x04\x86\x3C\x83\xCE\x1D"
"\xEC\x02\x0E\x74\x40\x0B\x5F\x40\x97\x86\x6C\x38\x24\xF0\xC0\x70\x4B\xE1\xE8\xA1\x82\xFF\xD0\xEB\xD7"
"\x15\x9C\xE9\x80\x19\xEC\xA9\x64\x07\xF8\x3E\x42\x9E\x8F\x1B\xD0\x77\x10\x51\x55\x61\x8C\x38\xB4\xC2"
"\xA9\x08\x4D\xE7\xEF\x01\xAA\x3A\x3C\x23\xBE\x53\xB0\xE5\x72\xC4\xF3\xB2\x19\xDE\xD1\xE9\x71\x70\x63"
"\x06\xDE\xCB\xB0\xB3\x50\xB0\x59\xB7\x7C\xBB\x84\xAB\x81\xD3\x7A\x01\xFF\x3A\x3B\x3F\xE9\xD7\xC2\x43"
"\x51\x8A\xB8\x30\xAE\xCF\x79\x9B\x8B\x90\xD9\x88\x4C\xC3\x49\x6D\x53\x13\x3C\xE7\x03\xAF\xC3\xE1\x84"
"\xA3\xCE\xF6\xEE\x27\x7F\x3E\x1E\xCD\x40\xB5\x90\xB7\x41\xAE\x63\x1F\x43\x23\x54\xBE\x86\xF2\x0A\xDE"
"\xCB\x50\x27\x64\x34\x79\xD4\xE0\x56\x87\x83\xA9\x8C\x29\xDD\x55\xC4\xD5\x41\xE1\x4A\xB3\x97\xA0\x38"
"\x87\xD9\x05\xE4\x06\x6E\x0E\xFA\x1A\xD2\xF0\x18\xD5\x3E\x58\xE8\x6B\x58\x84\xEA\xA3\x85\xBB\x83\x47"
"\x11\x2A\x07\xC7\x22\x1C\x11\xF4\x35\xBC\x84\xAA\x0E\x79\x84\xBE\xD8\x39\x1C\x30\xBC\x55\x21\x68\x7A"
"\x6D\x8D\xE8\xE7\x21\xB9\x9C\xED\x10\xCE\x8D\xD0\xD7\x90\x5C\xA5\x20\x94\xBC\x11\xFA\x1A\xAE\x97\x70"
"\x2C\xC1\x0E\x43\x5F\x43\x1A\x4E\x11\xAA\xFE\x3F\x42\x71\xD5\xB4\xAF\x21\xB9\xF8\x48\x18\xF1\xA5\x02"
"\x51\xD3\xA2\x35\xA2\x28\x5D\x5E\xCF\x35\x05\x41\x57\xC3\x6B\xE8\x6A\xD8\x0C\xC9\xE5\x4C\xCE\x00\xEE"
"\x63\x09\x4E\x18\x1E\x43\x23\x54\x15\xB8\x21\x68\x6B\xB8\x5F\xC3\x5B\x09\xF2\x04\xAE\xAD\x50\x54\xA0"
"\x42\xD0\x7C\x8D\x5C\xCE\x04\x82\xB6\x86\xE4\xE2\x13\xE1\xB7\xC1\x0F\x91\x0B\xB8\x0D\xA1\x86\x14\xFC"
"\x14\xE0\xDA\x87\x1A\xE6\x70\x70\x83\x5A\xC3\xA5\xF7\x4B\x56\x03\x74\x35\xA4\xE0\xFB\x08\xBB\x50\x43"
"\x6A\x95\xBA\x63\x78\x2B\xC0\x31\x85\x2F\x05\x38\xF9\x4E\xE9\xB3\xEE\x42\xB1\x33\xD8\x2B\x08\x99\xBE"
"\x2E\x9A\x1A\x66\x6B\x0A\xC7\xF0\x7C\x8C\xB5\x35\x4C\x61\x17\x13\x67\x3E\x3D\x13\x24\x49\xC8\x11\x14"
"\xBA\x2B\xB6\x86\x29\x54\x61\x91\x0D\xD0\xD6\x50\xA4\xB9\x49\x61\xE7\xE6\xA1\xC8\x02\xBA\x3E\xB9\x3E"
"\x16\xA0\x69\x64\x0B\xF0\xD5\x9E\x9D\xA9\x21\x5E\x53\x4C\xC6\xDC\xBD\x20\xB3\x27\xD0\xB9\x9B\x1F\x04"
"\x6D\x02\xDD\x8A\xC8\x6C\x35\x3A\x57\xC3\x2D\x0B\xE8\xAF\x93\x2C\xDC\x8A\xAF\x29\x74\x57\x8A\x9B\x87"
"\x87\xAB\x80\xA9\x21\x5C\x53\xDC\x65\xAF\x47\x11\x7B\x77\x76\x00\x3A\xE0\x2F\x41\x0E\xF2\x1C\xFA\x7B"
"\xA1\x11\x42\x3D\xCE\x4C\x0D\x65\x1A\x50\x49\x04\x47\xFF\xD5\xB8\xA6\x84\xFD\x80\x09\xA6\x47\x9B\x03"
"\xC1\xF8\x70\x9C\xC3\x01\xC2\xB0\x4B\xB3\xA8\x14\x9A\x3C\x04\xE8\xDD\xD1\x45\xB8\xFE\x68\x73\xAB\x33"
"\xEB\x17\x9F\xF0\x9C\xBF\xF7\x00\xFE\x19\x1F\xD6\x8E\x24\xA0\x12\x43\x84\x5F\x95\x85\x6B\x84\x71\x77"
"\x6F\xE5\x11\x9E\x7F\x4C\x7C\x11\xB7\x4C\xC2\x0E\xD6\x11\x5E\x02\x18\xF7\x56\xE2\xEE\xDE\x16\xB7\x4D"
"\x00\x0C\x5B\xA1\x21\xA0\x5D\xBF\x22\xB4\x6F\xA5\xDF\x7A\x8A\x01\xF7\x98\x4F\x00\x4D\x0D\x17\x06\xB6"
"\x0B\xF5\xB3\x16\x01\x0F\x07\xE3\x8E\xD5\x37\xB0\xD7\x64\xEF\xEC\x4D\x63\xA6\x86\x0B\x0C\xB8\xB1\x37"
"\x09\xB4\x9F\xF5\x06\xC6\x80\xE7\x03\xFC\x8C\xE1\x3F\xF6\xF5\xDD\xF4\x2A\x74\xFF\x1C\x9C\xF1\xB4\x14"
"\xF8\x8E\xA9\xE1\x0A\x76\xC0\xDE\x82\x5E\x20\xB8\xCE\x61\xA3\x55\x1F\x3B\xFB\x41\xD1\x50\xD7\xF0\x73"
"\x7C\xFB\x00\xBD\x38\x21\x88\xBE\x81\xD7\x3A\x60\x37\x17\xA0\x84\x11\xCE\xF5\x0A\x6D\x39\x43\xB8\xC3"
"\x4F\xCE\x01\xF7\xAE\x08\x41\x36\xCE\x64\xC3\x77\x4A\xA1\x0E\xF7\xF0\x03\x78\x9A\x29\x04\x39\x7C\xC2"
"\x4D\xCA\x0C\x2E\x30\x20\x4A\x41\x02\xD7\x39\x06\x4C\x7F\x30\x40\x39\x10\x53\x0C\xC8\x6B\x70\xF3\x6F"
"\x64\xFE\x0B\x04\x82\xFB\x50\x0C\x88\xA1\x5F\x3F\x24\xF5\x93\x06\x4A\xAB\x9B\x9C\x0B\x18\xD9\x34\x5C"
"\xCC\xD9\x3C\xB3\x1F\x0C\x32\x28\xEC\xE3\x15\x11\x50\xE1\x02\x98\x0D\x6D\x32\x60\x02\xF7\xB3\x1E\x07"
"\x19\x50\x26\x25\x65\xEC\xEF\x85\x0C\x28\x12\x68\x2E\xEC\x6F\xA8\x96\x93\x8C\x49\xB4\x8A\xC2\x3E\xA5"
"\xA9\x3D\xDD\xAF\x64\xCB\x29\x7C\xB2\x9F\x08\xA7\x57\x9A\x4E\x35\x1C\x7B\xA1\x47\x54\xCB\x6D\x90\x35"
"\xC2\x3D\x59\xB0\xEB\x2D\xB7\x40\xD6\x08\x65\x2B\x14\xE8\x96\xA0\x7C\x1C\xAC\x11\xCA\x56\xB8\xA6\xD7"
"\xFA\x8B\x96\x2F\xA1\x68\x85\xE1\x46\x7A\xAC\xBB\x78\x27\x74\x01\x1F\x8D\x10\x3C\x0A\xD5\x21\xB8\x4F"
"\x1C\xAA\x90\x35\xC2\x2F\xAD\x10\xDE\xC0\xF7\x15\x87\x9E\xEA\x6A\x10\xDD\x96\xD7\xE6\x2B\x6B\x84\x5B"
"\x2B\x64\x8D\x30\x7D\x7E\x2F\xC2\xB7\x8D\x30\xDB\x10\x28\x4D\xC3\xEC\x41\xAD\x00\xF3\xA7\xF7\x02\xCC"
"\x77\x6A\xA6\xC6\x80\x05\xF8\x68\x84\x44\x40\x7A\x1A\x3E\x1A\x21\x15\x90\x84\x54\x40\x6A\x76\x91\x01"
"\x29\xB8\x92\x30\x9F\x34\x92\x35\xC2\xA5\x11\x6E\xB4\xCB\x67\x17\x6B\x84\x1F\x4A\x30\x99\x0B\xAF\xAC"
"\x11\x2E\x45\xC8\xDA\x1A\x66\x78\xF8\xBC\x56\x1C\x2C\xF6\xB1\xD4\x20\xA8\xE1\x5A\x73\xE0\x6C\x9E\xAC"
"\x7E\xCC\x8D\xCE\x17\xF1\x0B\xBB\x3C\x7E\xD3\xEE\xC1\x1A\x8E\x5F\xFE\xF8\x9D\x7D\x3F\xBE\x1F\xFF\xDF"
"\x83\xB1\x7F\x01\x56\x3C\x7A\x68\x7F\xFB\xE1\x19\x00\x00\x00\x00\x49\x45\x4E\x44\xAE\x42\x60\x82"
}
};

static const binfile_t background_gw = {"background_gw.png", 1266, {
"\x89\x50\x4E\x47\x0D\x0A\x1A\x0A\x00\x00\x00\x0D\x49\x48\x44\x52\x00\x00\x01\x40\x00\x00\x00\xF0\x02"
"\x03\x00\x00\x00\x0C\x43\x55\xF8\x00\x00\x00\x01\x73\x52\x47\x42\x00\xAE\xCE\x1C\xE9\x00\x00\x00\x04"
"\x67\x41\x4D\x41\x00\x00\xB1\x8F\x0B\xFC\x61\x05\x00\x00\x00\x0C\x50\x4C\x54\x45\xDE\x7B\x29\xD6\x4A"
"\x00\x5A\x7B\x7B\xDE\x31\x84\x05\xD9\x4F\x3C\x00\x00\x00\x09\x70\x48\x59\x73\x00\x00\x0D\xD4\x00\x00"
"\x0D\xD4\x01\xEF\x91\xBA\x15\x00\x00\x04\x6F\x49\x44\x41\x54\x78\xDA\xED\xDC\x5D\x72\xE3\x20\x0C\x00"
"\x60\xF1\xC0\x11\x74\x1F\x8E\xC0\x03\xDC\xFF\x2A\x3B\x49\xEB\x04\x8C\x7E\xB1\xDA\x7A\x66\xA3\xA7\x6E"
"\x8B\x3F\x24\xE1\xC4\x8E\xC9\x2C\x3C\x02\x7B\xAF\xF0\x8A\xBE\x46\x03\x57\xE4\xC7\x31\x65\xFA\xD7\x39"
"\x8A\x0B\x9C\x93\x40\x0A\xAC\x1E\x2F\x4D\x49\xA4\x4E\x86\x07\xC4\xA9\x4F\x99\x06\x3D\x35\xCF\x49\x20"
"\x0D\x3A\x6A\x4E\x53\x12\x4C\xC5\x9E\x9A\xF3\x94\x44\xE6\x40\x7B\xCD\x38\x25\x81\x1C\x68\xAF\x79\x4E"
"\x82\xF3\x1C\xE7\xF6\x94\x04\xDB\x42\x7B\x13\xD3\x94\x44\xE6\x41\x6B\x13\xF3\x74\x0C\xC6\x82\x95\x6F"
"\xA1\x7D\x55\xC6\x9C\x9A\xD0\x42\xF3\xAA\x4C\x45\x0A\x2D\x34\xAF\x4A\x37\x47\xB9\x3D\x58\xA3\xC1\x76"
"\x7B\xB0\x87\x83\xE5\xF6\x60\xBD\x3D\xD8\x6E\x0F\xF6\xFB\x83\xE5\xF6\x60\xFD\xFF\xC0\x76\x7B\xD0\x74"
"\x22\xE2\xED\xC1\xFC\xA7\xA0\xE5\xA5\x92\xA2\xC1\xF8\x17\x33\x46\x83\x9E\x26\x9A\x5E\x7B\x29\x1A\x8C"
"\xBF\xEE\x61\x34\x98\xA3\x41\x47\x13\x8D\x37\x60\x18\x0D\xE6\x68\x10\xC2\xC1\x1C\x0D\x42\x38\x98\xA3"
"\x41\xEB\x42\x3B\x1E\x08\x61\x34\x68\x14\x21\x58\x74\x3D\x03\xCB\x1F\xF0\xAE\x60\x13\x57\xBB\x4D\xC3"
"\x9B\x01\x7C\xFE\x64\x01\x51\x4F\x38\x1F\x9E\xF0\x16\xFE\x12\xE6\x87\x98\x2C\x58\xC6\xE9\xC9\x38\x06"
"\x5B\x7A\x9A\xDF\x97\xA0\xA4\x65\xF8\x5A\x40\x29\xC5\x34\x4C\xA7\x81\xD8\x2D\x29\x0E\x81\x32\x98\xD6"
"\x1E\x28\x91\x65\x70\xF8\xB3\xF1\x61\x4E\x92\x41\x5C\x9B\xA0\x85\x0C\x8E\xBF\x8A\x00\xA7\xFC\x8D\x35"
"\xA3\x04\x4E\x1D\xAE\x01\x20\x12\x5D\xD0\x82\x59\xE6\xAF\x74\xFA\x8F\x82\xFD\x3A\x78\x3A\xA7\xCA\x65"
"\x30\xEF\x80\xC9\x0E\x5E\xBA\xAB\x7D\x66\x83\x3F\x0C\xB6\xCB\x60\xBF\x33\x48\xFE\xE9\x74\x28\xDD\xD3"
"\xBC\x0F\xD2\xE7\xD1\x15\xB0\xD9\xC1\x46\xFE\xE9\x94\x11\x7D\xAA\x5F\x02\xA9\x14\xF1\x0A\xF8\x6E\x42"
"\x1F\x7F\x4B\x44\x35\x82\xC7\x6F\xD2\xFB\xC7\x6B\xE0\x78\x3F\x50\x0F\xFA\x0A\xD8\x07\xF0\xEB\x20\xE6"
"\x0A\x50\xAC\x60\x19\x40\x69\x33\xCE\x0C\xD6\x11\x14\x02\xAC\xE0\x7A\xCB\xF2\x3B\x60\x33\x83\x3D\x1C"
"\x2C\xC3\xCF\x7C\x54\x3B\xF8\xBD\x2A\xCA\xC7\xBD\xF2\x87\xA0\xFC\x0D\x82\x23\x20\x18\x6C\x0E\xD0\xB4"
"\xCC\x1B\xA0\xBC\xCC\xDC\xEB\x09\x04\x50\x5C\x15\xEE\xBB\x1F\x24\x58\x0C\x4D\x84\x0D\x30\x6D\x80\x4D"
"\x02\xA5\x26\x36\xA0\xC7\xD0\x60\xD5\xC1\xCA\x80\x55\x04\x2D\x5F\x4B\x40\x0F\x28\xAC\x0A\x30\x19\x16"
"\x11\xB4\x7F\xF6\x36\x82\x7C\x13\xD9\x0F\xD3\x40\x82\xAF\xF9\xD9\x9A\x81\x1B\xA1\x80\xCA\xE7\x50\xD0"
"\xEF\x37\x95\xF1\x47\xB0\x15\x57\x1A\x7C\x27\x2E\x5D\xE3\xA9\x8A\x8B\x06\x66\xA5\xE2\xF3\x84\xC0\x80"
"\x55\xAE\xB9\x9A\x5B\x08\x4B\xEA\x64\xCD\x6C\x01\xEB\x2D\xFA\x32\x55\x72\x55\xBC\xDE\xFE\xAE\x73\x11"
"\x29\x16\xB6\x21\x4B\xC5\xB0\x1E\x95\x85\x04\xF5\x8A\x81\x98\x4D\x48\x50\xAF\x18\x88\x44\xF8\x73\x57"
"\x7B\xB7\x3E\xA7\xC3\xBC\x2B\xD2\x83\x99\x04\x81\xCC\x85\x01\x0D\x1D\x3C\x1F\x4B\xDE\x29\x12\xAB\x75"
"\xFE\x22\x29\x0B\x92\xE2\x7A\x1B\x27\x7D\xA4\x3D\xB7\x85\x78\x60\xB6\x46\xF5\x80\xF4\xD3\x99\x39\xC0"
"\x07\x3E\xBB\xB6\xFD\xAD\x37\xEE\x20\xE9\xAE\xA4\xEE\x80\x52\x94\x68\x10\x82\xC1\x16\x0D\x96\x68\x10"
"\x82\xC1\x16\x0D\x16\x1D\xAC\x91\xDF\xEF\xF8\x1A\x12\xB8\xAD\xFE\x3D\xC4\x0E\x16\x1D\x7C\x0C\xB1\xEF"
"\xAB\x83\x0A\x32\x1F\x83\x99\xA8\x3A\x68\x7D\xE2\xA0\x24\x78\xEC\x7A\x09\x57\x4F\x57\x82\xCF\x7C\x1E"
"\xA2\x76\x9B\x34\x07\x7B\x52\xA7\xD7\x7C\x6D\x2A\x7F\xBB\x60\xA4\x07\xE0\x66\x7E\xEF\x93\xA4\x52\x9D"
"\x70\xA7\x37\x1E\xC7\x4E\x75\x0E\xEB\x7B\x96\x34\xD9\x14\xE2\xF9\xA7\x6C\xA3\xF9\xC1\xAC\xF4\x85\x4A"
"\x52\x7C\x17\x44\x05\xA4\x92\xB4\x5E\x8B\xF5\x1A\x94\x91\x8F\x48\x5B\xA0\xB0\xCC\x59\x07\xD1\x05\xE2"
"\x16\x28\x2C\x73\x0F\x06\xD3\x1E\xC8\x2F\x73\xDE\x03\xF5\x77\x9A\x30\xB0\x6F\x82\xDC\x32\xA7\x3F\x01"
"\x09\x8F\x5D\xE6\x1C\x0D\xE2\x2E\xD8\xA2\x41\xDB\xD8\xEB\x60\xDA\x07\xCB\xEF\x80\x79\x1F\xA4\x97\x19"
"\x6F\x0F\xF6\x7D\xB0\xFD\x0A\x98\x2E\x80\xE3\xE6\x6D\x09\x01\xA7\x60\x1E\xCE\xEF\x83\xCC\x8E\xD2\x05"
"\x90\xDE\xA4\xBC\x02\x3E\xAB\x0E\x05\x3B\x58\x1E\xD7\x79\xC0\xA6\x6E\x86\x38\xC1\x5E\xB5\xFD\x1F\x2F"
"\xB8\xC6\x07\xFC\x80\x1F\xF0\x03\x52\xD1\x7E\x0B\xC4\x5D\xB0\x46\x83\x65\x03\xAC\x52\x47\x36\x40\x79"
"\x00\xB8\xC1\x63\x04\xFD\xF8\xA4\xB9\xC1\x77\x49\xE4\xD3\x13\xF9\xD1\x98\x72\x00\x46\x80\xE3\x98\x24"
"\x16\x60\x03\xAB\xD6\x17\x70\x82\x73\x02\xC9\x01\xDA\xD6\x10\xB5\x01\x1A\x58\xB4\x3A\xAA\x0F\xE4\xB7"
"\x7E\x75\xD0\xF8\x71\xD4\xB0\xB3\x29\x81\xEB\xFC\xC6\xFB\x61\x6A\x6E\x1A\x4C\x5A\x09\x32\x58\xB4\x42"
"\x24\x90\x3A\x11\xD5\x79\xAB\x2F\xC3\xA6\xCE\x5B\x7C\x20\x35\x3F\xBD\x2B\x4B\x85\xAD\x85\xB6\xA7\x4A"
"\x1C\xA8\x8E\x93\xD6\x24\xD9\x5A\x38\xB7\xA6\xFA\x40\xFD\x5B\xCC\x12\x68\x7E\x06\x3B\xFF\x4F\x2C\x2E"
"\x50\x2F\x05\x5C\x20\x57\x8F\xD6\xE4\xEF\x40\x63\xC5\xE3\x48\x1F\x68\xB8\xE0\xFA\xB6\xB1\x0D\x97\x33"
"\xD7\x36\xB6\xE5\x62\x21\x79\xC9\x9C\xE0\x30\xB7\x07\xB4\xBC\x73\x3E\xC7\x00\xFC\x03\xFB\x4D\x28\xDF"
"\x97\xEA\x4E\x7F\x00\x00\x00\x00\x49\x45\x4E\x44\xAE\x42\x60\x82"
}
};

static const binfile_t background_lnx = {"background_lnx.png", 1246, {
"\x89\x50\x4E\x47\x0D\x0A\x1A\x0A\x00\x00\x00\x0D\x49\x48\x44\x52\x00\x00\x01\x40\x00\x00\x00\xF0\x01"
"\x03\x00\x00\x00\x4B\xE3\x2F\x28\x00\x00\x00\x01\x73\x52\x47\x42\x00\xAE\xCE\x1C\xE9\x00\x00\x00\x04"
"\x67\x41\x4D\x41\x00\x00\xB1\x8F\x0B\xFC\x61\x05\x00\x00\x00\x06\x50\x4C\x54\x45\xD4\x53\x00\xE7\x7F"
"\x1C\x43\x70\xAD\xBE\x00\x00\x00\x09\x70\x48\x59\x73\x00\x00\x0D\xD6\x00\x00\x0D\xD6\x01\x90\x6F\x79"
"\x9C\x00\x00\x04\x61\x49\x44\x41\x54\x68\xDE\xE5\xD9\x4D\x6E\xD5\x30\x10\x07\xF0\x09\x11\x8A\x44\x17"
"\xD9\x51\x76\xD9\xB2\xE3\x08\xEE\x11\xB8\x41\x8F\xE2\x70\x13\x6E\xD2\x70\x93\x77\x84\x2C\xB3\x78\xCA"
"\x10\x7F\x24\xFE\x9A\xB1\x07\x5A\x09\x10\xDD\x34\xEF\xF5\xA7\x7F\x62\x7B\x6C\x39\x2E\xA0\xF0\xE7\xFF"
"\x81\x4F\x20\x83\x2B\xC0\x20\x82\x00\xD0\x49\xE0\x76\x40\x50\x02\xB8\x18\x38\xB6\xE1\x6E\x1C\xF4\x6D"
"\x78\x34\x25\x7E\x48\xA8\xDF\x19\x40\xB7\xA0\xBB\xB3\x00\xAE\x1E\x4E\x2D\x38\x7B\x38\x36\xE0\xDD\xBB"
"\x6B\x6C\x38\x78\x73\x9D\xB3\x5F\xFD\x03\xD5\x3B\x8F\xB8\x74\x75\xE8\xEF\xAC\x8E\xE4\x3A\xBC\x9D\x7D"
"\xB3\x9E\xFD\xC3\x40\xDF\x12\x13\xAD\x6A\xD0\xDF\xB9\x33\x57\x53\x0D\xFA\x3B\xF7\x66\x80\xAA\x10\x2E"
"\x88\x67\x8F\x93\x70\x8B\x3A\xFB\xEC\x71\x12\x2E\x11\x9C\xFB\x0A\x84\x68\x9C\x6B\x70\x4B\x60\xC7\xC3"
"\x25\x81\xC0\x42\x5F\xB2\xDD\xEE\xA1\xE6\xE0\x7A\xC6\xCD\xA3\x8D\x67\xE1\x72\x15\x84\x4B\x54\x0C\x0C"
"\x93\x65\x75\x70\x62\xE0\x7A\x15\xC4\xE6\xE0\xC8\xC0\x25\x14\x84\x08\x9A\x82\xB0\x23\xE3\xC7\x10\xB8"
"\x47\x34\x03\x62\xC7\xDA\xCF\x9A\x02\xDE\xA2\x71\xEE\x6B\x10\x52\xB8\x9F\xCB\x0F\x30\x6D\xB6\x4D\xF8"
"\xE6\x6A\x9D\x84\x90\x8C\xB3\x2B\x10\x0A\xAE\x29\xD4\x16\x6A\x02\x42\x02\x17\x65\xDB\x46\xC0\x35\x85"
"\x47\x55\x2C\xE0\xD7\x71\x60\x02\x7D\x75\xDB\x5E\x9D\x0A\xB8\xE5\xD0\x5D\x96\x70\xA6\xE1\x98\xC3\x38"
"\xB0\x0A\xE3\x40\x37\x55\xC3\x65\x0C\x93\x40\x37\xF9\x69\xB8\x24\xB0\x0F\xB0\x4F\xE1\x1D\x72\xB8\xD3"
"\x30\x0D\x74\x4B\xDE\x75\x19\xC1\x2C\xD0\x2D\xA2\x14\x5C\x4A\xB8\x85\xCB\x00\x8B\x40\x70\x05\x51\xC0"
"\x22\xF0\x18\xB8\xEB\x3B\x1D\xE0\x5E\xB8\xA3\xF7\x80\x80\xB7\x12\xC2\xD7\xE8\x29\x4E\x48\x04\xA6\x8F"
"\x7B\xC2\x5B\x1D\x4E\x27\x6C\x04\x06\xB8\x4A\x61\xC3\xD9\x82\x84\x2C\xF0\xA9\x06\xA3\xAF\x7A\xF2\x29"
"\x06\x07\xE3\x82\x7D\xAE\xC1\x68\x06\x74\x74\xBB\x6C\x11\x27\x81\x5F\x6A\x30\x09\xCC\x26\x4E\x0C\xEF"
"\x49\x20\x0D\x4D\xE5\x42\x5C\x5F\x58\x83\xD1\xCF\xA3\x14\xD2\x95\xEE\xFF\x12\x7D\x1A\xA5\x50\x0B\xE1"
"\x43\xA5\x84\x75\x0C\xB5\x10\x0E\x28\x84\xAA\x06\x55\x80\xEF\xCF\x15\xA3\x05\x95\x10\xBE\xC3\x2A\x9C"
"\xAE\xEF\x27\x21\x0C\x81\xBE\xEA\xBA\xEF\x34\x9C\x72\x38\xA6\x05\x3C\x7A\xD8\xE9\x0C\x76\x9A\x86\x63"
"\x70\xE7\xCB\x09\x09\xE3\x40\x07\x15\x0D\xE3\x40\x07\x75\x06\x07\x07\x5F\x08\xB8\x10\x70\x88\x9D\x5B"
"\x01\x75\x36\xE4\x0E\xBE\x10\xF0\x46\xC0\x1E\x4B\xA8\x52\x67\xCC\xB1\xDC\x10\x10\x08\x98\x05\xB2\x6B"
"\x4A\xA8\xAF\x16\x44\x09\xEC\x5E\x03\xB7\xBF\x0C\x02\x01\xEF\x6F\x0E\xF7\x3F\x97\xC8\x2D\x67\xBF\x0F"
"\xCF\x35\x65\x16\xC2\x61\x11\xC2\x97\x5B\x13\xDA\x7B\x0E\x59\xB9\xB1\x50\xA1\x30\x51\x67\x50\x71\x30"
"\xDF\xAC\xF1\x70\x9F\x9B\xD0\x46\xE5\x53\x87\x85\x1A\x84\xF0\xB3\x00\x92\x6B\xCA\x5F\x06\xC9\x35\x65"
"\x7A\x73\xF8\xAA\x5B\x6F\x7F\x0E\xDE\xFF\x01\xB8\xFF\x22\x1C\x92\x49\x53\x81\xCF\xC9\x34\xE4\x61\x8F"
"\x4D\xE8\x16\x9F\xE7\xB4\x2E\x15\x0B\x51\x9A\x98\x41\x32\xD1\x34\xB7\xCB\x36\x69\x13\x0F\xD3\xDA\x60"
"\x13\x01\x67\x21\xCC\x8A\x4D\x55\xCE\xA4\xC2\xF3\x3D\x31\xCF\x58\xBC\x68\xAF\xB2\xC4\xDE\xD4\x93\x04"
"\x8E\x66\x50\x49\x18\x8F\xDD\x67\xBB\x5B\x9D\x9B\xB0\x77\xE7\x6B\x6D\x38\x1C\x1F\x94\x3B\xB6\xAB\xC3"
"\xC9\x1D\xCF\xDE\x68\x18\xAD\x29\xE6\x04\xC9\x42\xD5\x84\xBB\x7B\xB9\x6D\x24\x76\x28\x87\xD8\xF1\x70"
"\x8B\x7A\xC7\x9E\x9D\xC9\xE1\x06\xE4\x89\xE6\x5D\x0A\xB7\xA8\xBF\x11\x7F\x48\x12\x4F\xB8\xBE\x29\x5C"
"\x78\x18\x96\xB3\x51\x0A\xAF\xC4\x4E\x02\x4D\x51\xD0\x10\x0B\xB8\x88\xA0\x12\x40\x33\x32\xF3\xE4\x0E"
"\xCF\x45\x10\x5A\xD0\x1E\x12\x0C\xB8\x73\x70\x4E\x60\x7F\x0C\x75\x0B\x82\xED\xAB\xA3\xBF\x87\x16\xD4"
"\x66\x3C\x3F\xCC\x1C\x0C\x6B\x8A\xF2\x35\xD7\x84\x93\x9F\x40\x63\x0B\x0E\xFE\xBA\x09\xBB\xF0\x5A\x4D"
"\xC1\x72\x8B\x24\x86\x4A\x0A\xF5\x2B\x61\xB9\x45\x42\x21\xB4\x63\xAE\x05\xB0\x67\x60\xF1\x8C\x03\x0D"
"\xCB\xDD\xC7\x48\x43\xB2\xBF\xCB\xD7\x66\xEA\x34\x85\x86\xC4\xFE\x51\x93\xB0\x74\xEE\xAC\x39\x87\xC4"
"\xAE\xD0\x1D\x73\x4F\x19\x9C\x81\x6C\x74\x01\xA9\x6D\xA6\xA2\x20\x11\xE8\x46\x39\x3D\x71\x21\xF7\x84"
"\x0F\x14\x5C\x08\xA8\x09\x48\x05\x7E\x41\x02\x12\x81\xD7\x7F\x72\xE3\x43\x1C\x62\x33\x7A\x9D\x7F\x25"
"\x90\x78\x43\x51\x14\x24\x02\x1F\x91\x82\x65\xE0\xFB\xF0\xC7\xF8\x18\xA7\x0C\x7C\x21\x61\x59\x5F\xF1"
"\xA8\x45\xB0\x70\x0F\x48\x42\x72\x92\x46\xF0\xFA\x58\x94\x43\x7A\x58\x75\xC1\xA2\xBE\xD2\x22\x08\x70"
"\xE6\x7B\xC6\xB7\xC0\xFD\xBE\x57\x7A\x26\x81\x59\x39\x7C\x7C\x44\x1A\xE6\x81\x88\x0C\xCC\x02\x1F\x29"
"\x68\x0A\x38\x2F\x07\xCD\xC1\xAC\x1C\x1E\x90\x81\x82\x40\x07\x05\x81\x98\x1C\x38\x57\x02\xB1\x3C\x61"
"\x2D\xC6\x24\xC0\x2C\x50\x31\x70\x12\x05\x1A\x38\x4B\x02\x0F\xF8\x49\x14\x58\xD6\xBF\x12\x42\x2E\x10"
"\xA5\x81\x39\x7C\x87\x42\x38\x09\x21\x1F\x98\xC1\x51\x08\x3B\x2D\x84\x95\x40\x94\x06\xA2\x30\x10\xF1"
"\x27\xF3\x76\x9C\x1E\xAF\xDD\x82\x80\x00\x00\x00\x00\x49\x45\x4E\x44\xAE\x42\x60\x82"
}
};

static const binfile_t background_md = {"background_md.png", 1119, {
"\x89\x50\x4E\x47\x0D\x0A\x1A\x0A\x00\x00\x00\x0D\x49\x48\x44\x52\x00\x00\x01\x40\x00\x00\x00\xF0\x01"
"\x03\x00\x00\x00\x4B\xE3\x2F\x28\x00\x00\x00\x01\x73\x52\x47\x42\x00\xAE\xCE\x1C\xE9\x00\x00\x00\x04"
"\x67\x41\x4D\x41\x00\x00\xB1\x8F\x0B\xFC\x61\x05\x00\x00\x00\x06\x50\x4C\x54\x45\x27\xAE\x60\x2E\xCC"
"\x71\x39\x61\xE8\xB7\x00\x00\x03\xF7\x49\x44\x41\x54\x68\xDE\xE5\xDA\x4D\x92\x9C\x3A\x0C\x00\x60\xB9"
"\x58\x78\xE9\x1B\x84\x6B\x64\x15\xAE\x95\x1D\xDC\x24\x57\xF1\x51\x48\xE5\x02\x2C\x59\x50\xF8\xB5\x6D"
"\x7E\x64\x90\x25\x75\x8A\x54\xA7\xF2\x58\x4C\xD5\x74\x7F\x33\x96\x64\x03\x36\x06\x42\xFD\x58\x00\xFD"
"\x02\x1C\x34\x1F\x83\xB3\x1A\x36\xFF\x47\x38\xA9\xA1\xFD\x87\xE0\xA8\x86\xEE\xEF\x87\x5E\x0D\xDB\x8F"
"\xC1\x41\x0D\x3B\x01\xFE\x50\xC1\x19\x5E\x87\x93\xA1\x87\x74\xA4\x93\x00\x18\x38\x01\x9C\x12\xFA\x2A"
"\x5C\xE0\x38\x1C\x0B\x87\x13\xBE\xDA\xAD\xC3\x19\x39\x30\x6B\x1D\xE2\x7F\x08\xF0\xA5\xF8\x0E\xE8\x08"
"\xF3\x51\x83\x5E\x09\x57\x50\xC2\xE9\x06\x2B\x83\xE2\xD6\x32\xD0\x17\xA9\x7B\xCB\x80\xFB\x10\xE8\x22"
"\x6E\x87\xA5\xA0\x27\x20\x50\x90\x72\x28\x1D\xA8\x56\xFB\x92\x0E\xD4\x8B\x53\xB6\x0D\x6C\x88\xA8\x6D"
"\x60\x43\x44\x79\x03\x53\xC5\xA2\x6D\x60\xAA\x58\xD4\x7C\x87\x23\x08\x6D\x03\x9F\xCB\x6B\xA0\x5F\x20"
"\x54\x8F\xBE\x80\x6B\x1D\xB6\x05\x9C\xEB\xD0\x16\x70\xAA\x43\x28\xA0\x67\x60\x87\xE1\xC0\x40\x87\x21"
"\xE3\xB6\x20\x41\x4A\x7A\x0F\x12\xA4\xA4\xF7\x4A\x82\x98\xF4\x56\x49\xE0\x7B\xFA\x0C\x12\xC4\xEA\x6C"
"\xDD\x0D\x62\x75\xB6\x20\x41\xAC\xCE\x56\x72\x90\xAB\x93\x4B\x0E\xF5\x53\xB5\x3C\x69\x41\x2E\x63\xCE"
"\x06\xE4\x32\xE6\x6C\x40\x2E\x63\xCE\x46\x07\xDD\x06\xBD\x04\xED\x06\x07\x90\xB3\x01\x45\xBD\xD3\x48"
"\x03\x45\xBD\xF3\xFD\x4E\x07\xDB\x04\x17\x19\xDA\x04\x67\x19\x36\x09\x4E\x32\x34\x5A\x08\x3D\x68\x3A"
"\x26\xA6\x0D\x9A\x8E\x89\x69\x6B\xA1\x05\x4D\x0F\xC6\xB4\xB5\xD0\x80\xAA\xAB\x73\x77\xAF\x8F\xC3\xE5"
"\x73\x70\x7E\x1C\x4E\x8F\xC3\xF1\x71\xE8\x3F\x07\x8F\xE1\xE8\x46\x25\xEC\x56\x2D\x64\xA3\x40\x03\xBC"
"\x67\x7B\xB3\x80\x8B\x16\x72\x41\xA2\x2F\x83\x1E\x86\x47\xE0\xF2\x36\x34\x6F\xC0\x55\x01\xCD\xA8\x84"
"\x76\x95\xE0\xBC\xDF\xEE\x7E\xF1\xA7\xF8\x09\x83\x0E\xB6\x4F\xC0\xEF\x09\x4E\x08\xD2\xC3\xCC\x2D\x3A"
"\x68\x72\x31\x76\xD8\x55\xA1\xCB\x1D\x26\x42\xB3\xDD\x0E\x0A\x48\xDD\x20\xDA\x1D\x8E\x18\xCE\xF4\x0C"
"\x0E\xC3\xBE\x32\x87\x75\xFB\xA7\x17\xE8\xE9\x59\xE6\x1D\x8E\x14\x5C\x31\xAC\xAD\xA8\xDA\x3D\x72\x0D"
"\x4C\xF1\xEC\x51\xD5\x16\x40\xED\xFE\x99\x02\x0E\x05\xEC\xAB\x4D\x6F\xC3\x5E\x82\x6E\x2F\xED\x0E\xBB"
"\x0A\xB4\xE3\x05\xB6\xC2\x22\xED\x80\x46\x84\x43\xB1\xBE\x51\xC0\x46\x58\x0C\x9C\x43\xF0\x73\xD0\x08"
"\xEB\x90\x3F\x08\x5F\xE5\x59\xB8\x4B\x6E\x01\x9D\x16\xC2\xA2\x80\x36\xC2\xAF\x0C\x44\x0B\x07\x76\x06"
"\xF4\x3E\x74\x7F\x02\x4E\xDA\x18\x1F\x86\x46\x98\x7C\xE1\x99\x82\x12\x5A\x7E\x4E\x85\x06\x56\x6D\x8C"
"\xD9\x29\xCD\xEC\xCF\x6F\x5D\x6D\x89\xB2\xA6\xB5\x82\xBC\x52\x88\x67\x92\x06\x36\xB1\x1C\x56\x01\x53"
"\x81\x35\x30\x0D\x02\x27\xC0\x6F\xF9\x3A\xB7\x48\xD0\xC4\xD2\x76\xF1\xFE\xD1\x82\xF0\x60\x66\xDE\x9E"
"\x29\x08\xB0\x8D\x73\x82\x7E\x83\x5E\x58\xFB\x27\x38\x08\x30\x5D\x3A\x82\x0C\x4D\xBA\xBC\x29\x60\x73"
"\x40\x2F\xC3\xD1\x28\x60\x7C\xD0\x33\xBD\x09\x1D\x70\xE3\xDF\x1D\x3B\x77\x7A\x68\x59\xD8\xBE\x03\xF3"
"\xEE\xA2\x6F\x64\x98\xEB\x68\x80\xBB\x3C\xFC\x06\x1C\xE0\x49\xD8\xE7\xA9\x14\x77\xF5\xCC\xB0\x7B\x03"
"\xAE\x0A\x38\xC7\x9F\x6B\xB9\xFA\xA0\xBB\x30\xFE\x5C\x54\x70\xBB\xAF\x48\x70\x8A\xC3\x77\x2A\x57\x48"
"\xF4\x78\x8C\x67\x8E\x17\x60\x93\xE7\x37\x7D\x00\x1D\xDC\x66\xF6\x41\x3A\x5D\x5F\x6B\x22\x09\x16\x8F"
"\x6E\xD8\xA7\x38\x3D\xFA\x37\x57\xD8\xE1\x1B\x58\x57\x2C\x06\x87\xEB\x73\xD3\x73\xD0\x3B\xD4\xC1\xE5"
"\xE4\xA9\x29\xE7\xF7\x0D\x3A\x51\x4A\xE8\x2E\x53\xE2\x6F\xB5\xE7\x14\x5D\xA8\x3E\x1F\x2F\x21\xB3\xAB"
"\x53\xDC\xA5\x1B\x66\xB7\xA6\x80\xE7\xFE\xE9\xC8\x3F\xEF\x69\xEB\xBB\x68\x25\xEC\x6A\xFB\x72\xD7\x67"
"\x52\x81\xD9\x1E\xC3\x4B\x60\xC3\xEF\xE0\xAD\x44\xD2\x44\xDB\xB8\x14\xB6\xD8\x6B\x66\xA0\xAB\x6E\x47"
"\x5E\xC6\x26\xDE\x3E\xBD\x9D\x22\x78\xEE\xDD\x07\x26\x48\x1C\x0D\xB9\x57\x4B\x40\x53\xD9\xAC\x3D\xE0"
"\x44\x55\xE7\x56\x49\x94\x9F\x2D\xE1\x7A\x83\x0B\x55\x9D\x5B\x36\xE8\x4F\xDB\xC0\x65\x83\x46\x69\x17"
"\xB8\x6C\x50\x1B\x3D\xB5\xE7\x5D\x40\x4F\x55\xE7\x9A\xCD\xD9\xFF\x37\x18\x6E\x70\xA2\xAA\x73\x4D\xFB"
"\x0C\xC6\xDD\xDF\x6A\xB8\xC2\x85\xAC\xCE\x25\xED\x33\xEA\x2E\x04\x2E\xED\x33\x6A\xEA\x6D\xA5\x2B\xF4"
"\x64\xD2\x65\x7D\x8E\xA8\x1B\xE2\x65\x84\x1B\x9C\xC9\xA4\xCB\xFA\x1C\x6D\xB4\x1A\x18\x3F\xE9\xA9\x57"
"\x2F\x6E\xD0\x93\x21\x12\x97\xCE\x85\x0C\x91\xBA\xC6\xFE\xA4\x5F\xB3\x01\xF2\x02\xF6\x0C\xFC\x0F\xD1"
"\xA3\x9F\x20\x46\x8D\xDE\xB8\x00\x00\x00\x00\x49\x45\x4E\x44\xAE\x42\x60\x82"
}
};

static const binfile_t background_msx = {"background_msx.png", 1438, {
"\x89\x50\x4E\x47\x0D\x0A\x1A\x0A\x00\x00\x00\x0D\x49\x48\x44\x52\x00\x00\x01\x40\x00\x00\x00\xF0\x01"
"\x03\x00\x00\x00\x4B\xE3\x2F\x28\x00\x00\x00\x01\x73\x52\x47\x42\x00\xAE\xCE\x1C\xE9\x00\x00\x00\x04"
"\x67\x41\x4D\x41\x00\x00\xB1\x8F\x0B\xFC\x61\x05\x00\x00\x00\x06\x50\x4C\x54\x45\x34\x98\xDB\x20\x77"
"\xB0\xB9\xFD\xB4\x60\x00\x00\x05\x36\x49\x44\x41\x54\x68\xDE\xB5\xDA\xCD\x91\xEC\x26\x10\x00\x60\x28"
"\x0E\xF8\x86\x8F\xBE\xE1\x10\x1C\x80\xAB\x48\xC5\x21\x38\x02\xA3\x9B\xD3\x52\x28\x0A\x41\x47\x1D\x28"
"\xC9\x7A\xA3\x01\xFA\x17\xE1\x72\x79\x0F\xFB\xE6\xED\x7C\xDB\x83\x50\x8B\x9F\x66\xCD\x75\xAD\xC6\x18"
"\x7B\xB5\x2F\xA3\x7C\x5D\xD7\x82\xE1\x3E\x0B\x2F\x15\x1A\x02\xB7\x59\x78\x2A\xF0\xA4\x50\x09\x29\xC0"
"\x22\xC3\xC2\xE0\xA7\xC3\x38\x3C\x38\x2C\xB3\x50\x0C\xF9\x74\xF0\x07\xA6\x06\x8F\x21\x3C\x5D\x0F\xB9"
"\x08\x70\x6B\xD0\xE4\x51\xC8\x0E\x8B\xF1\xA3\x90\x4F\xC3\xED\x13\x25\x0F\x52\x03\x41\x3F\x48\x8D\xE7"
"\x43\xEC\x37\xC8\x20\xDB\x9E\x5F\xAD\x30\xE8\xA9\xD1\xE1\x66\x50\x48\x9A\x1A\x27\x86\x59\x0D\xD9\xE1"
"\x8A\x21\xBD\x8F\x45\x85\x45\x83\x0B\x81\x24\xE4\xD1\xA0\xA1\xB0\xCC\x42\x1C\x72\xAF\xF0\xE4\x10\xA5"
"\xC6\x36\x80\x28\x35\x1A\x2C\x02\x84\x21\xD7\x11\xBC\x24\x78\x48\x10\xA4\xC6\x52\xE1\x2E\xC1\x6B\x1A"
"\xD2\x6C\xB3\x35\x5B\x28\x3C\x67\x21\xCD\x36\x5B\x6F\xC3\x03\x57\x35\xDB\x30\xDC\xE1\xC8\xB1\x51\xB8"
"\x74\x78\xFF\x1B\x95\xD4\x40\xF0\xC0\x83\xD1\x4A\xA0\x69\xF0\xF3\x4E\x92\x43\xDA\xDA\xE8\x5C\x53\xC1"
"\xC9\x21\x21\xFC\xBE\x92\xC7\x36\x5B\x3F\x20\xB7\x9F\xCB\x03\x11\x84\xB5\x3F\xC4\xB1\xCD\xD6\xFF\xE4"
"\xDE\x24\x31\x24\x84\x4B\x9F\x82\x78\x6A\xD8\xFA\x3A\x83\x7B\x26\x8D\x6D\x00\x16\x38\xAB\xB1\x90\xB6"
"\x5E\x42\x86\x2D\x0F\x3C\xA4\xAD\x97\x90\x51\xAA\xF2\xD4\x00\x10\x66\x4B\x64\xD9\x66\xEB\xB5\x66\x72"
"\xC3\xE8\x67\x2B\x10\x84\x6C\xB0\xDD\x0E\x34\x71\x38\x06\xCF\x06\x71\xEA\x27\x15\x92\x67\xC4\x51\x58"
"\x14\xD8\x42\x32\x48\xE7\x6A\x4F\xE0\xA1\xC1\x9A\x6D\x0C\xB2\x79\xD5\x63\x58\x6F\x5C\xE6\xB3\x65\x9E"
"\x85\x01\xC1\x96\xFF\x9B\xB4\x86\x02\x70\x1D\xC0\x30\x0B\x0D\x84\xF5\x0E\x67\x69\x25\x13\x67\xA1\x03"
"\xD0\xFC\x6B\x28\xAC\x78\xFA\x04\x08\x7B\xF7\x3F\x41\x23\x41\xF3\xFF\x40\xBF\xB2\xBC\xB8\xBF\xFF\xCC"
"\x61\x2A\x93\x90\x3C\xB4\x3F\x9E\x87\xFB\xFB\x6F\x12\x2C\x6F\xF0\xAF\xDA\xF8\x85\xC3\x3F\x19\xB4\x74"
"\x3D\x11\x07\x10\x85\x7C\xE0\x2E\xC3\x03\xA7\x2E\x78\x5C\x08\xBC\xA6\xE1\x4E\xA0\xDB\x59\xF7\x58\xBA"
"\x9E\xF0\x0A\x34\x74\xA6\xFE\x40\xAF\xC2\x13\xA6\xB8\x0C\x33\x09\xF9\x81\x41\x80\x89\x84\xFC\xC0\x28"
"\xC0\x48\x66\x6A\xAB\x41\x47\x26\xFF\x0F\x4C\x02\x6C\xE3\xEC\x0A\xB6\x70\x04\x2E\x68\x9C\x2D\x00\xB6"
"\x81\xEE\x57\xF8\x14\x66\x3C\x53\x23\xF8\x07\x84\x01\x4F\xFE\x3F\x66\x95\x4B\x84\x24\xE4\x0D\xDB\x4C"
"\xFD\x2C\x62\xDB\xD8\x13\xD0\x4C\x9D\x74\x68\xD0\xB4\x7A\x43\x57\xA1\x25\x30\xC2\x09\x46\x80\x1B\x9D"
"\xDC\xBE\xBF\x75\xF7\xD8\x17\x3A\x02\x0D\xBC\x9A\x78\x32\xB8\xD3\x59\xF0\x03\x43\xB9\xAF\xEE\xFB\x96"
"\xA7\x30\x42\x78\x74\x18\x36\x32\xC5\x79\x70\xBB\xEF\x37\xA3\x0A\x1D\x80\xF7\xF0\xD6\x60\xDC\xE8\xEC"
"\x0A\xD2\xDC\x2F\x77\x93\x55\x98\x3B\x74\x60\x45\x94\x36\xBA\x02\x48\xE8\xC1\xA1\xF0\xA2\x6B\x99\xBD"
"\x35\x64\x87\xB3\x20\x84\x41\x86\x75\x03\xB9\x90\xFE\x39\x34\xB8\x92\xFE\xA1\xD0\x56\xB8\x91\x95\x99"
"\x0A\x77\x02\x0B\x81\xAE\xC2\x83\xF4\xB8\x0A\x69\x8F\x9F\x04\xFA\x0A\x69\x8F\xAB\xF0\x7A\x81\xA1\xC1"
"\x85\xDC\x1A\x15\xAE\x63\x18\x1B\xDC\xE5\x35\x54\x7F\xC4\x37\xBC\xFB\x68\x70\xD1\x20\xDD\x03\x10\x98"
"\x7B\x55\x61\xC1\x70\x55\x21\x19\x03\x08\x04\x75\x8A\x32\x0B\xDB\x67\x3B\xF8\x2C\x5C\xAD\x84\xD4\xE1"
"\x81\xD2\x07\x43\x87\x4A\x24\x0B\x84\xFB\x00\x1E\x3A\xF4\xB8\xE8\x02\x13\x72\x08\x77\x00\x0F\x04\x03"
"\x29\xE3\xBC\xC2\x88\xB6\x4E\xF0\x59\xF8\xC2\x78\xF5\xBA\x58\x0F\x23\x44\x4C\x35\x48\x84\x93\x41\xE6"
"\x17\xD3\xA0\x63\x10\x77\x78\xDF\xDC\x26\x70\x35\x99\xA7\x59\x87\x0E\x0C\xDD\x99\x67\x38\xC8\xAE\x84"
"\xE1\xA9\x42\x8F\x21\x1E\x29\x2C\xCC\xD7\x7C\xC1\x9A\xD7\xA1\x43\x8F\xE0\x86\xA0\x43\x0B\xA7\x0C\x61"
"\x5F\x56\x14\x06\x03\x6C\xE3\xD2\x33\x69\x79\x3E\x6D\x43\xE3\x5D\x83\xE0\x67\xC7\x13\x63\x23\xCB\xC0"
"\x07\x16\xBC\xFB\x21\xD0\xF4\x5B\x78\x40\xB8\x7F\x52\x01\xED\xC0\x4B\x7D\x73\xC7\x5B\x34\x0A\x6D\xCB"
"\xC7\x0D\xC1\x2D\xC9\xD5\xED\x8B\x56\x2D\x4E\x1D\x0E\x0A\x07\x08\x9E\x53\xD0\xC2\xAA\xD0\x0B\x3C\x66"
"\xE1\x36\x05\x1D\x1C\xF9\x5F\xE0\x32\x0B\xCD\x14\xF4\x72\x4D\x47\x82\x87\x50\xDA\x10\xCA\xEF\x01\xEE"
"\x40\x46\xB5\xF2\x80\x3E\x65\x50\x7E\x8F\x68\x3F\x35\x08\x19\x2F\xA9\xB4\x21\x5C\x4E\x3A\x85\x3A\x84"
"\x54\x10\xA5\x3B\x53\xB5\x87\x68\xBD\x44\x0D\xC9\xDA\xA2\x84\xB4\xEC\x54\x25\x6A\xD5\xCB\x45\x28\x06"
"\x08\xD5\x4B\x77\x89\xA5\x0D\x1E\xD2\x17\xB1\xBE\xC0\xAB\x97\xA1\x5E\xF4\x4F\x2F\xA9\xD1\x76\x63\xBF"
"\x48\x85\x34\x10\x32\xD5\x3E\xF8\xDD\x8C\x43\xB6\x4D\x50\x31\xC3\x90\x96\xD5\xCA\x94\x6C\x73\x27\x7D"
"\xA1\x64\x5B\xEB\x1D\x7F\x9A\x61\xC8\x58\x5B\x1B\x5F\xB2\x2D\xF5\xA9\x6C\x98\x1A\x3D\x25\x68\xA9\x91"
"\x84\x74\x60\xE2\x58\xB4\x90\x2B\x6C\x99\x63\x10\xA7\x46\xCB\x62\xCF\x20\xCA\xB6\xD0\x6E\x51\xB8\x06"
"\x09\x7C\xB9\xDE\xF1\x91\x43\x2B\x1E\x3D\x24\xE1\xA0\x31\x49\xA7\x38\xD2\xF8\xE5\x84\x83\x14\x2B\x0E"
"\x74\x89\x1F\x8F\x38\xF1\x50\xD0\xF3\xC3\x2B\x2F\x1F\x2C\xF3\x8A\x7E\x94\x21\xCF\xB6\xA4\x9C\x9A\xB2"
"\x6C\xCB\x0A\x64\xD9\xA6\x1F\xED\xE2\x1E\x77\x2A\x0C\xF8\xBA\xFD\xE0\xFC\x19\x85\x0C\xFA\xD9\x37\xCE"
"\xB6\xA8\x43\x3C\xB6\xA5\xC1\x01\x7D\x84\x9D\x3E\x3A\xC9\x87\xA3\x86\x1D\x1E\xF9\x83\x81\xC8\xA9\xC7"
"\xD4\x24\xE4\xDF\x43\xC8\x0F\xDA\x34\xE8\x29\x5C\xCD\x64\x48\x15\xFA\xF1\x19\x9F\x1E\x52\x87\x61\x16"
"\x9A\xF1\x89\xA5\x1A\x72\x00\xED\x2C\x84\x03\x91\xFC\xD0\x88\x21\x47\x10\x85\x2C\x23\xE8\x66\x21\x1C"
"\x88\xC6\xD0\xBD\xFE\x65\x09\x0F\xF9\x02\xFD\xFB\x5F\xD4\xBC\xAF\xDB\xB4\x90\xE7\x74\xC8\x17\x18\x66"
"\xA1\x99\x86\x61\x16\xDA\x59\x88\x4B\xA5\x33\x21\xCD\x6C\x48\x33\x1B\xF2\x1D\x0E\x87\x52\x21\xDB\xCC"
"\x6C\xC8\x19\xE8\x67\x21\xDA\xEB\xBE\x86\x9C\x82\x66\x1A\xDE\xA9\xF1\x0F\xC7\x11\x0E\xD9\x1D\x7C\x43"
"\x92\x00\x00\x00\x00\x49\x45\x4E\x44\xAE\x42\x60\x82"
}
};

static const binfile_t background_nes = {"background_nes.png", 1843, {
"\x89\x50\x4E\x47\x0D\x0A\x1A\x0A\x00\x00\x00\x0D\x49\x48\x44\x52\x00\x00\x01\x40\x00\x00\x00\xF0\x01"
"\x03\x00\x00\x00\x4B\xE3\x2F\x28\x00\x00\x00\x01\x73\x52\x47\x42\x00\xAE\xCE\x1C\xE9\x00\x00\x00\x04"
"\x67\x41\x4D\x41\x00\x00\xB1\x8F\x0B\xFC\x61\x05\x00\x00\x00\x06\x50\x4C\x54\x45\xC2\x36\x27\xE8\x4B"
"\x39\x01\xBA\x43\x0F\x00\x00\x00\x09\x70\x48\x59\x73\x00\x00\x0D\xD6\x00\x00\x0D\xD6\x01\x90\x6F\x79"
"\x9C\x00\x00\x06\xB6\x49\x44\x41\x54\x68\xDE\x8D\xD9\x41\x92\xA5\x36\x0C\x00\x50\x33\x24\x45\xAA\x66"
"\xF1\x97\xC9\x8E\x13\xA4\x72\x04\xE6\x26\x73\x85\x9C\x20\x90\x55\x96\xB9\x42\x6E\xD2\xCC\x0D\x52\x95"
"\x0B\x78\x99\x25\x4B\x57\x8A\x8F\x83\x2D\xC9\x96\x6C\x19\x60\xD5\xFD\xFB\xB5\x00\x4B\xC8\xC6\xDF\x78"
"\x3A\xF6\xCE\x37\x8E\xDD\x84\xE3\x01\xFC\xEB\x21\x84\x80\x0F\xA0\x7D\x08\x0F\xF3\x10\xDA\x87\x90\x02"
"\xDE\xC2\x0D\xD8\xC0\x60\xAF\x42\x8C\x37\x67\xE8\x54\xF8\x2F\xB8\xDE\xDF\x9D\x1A\x03\x7E\xBD\x83\x8E"
"\x02\xFA\x9B\x6B\x5C\x00\x4E\x1C\x3A\x25\x22\x66\x2F\xFC\xE5\xFA\xD4\x6B\x0A\xE8\x2F\xEF\x9A\x05\xBC"
"\xBE\x46\x0C\x38\xFA\x9B\x88\xA2\x1C\xAE\x22\x5A\x16\xF0\xEA\x66\x28\xE0\x5C\xC0\x6A\x78\x30\xE0\xCB"
"\xFB\x9B\x6B\xA4\x72\xF0\x37\xD7\x48\xF5\xE5\xEF\x20\x06\x9C\x6A\xD8\x5D\x05\x6C\xC3\x5C\x0E\x25\x94"
"\x37\x93\xEB\xEB\x26\xE2\xC2\x07\xFB\x02\x62\xC0\x4F\xFE\x0E\xAE\x65\xC0\x06\xE4\xF5\x55\xC3\xBE\x0A"
"\xF8\xF2\x37\x11\x29\xE0\x7C\x07\x6D\x1D\x50\x85\x55\xFF\x6A\x41\x5B\x0E\x76\x0B\x9A\x87\x70\xBB\x81"
"\x47\x27\x03\xE6\xC2\x69\x44\xDC\xEE\xE0\x81\x3F\x2E\x0F\xA1\x23\x27\x87\xB1\x86\x29\x20\xAF\x08\x05"
"\xEE\xC9\xE5\xE2\x56\xE1\x9A\x9C\xC8\x74\x05\x59\x40\x91\xE9\x0A\xE6\x80\x32\xD3\x1C\x86\x1F\x8F\xEC"
"\x86\x0B\x38\xA7\xE9\xEC\x3C\x3E\x9A\xF0\x30\xF3\x45\x40\x19\x91\x05\x9C\x2F\x61\x76\xA1\x72\xFE\x69"
"\xC2\x5F\xC5\x60\xEF\xAD\x0A\xF7\x46\x06\xB4\xF2\xF4\x0C\x2E\x22\xE0\x51\xE4\x50\x8D\x18\x2A\x73\x2B"
"\xAA\x82\x75\xB3\x0C\x7F\x81\xA1\x6F\xC0\x2F\x65\xC0\xC6\x73\xCD\x02\x8E\x78\x1D\x7A\x03\x90\xE5\xE0"
"\x9A\xB0\xA8\xAF\xA5\x09\x65\xF6\x5C\x9D\x6F\xD3\x0E\xA8\x42\x19\x10\xFF\x4D\x89\x48\xF5\xB5\xC2\x5F"
"\xD7\x26\xA4\xD9\xC7\x62\x39\xC0\xD1\xD7\x10\xFF\xF2\x61\x79\x40\x05\xA6\xE9\x6C\xC3\x72\x68\xC1\x74"
"\x1B\x7B\xCF\x6F\xAC\x2B\x21\x9B\xCE\x3E\xF8\x93\x58\x41\x39\x3F\xDA\x26\x74\xF2\x63\xD3\x84\x32\xE0"
"\xD6\x84\x7B\x2B\x60\x09\xE5\xFC\xB8\x35\x21\xA5\x01\x7F\x5F\x9A\x50\x06\x64\x75\x5E\x0E\xB8\x0C\x68"
"\xEF\x20\x15\xF3\xCA\xE1\xA0\xC0\x59\xB9\xC4\xE2\x71\x8D\xC7\x67\xAF\x41\x5F\xC3\xB9\xBC\xE4\xEA\xCC"
"\xBE\xF8\x88\x43\xD9\x22\xE3\x47\x93\x06\x95\xA5\x5A\xEF\x35\x58\xF4\x5C\x19\xD0\x37\x03\xFA\xE2\xA3"
"\x0C\xA7\x1A\x8E\x1A\x0C\x79\xFE\x5B\x42\x6D\xED\x86\x3D\x77\x12\x70\xD4\x20\xB4\x48\x71\x2E\x75\x79"
"\x89\x2D\x52\x2C\xB9\xE4\x24\xBA\xE6\xEC\x9D\x25\xCC\x73\x53\x4C\xA2\x2B\x0F\xF8\x00\x7A\x28\xE1\x5B"
"\x48\x2D\xF2\x02\x5A\xCA\x9E\x2B\xB3\xA3\xC1\xD4\x73\xEF\x60\xEA\xB9\x37\x30\xB7\xC8\xAE\x0D\x37\xC8"
"\xDE\x7F\xE6\x01\xFC\x3E\x05\xE4\xF0\xA8\x21\xEB\xB9\x62\xC1\x2D\xA1\x33\xA2\xE7\xB6\xE1\x91\x66\xCC"
"\x02\xBA\x12\x76\x3C\xE0\x05\x8C\x87\x29\xE1\x5B\x87\xAC\x45\xE2\x93\x68\x47\x15\x2E\x15\x3C\x93\xAA"
"\x40\xDE\x22\x67\x3C\x45\x5F\xDD\xB5\x0C\x48\x2F\x99\x2A\x14\x3D\x77\xC6\x6B\xEE\x14\x28\x5A\x29\x9D"
"\x42\x81\xBB\x29\xA1\x8B\xB9\x2C\x73\x2D\xA6\x0F\xC8\x75\xBC\xE6\x1B\x18\xF2\x0E\x05\x52\xC3\xAA\xDB"
"\xEF\x4F\xE0\x0C\x97\xF8\x73\xB8\xD8\x2B\xD8\xE3\xBD\xC4\xA5\x64\x09\x97\x7A\x14\xFB\x13\xCF\x57\x11"
"\xE1\x19\xDC\xCE\x44\x1F\xD7\x11\xA1\x3B\x86\xE6\x77\x5C\x46\x4C\x2F\x4C\x61\xC7\x65\xBA\x80\x69\x45"
"\x70\x5E\xEA\x7A\x01\x63\xCF\x9D\x1E\xC0\xF8\x90\x8D\x01\x86\x4F\xC7\x0A\xF2\x27\xD5\x85\xD4\xC4\x7D"
"\x0E\xDB\x86\x3F\x7A\x28\xD8\x5B\x18\x03\x26\xB8\x35\x21\xB6\xC8\x1E\xDF\x2B\xB7\x57\x82\x6F\xB9\x9C"
"\xC1\x16\xD9\xD5\x70\x7D\x71\x48\x2D\xB2\xC3\x37\xFE\x0C\x0F\xEA\xAE\x1B\x0D\xF6\x8E\x83\x59\x40\x4B"
"\x19\x73\x3C\x60\xB8\xA7\xD8\x8D\xB6\x81\xA0\x11\x30\xB7\xC8\x12\x5A\x01\x59\x8B\x2C\xE1\x62\xA8\x73"
"\x39\xC8\x5E\xDE\x2F\x80\x46\x88\x70\x37\x09\xEE\x22\x60\x18\xA6\x08\xFB\x04\x3F\x65\xC8\x7B\xEE\x0C"
"\x4F\x15\x41\x17\x76\x2C\x67\x1C\xA7\xCE\xB3\xA7\x1B\xE1\xDA\xD3\x3A\xBC\xF7\x4B\xEE\x85\xAC\xE7\x9E"
"\xF7\x1F\xFE\xB0\x74\x04\xA7\x04\xBF\xE5\x80\xFD\x12\xE1\xC4\xE0\x79\xBA\x95\x2D\x88\x68\x79\xBC\x46"
"\x38\xC6\x05\x05\xC0\x21\x56\x3B\x1D\x69\x01\x6F\x23\x7C\xC5\x0B\x8F\xF0\xAC\x4B\x0E\xBF\xD0\xC3\x60"
"\xC3\x08\x2C\x43\x9C\xA6\x20\xE2\x8B\xC3\xFC\x46\x10\xE1\xDA\xC5\x9B\x4D\xD0\x4E\xFE\x77\x80\x79\x01"
"\x12\x57\x3E\xE7\x85\x2E\x02\x8E\x38\x43\xB0\x05\x3C\xC2\x58\x4F\x0C\x2E\x30\xE6\xEC\x61\x08\x7D\x87"
"\x56\x0F\x90\x99\xF3\xAE\xB7\x9F\xA0\x39\xF0\xED\x49\x97\xE0\xC4\x20\xE4\x41\xBC\x3A\x24\xD8\x79\x09"
"\x47\x2F\x5F\x5A\x12\xA4\x9D\xE1\x9D\xC1\x4D\xC0\x01\xE7\xA3\x26\xFC\x4D\xC0\x31\xC1\x3E\x9E\xD2\xBE"
"\xE8\xA6\x53\x55\x0D\xD0\xC4\x25\x1C\x33\xC4\x06\xBB\xC6\x56\x11\xFB\x10\x7C\x70\x44\x18\x87\x33\x42"
"\xDC\xFE\x3E\xE2\x4F\x38\xC3\x00\x0C\x0F\xFA\x39\x79\x13\x0C\x35\x03\x3F\x86\xE7\xE7\x4F\x09\xDF\x73"
"\x1C\x25\x7A\x72\x43\x1D\x9B\x6A\xEB\x13\xB7\xCC\x22\x84\x25\x52\x80\xE1\xFE\x0B\x88\xBB\xC7\x3B\xC0"
"\xF8\xCB\x59\xF0\x58\x6B\x1C\xE2\x43\x8D\x30\xAE\x43\xD7\x29\x0E\xA8\x84\x8E\x60\x6C\x5C\xB0\x8E\x5E"
"\xA7\x62\xA9\x89\xEF\xAE\x19\x3A\x84\x3F\xC4\x0C\x0D\x1C\x1E\x46\x83\xA6\x86\x3B\x9D\xE1\x00\x38\x30"
"\x28\x36\x7C\x1D\xFD\x1E\x47\x09\xA1\xB6\x33\xBC\xD1\x25\x47\xB8\xB3\x05\x02\x5F\x69\x1A\xFE\x96\x91"
"\x61\xBD\x91\x6B\xA0\xA1\xE4\x21\xD8\xA1\x62\x20\xE0\x2C\xA0\x1D\x2A\xA8\x6C\xE4\x1A\x78\x58\x33\x0C"
"\x13\x89\xB6\x91\x2B\xE0\x82\xB0\xDC\x86\xAF\xE1\x1C\x5B\xAE\xFC\xE6\xA1\x05\xCF\x0A\x61\x01\xBF\x71"
"\xE8\x4A\x98\x03\xEE\xEC\xF5\x17\xEB\x35\x1E\x2B\x87\x30\x8B\x4C\x3A\x9C\x18\xFC\x9A\xE6\x92\x70\x84"
"\xA5\xC5\x2E\xE1\x92\xB3\x67\xF3\x50\x2E\x86\xEF\xC1\x73\x88\x13\x27\xC2\x58\xDB\x2A\x2C\x76\xE3\x96"
"\x02\x8E\x09\xD2\xC4\x39\x50\x40\x83\xF5\x0A\xFF\x17\x20\xCD\xE8\x90\x1F\x80\xAB\x49\x13\x2D\xFC\xDF"
"\x44\x30\x4D\x9C\x11\xE2\xEC\x9B\xE0\x9A\xA1\x17\xBB\x71\x56\xC2\xDD\x24\x98\x77\xE3\x7A\xCF\xBE\x77"
"\x45\x68\xA1\x0C\xAC\x61\xDB\x7B\x6C\x96\xF7\x7C\x37\xCE\xE7\x51\x5E\x12\x4C\xEB\x10\x9F\x26\xA2\x0E"
"\x92\xC5\xB6\xF7\x02\xDC\x6A\xF8\x02\xC8\x77\xE3\xBA\x94\x7C\x0F\x85\x1D\xE1\x9C\x06\x29\xBD\x5B\x74"
"\x69\xD9\xE0\xB1\x0C\xCF\x4B\xC1\x74\xF1\x80\x61\xA2\xAE\x61\x2E\x7D\xB6\x1B\x47\x77\x1F\xD7\x20\x00"
"\x59\x5B\x60\x3B\x4E\x54\x4C\x11\x4E\xDE\xCD\x69\x38\xBD\x97\xBB\x39\x74\x05\x00\x17\x01\x6D\x05\x27"
"\x84\x8E\x56\x42\xCD\x80\xB0\xA0\x82\x39\x3D\xC1\xAD\x82\x23\xC2\xEF\xD2\x1C\xA4\x07\xA4\xAC\xD0\x64"
"\x85\xC3\xE3\xB4\x80\x1A\xB4\x5A\x40\x4F\x35\xCF\xE0\x5A\xBA\x17\x87\x63\x5E\x9D\x55\x70\x26\xE8\x4C"
"\xC7\x17\x5D\x8B\x16\x10\xE1\x6B\xBB\x80\xF9\x7B\xD7\x73\xEA\xE6\xB0\x70\xD8\x70\xE2\x1D\xFD\x41\xAB"
"\x33\x0D\x4E\x0C\xD2\xA2\x4B\x3B\x75\xF1\xBD\x6B\x68\xA6\xAB\x0A\x8B\xEF\x5D\x43\x8F\x5C\x34\x98\xDA"
"\x4D\x86\x87\xD1\xE0\x58\x43\xAB\xC1\xEA\x7B\xD7\xB3\xEB\xA6\xCB\x59\xB5\x80\x09\x76\x56\x83\x72\x76"
"\x8D\x30\xA7\x80\x43\x3E\xBB\xCE\x09\xE6\xEE\xA7\x04\xF4\xE9\x5D\x22\x0F\xAD\xD5\x02\x72\x38\x57\xD0"
"\x73\x38\x11\x4C\x23\x61\xCB\xEC\x71\xE8\xE3\x4C\x05\x47\x7A\x08\x3F\x34\xB8\xE4\xA1\xDD\xB4\x80\x09"
"\xB2\x77\x0A\x82\xC5\xCE\x30\x8E\xFD\xDB\x97\xB0\xDC\x19\x16\x7B\xA9\x70\x15\xB2\xBE\x9A\xD0\xD5\x83"
"\xAD\x43\x3D\x60\xB9\xEB\xAA\x7E\x6B\xAE\xC3\xFA\x6B\x78\x1D\xEE\x4A\xF6\x00\x0E\xCF\x02\x96\xF0\x68"
"\x05\x2C\xA1\xF6\x35\xBC\x06\xDF\x6A\xF6\x00\xF6\x4A\xC0\xCF\xFE\x0E\xB6\x03\x4A\xA8\x2D\x07\x55\xD8"
"\xC8\x1E\x40\x96\x2B\x77\x11\x50\xC0\xAB\x80\x1C\x3A\xB5\x60\x15\xD8\xCC\xDE\x79\x78\xFF\x3F\x7C\x11"
"\xEF\x1D\x4F\x12\x4D\xE2\x00\x00\x00\x00\x49\x45\x4E\x44\xAE\x42\x60\x82"
}
};

static const binfile_t background_ngp = {"background_ngp.png", 1357, {
"\x89\x50\x4E\x47\x0D\x0A\x1A\x0A\x00\x00\x00\x0D\x49\x48\x44\x52\x00\x00\x01\x40\x00\x00\x00\xF0\x01"
"\x03\x00\x00\x00\x4B\xE3\x2F\x28\x00\x00\x00\x01\x73\x52\x47\x42\x00\xAE\xCE\x1C\xE9\x00\x00\x00\x04"
"\x67\x41\x4D\x41\x00\x00\xB1\x8F\x0B\xFC\x61\x05\x00\x00\x00\x06\x50\x4C\x54\x45\xE7\x4C\x3C\xC1\x39"
"\x2B\xBB\x8D\xE8\x29\x00\x00\x04\xE5\x49\x44\x41\x54\x68\xDE\x95\x9A\x4D\x92\xE3\x28\x10\x85\xA5\xD6"
"\x82\xA5\x8F\xC0\x51\x38\x1A\x3A\x1A\x13\x73\x11\xED\x7B\xC3\x92\xA8\x26\xA4\x69\xC9\x80\x20\x7F\x19"
"\x2F\x2A\xA2\xEC\xCF\xC0\x4B\x1E\x49\x82\xBC\x5C\xF7\xEB\x9F\xAB\xBE\x8E\x85\x7B\x3D\x1F\x2F\xBE\x82"
"\x49\x01\x5D\x05\x4F\x11\x3C\x5F\xF0\x52\x40\xDB\xC0\x20\x81\xB9\x03\xE3\x2C\x98\x67\xBB\xBE\x74\xF0"
"\xDF\x2F\xB8\xAB\xAA\x4B\x30\x0F\x2D\xE0\x35\x46\x5C\xC8\x83\xB9\xBB\x7B\x54\x7C\xF4\x90\xFF\x7E\xC0"
"\x4D\x09\xB9\xAD\xB3\xBC\x2A\x21\x37\xCD\x0E\x5E\x0E\xF9\xDA\xA6\xC4\xCA\x21\x5F\x9A\x13\x8D\xA2\xA6"
"\xC5\x6F\x93\x43\x5E\x7A\x0C\x7D\xDB\x1A\x28\x87\xBC\x0C\xED\xEE\xF0\x23\xAB\x79\x41\x23\x87\x7C\x6B"
"\x9F\x2A\x21\x5F\xDF\xA0\x08\x21\x77\xB1\x07\x2D\xAF\xE6\x26\x5E\x05\x82\x81\xEE\xC1\xF9\x06\x0A\x21"
"\xBF\xDF\xF5\x6F\x77\xBC\x9A\x7B\x22\xDC\x0B\xF2\x6A\x2A\x18\xFB\x59\xCA\x24\x18\x1F\xF0\x18\xCC\x49"
"\x82\xE9\x69\xE6\x18\xCC\xB9\xF3\x60\x80\xE6\xC4\x60\x1E\x40\xD6\x40\x15\xAC\x9D\xB1\x06\xAA\xE0\xE8"
"\x90\x8B\x02\xCF\xA7\x15\xB0\xD4\x02\x07\x9E\x78\x05\x69\x20\x67\xA0\x92\xF4\xDE\xD1\x73\x06\x2A\x2D"
"\x66\xE0\x77\x1C\xF2\x02\x26\x98\x0F\x02\xD3\x75\xE7\x17\x47\x1B\xA8\x24\xC6\x08\x97\x79\x66\x02\x7E"
"\xC0\xD5\x7B\xEA\x20\x63\xA0\xE2\x9E\x40\x25\x2D\x0D\xA4\xD5\x14\x87\xF7\x1D\xD1\x06\x2A\x20\x4E\x31"
"\x17\xBD\xB8\x88\x14\xBC\x53\xEB\xFA\xA4\x53\x30\xCE\x14\x27\x91\x59\x13\x95\x7B\x32\x91\x30\x33\x95"
"\xCD\xF2\xA2\xAA\xF9\xB5\xDF\x60\x5A\x74\x35\x4F\x03\x20\xBA\x8E\x5E\x0E\x06\x81\x1F\x7A\x39\x18\xF4"
"\x65\x43\x3B\xED\x83\xC0\x95\x5E\xDC\x16\x1B\xDF\x93\xCB\xC1\x63\x81\x96\x71\x1A\x02\x49\x35\x2B\x31"
"\x9A\x8D\x52\x63\xA8\x9C\x44\xA9\xB1\x54\x5E\xA0\xD4\x78\x0A\xC4\x6A\x76\x43\xE6\x4D\x83\xD4\x30\xB9"
"\x6B\x45\x6A\xF8\x94\x0D\xD4\x70\x3B\x95\x83\x6A\x38\xF0\x03\xD5\x70\xDB\xCA\x06\xC7\xC4\x81\x48\x0D"
"\xBB\xED\x7A\xA0\x86\xDD\xC8\x2D\xF8\x84\x05\x0D\x18\x14\x5B\xE8\x40\x35\x7C\x45\x04\xD4\xF0\x85\x20"
"\x50\xC3\x83\x6E\x1C\x3E\x5F\xB5\x01\xA7\xF1\x75\xA0\x1D\x67\x57\x03\x73\x0F\x46\x01\x3C\x67\xC1\xA6"
"\x86\x2F\x6A\xED\xB8\x7B\xF2\x85\xA5\x1D\x8F\x4C\x3C\xE8\xC6\x03\x20\x5F\x78\xFB\xF1\x00\xA8\x82\x57"
"\x07\x4A\x27\x83\x36\x30\x1D\x3C\xDA\xBF\xA7\x74\x28\xE9\x6B\xD5\x2C\x83\x59\x01\x37\x70\x52\x64\x3D"
"\x61\x1A\xB8\xCF\x82\xA1\x82\xB4\x27\x3E\xE0\xDC\x3B\x01\xA6\x0A\x8A\xE6\x69\xE1\xD3\x3C\xD1\x64\xCF"
"\x80\x3B\xB3\x1B\x8D\x9E\xA8\x63\x9B\x01\x63\x01\x65\x4F\x54\xD9\x33\x60\xAE\x85\xA6\xE8\x89\x1A\x1F"
"\xD5\x3C\x7F\x8A\x0A\xD5\x3C\xC1\x55\x50\xF1\xC4\x3D\x97\x61\x02\x3C\x6B\x6D\xA2\x79\xE2\xB9\x1A\x38"
"\x4A\x59\xA8\x82\x51\x00\xED\xD5\xDD\x21\x7C\x41\xD9\x13\xFF\x03\x5C\x2A\x28\x7B\x22\xBE\x2D\xCA\x60"
"\xAA\x11\xD4\x3C\xF1\xB6\x78\xCA\x60\xAA\x75\xA8\x9E\x79\x6A\x8B\x8A\x27\xF2\x3C\x58\x67\x46\x31\xCF"
"\x6B\x0A\x2D\xF3\xD4\x82\x55\x4D\x28\xB7\x71\x03\x0F\xBE\x09\xE5\xA7\x5E\xC8\x24\x05\xAC\xA9\x82\x51"
"\xED\x06\x70\xE1\x03\x4E\x80\x97\x96\x50\xDA\xBA\xDE\x67\xC1\x43\x49\x28\x2D\xA5\x44\x25\xA1\x34\x30"
"\xA9\x60\xE2\x93\xD4\x36\x80\x42\x7E\xA4\xC1\x20\x79\xA2\x4F\xCD\x07\x0F\xFE\x0C\x60\xE2\xCD\x13\x6C"
"\xDB\xE3\xE8\xDD\xB5\x7A\xE2\xDB\x74\xE0\x2B\x00\xDB\x2D\x98\x77\x9F\x21\x26\xD1\xB5\x48\xF7\x3B\x17"
"\xA1\xC6\x0D\xB7\x9C\x42\xB5\xE7\x5B\x00\x7D\xB7\x69\x12\x6A\x7C\x0B\xA0\xEB\x41\xEE\x24\x55\xC0\xCC"
"\xD7\xE1\xEB\x5B\x24\xD8\x01\x3C\x28\x70\xA9\x60\xE2\x0F\x3E\xDB\x33\x70\x57\xC0\x48\x95\xE5\x2F\x18"
"\xFF\xCE\x23\x02\x2F\xC2\x13\xC7\xDF\xBF\xA1\x3B\x01\x93\x87\x73\xF3\x08\xD9\x4A\x8B\x07\x7F\xF3\xF6"
"\x79\xBE\x5B\xC1\xD0\x81\x09\x7B\xE2\xBE\x1B\xF8\x82\x7B\x07\x66\x0C\xDE\x9F\x1D\x08\xBC\xB0\x27\x0A"
"\xE8\xBA\x6A\x0F\x17\xCE\x15\x8C\x18\x3C\xA8\x73\xEF\xD7\x3D\xE7\x00\x26\x0A\xF4\xA9\x5B\xF7\xE4\xE3"
"\x96\xF2\x86\xCF\xDD\xF5\x09\xF5\x24\x63\xAD\xE0\x79\x4F\x66\x22\xAB\xED\xCE\x3C\x4F\x4A\x34\x08\x8C"
"\xC0\x13\xE7\x37\x25\xBA\xF6\x09\xF5\xF0\x68\x6B\x2D\x76\x4D\x50\x0F\x8F\xCC\x00\x1E\x20\xB5\xEE\x20"
"\xA1\xEC\xE0\x16\x94\x7A\xC2\x25\x83\xF0\xBE\x30\x80\x2B\x4B\xEA\xE1\x91\xBD\x8A\xC3\x49\xF0\x02\x09"
"\x25\xD6\xDC\x87\xF6\x89\x30\x82\xB9\x26\x20\x04\x1E\xF0\x1C\x8C\xCF\x5C\x17\x75\xE6\x86\x01\xC6\xEF"
"\x50\xDB\xD6\xF8\xE6\xCE\xEF\x46\xE3\x7E\x1B\x44\xD0\x5E\x28\xE4\xC4\x6E\x34\x6E\x3D\x99\xDC\x8D\xA8"
"\xAF\xF3\xDB\x16\x50\x13\x60\x29\x33\xCC\x83\x47\x5F\x66\x40\x8B\x04\xE2\x52\x06\x8E\xE8\x14\xC1\x0D"
"\xBD\x89\x4B\x19\xA4\xE6\x10\x41\x0F\x07\xE9\x29\x4F\x8C\x43\x3A\x79\x4F\x80\x68\x88\xE0\x06\x82\x46"
"\x7B\x02\xB4\x10\x45\xD0\x8F\x1D\xD1\xE6\x81\x01\xE6\x3D\x01\xD4\x04\x09\xDC\xC6\x9E\x18\x4F\xE0\x43"
"\xA5\x00\xFA\x61\x90\x8C\x27\xA0\x9A\x20\x81\x66\x88\x1B\xE7\x09\xA0\xE6\x64\x3D\x01\x67\x77\x97\xC0"
"\xBE\xB7\xC8\x79\x02\x9B\x5F\x00\x0D\x0B\x26\xA9\x48\x16\xC0\x85\x05\xA3\x78\x86\x60\x3C\x81\x93\x83"
"\x00\xB2\x6A\xC2\x32\xA9\x26\x88\xC7\x12\xCE\x13\x52\xC8\xF7\x65\x52\x8D\x72\x8A\xB8\x84\x9F\x80\x4C"
"\x83\x6E\xC6\x13\xFC\x20\xB3\x76\x82\x11\x7E\xCF\xB2\x4E\x79\x82\x0D\x79\x54\x8F\xB5\xC2\x6F\x6E\xCC"
"\x2C\xB8\x4E\x79\x82\x0B\x79\xD0\x4F\xCA\xC2\x4F\x2B\x3E\xB3\xE0\x36\x63\x1E\x66\x90\xCC\x3D\x8B\x9B"
"\x05\x3F\x33\x9E\xA0\x07\xC9\xFD\xA8\x63\xC6\x3C\xF4\x20\xE3\x32\x39\x48\x0E\xDC\x66\x3C\x41\x0E\x92"
"\x05\xDD\x8C\x27\xA8\x41\xB2\xE0\xC6\x7B\xE2\x3F\x79\xD6\x39\xDA\x72\x09\x5D\x88\x00\x00\x00\x00\x49"
"\x45\x4E\x44\xAE\x42\x60\x82"
}
};

static const binfile_t background_openlara = {"background_openlara.png", 673, {
"\x89\x50\x4E\x47\x0D\x0A\x1A\x0A\x00\x00\x00\x0D\x49\x48\x44\x52\x00\x00\x01\x40\x00\x00\x00\xF0\x01"
"\x03\x00\x00\x00\x4B\xE3\x2F\x28\x00\x00\x00\x04\x67\x41\x4D\x41\x00\x00\xB1\x8F\x0B\xFC\x61\x05\x00"
"\x00\x00\x01\x73\x52\x47\x42\x00\xAE\xCE\x1C\xE9\x00\x00\x00\x06\x50\x4C\x54\x45\x97\x44\x99\x56\x27"
"\x57\x8F\xC4\xEB\xA3\x00\x00\x02\x39\x49\x44\x41\x54\x68\xDE\xED\xD8\x3B\x92\xE3\x20\x10\x06\x60\x28"
"\x02\xB2\xE1\x08\x1C\x85\xAB\xCC\x31\x26\x43\x7B\x33\xED\x4D\x34\xD1\x86\x4B\x28\x57\x61\xF5\xF2\x90"
"\x64\x3B\x10\xFD\xBB\x4A\x9E\xA9\xA9\xA5\xE3\xAF\x2C\xA9\x69\xBA\xC1\x42\xF4\xE8\xD1\xA3\x47\x8F\x1E"
"\x3D\x7A\xF4\xE8\xD1\xE3\x6B\xE2\x1D\x74\xE1\x03\x73\xEA\x12\x31\xA8\x69\xC1\xA0\x21\xC2\xA0\x25\x1A"
"\x50\x38\x42\xD0\x9D\x0E\xFD\xF7\x41\x3A\x1B\xCA\xFF\x12\xAA\x97\xC0\xE1\xDB\xE0\x15\x85\xF1\x7C\x28"
"\xCE\x86\xB3\x00\xD7\x3A\x9C\x0E\x27\xAC\xDD\xA2\x35\x31\x3B\x6C\x05\x35\x81\x7D\xD4\xA0\xD0\xA2\x30"
"\x35\x3D\x42\x5B\x14\xF6\x31\xC9\x41\xCF\xCE\x9B\x15\xFA\x49\x55\xE0\x08\xA5\x91\xA0\x35\x34\x05\x06"
"\x28\x8D\x04\x15\xA4\x43\xA1\x2F\x10\xD8\x0B\x74\xC5\x12\x29\xE9\x82\x41\x45\x9F\xE5\xD9\x40\x1A\x7F"
"\x63\xD0\xD0\x2F\x0C\x5A\x92\x18\x74\x0B\x08\x7D\x14\x10\x94\x69\x4D\x20\xA8\x52\x39\x40\x50\xA7\x02"
"\xF3\x08\x34\xA9\x64\x3D\x52\xE2\x36\x09\x87\x40\x47\x02\x83\x7E\x29\xA5\x7B\x65\x37\x4D\x2E\xC4\xB4"
"\x19\x22\x07\x65\xDE\x2C\x08\x54\x79\xFB\xA5\x7D\x18\xFD\xC4\xA5\x71\xC0\xA0\xA1\x75\x2A\x38\x06\xDA"
"\x05\x84\x2E\xD6\x5E\x11\x2C\xD3\x01\xFC\x5C\xE1\xC8\xC1\xD2\x4A\x00\x28\x4B\x73\xCA\x27\x57\x3B\x33"
"\xD9\x19\x6B\xAF\x18\x4C\x64\xB2\x33\xD4\x96\xCB\x41\x4B\x6B\xCB\x1D\xF4\xC2\x6C\xC1\xED\xEC\xD1\x86"
"\x8A\xD6\xEC\xD0\xA8\xA8\xFD\x2D\x61\x6D\xB9\x0C\xB4\x05\xE6\x96\x3B\xCA\x66\x89\xBB\x92\x46\xCF\x43"
"\x9F\xD3\x28\xEB\x50\x68\x42\xA2\x6D\xCE\x24\x38\x36\x67\xD6\x06\x83\xF0\x63\x2B\x3B\xCB\x36\x90\x12"
"\x9C\xB8\x1B\x94\xA9\xD3\xA3\x55\xB9\xA6\x0C\x0D\x5B\xA7\x47\xAB\xCE\x6C\x59\x18\x5F\x87\x42\x0B\xBA"
"\x92\x6F\xAA\xD0\x34\x0A\x92\x2E\xD3\x36\xAE\x13\x8C\x8D\xEC\xDC\xC6\x75\x13\xAA\x78\x0F\xF5\x31\xD4"
"\xF3\x03\x3C\x2E\xC8\xFA\x9D\x1B\x6C\xD4\x99\x9D\x6E\x30\x97\xCF\xE1\x1A\xBA\xE1\x0E\x06\x79\x3C\xDB"
"\xFD\xDD\x21\x25\x4F\x9B\xC3\x97\x5C\x50\x18\x1F\xA0\x3C\x86\x1F\x0F\x50\x71\x87\x80\x1B\xA4\x93\xA0"
"\xDC\xDF\x11\x87\x03\x04\xC5\x82\x42\xC1\xCD\xA4\x1D\xFE\x45\xA1\x9E\x90\x43\xDC\x33\x50\x85\x93\xE0"
"\x7E\xD0\x94\x33\x02\x03\x0F\xED\xD3\x50\x40\x70\xDA\x0B\x94\x39\x87\xC3\x07\x76\x04\xFE\x01\xE1\x9B"
"\x06\xA1\x78\x0A\x42\x97\x5C\xF5\x0C\x84\x6E\xC3\x12\x85\xE2\x25\x10\xBB\x5F\xBB\x57\x40\xEC\xC6\xAE"
"\x51\xB8\x9E\x2D\xA0\x1B\x36\x08\x15\xF8\x8F\x1D\xDF\xC8\x6E\x9F\x83\x42\x01\xC3\x1E\x3D\x7A\xF4\xF8"
"\x21\xF1\x0F\xD9\x50\xF3\x21\xAD\xFA\x01\x2D\x00\x00\x00\x00\x49\x45\x4E\x44\xAE\x42\x60\x82"
}
};

static const binfile_t background_opentyrian = {"background_opentyrian.png", 619, {
"\x89\x50\x4E\x47\x0D\x0A\x1A\x0A\x00\x00\x00\x0D\x49\x48\x44\x52\x00\x00\x01\x40\x00\x00\x00\xF0\x01"
"\x03\x00\x00\x00\x4B\xE3\x2F\x28\x00\x00\x00\x01\x73\x52\x47\x42\x00\xAE\xCE\x1C\xE9\x00\x00\x00\x04"
"\x67\x41\x4D\x41\x00\x00\xB1\x8F\x0B\xFC\x61\x05\x00\x00\x00\x06\x50\x4C\x54\x45\xB8\x78\x56\x9E\x68"
"\x4A\xB8\x9A\x0F\x7C\x00\x00\x02\x03\x49\x44\x41\x54\x68\xDE\xED\xD9\xBD\x6E\x83\x30\x10\x00\xE0\x73"
"\x3D\xD0\xA9\xAC\x1D\x2A\xF1\x0A\x1D\x33\x44\xF5\x6B\x65\xA8\x84\xFB\x66\xAE\xF2\x22\x3C\x82\x47\x0F"
"\x88\xD4\xE6\x27\x01\x82\xCF\x97\x40\x42\xA2\x9A\xF9\x8B\x94\x33\xC7\xE9\xEE\x0C\x07\xE2\x03\x11\x46"
"\x18\x61\x84\x11\x46\xB8\x28\xAC\x40\x2C\x0C\x0D\xA4\x8B\xC3\x84\x06\xF5\x0D\x20\xA7\xC1\x62\x3D\xA8"
"\x80\xAD\x05\x25\x00\x0D\x02\x40\xFE\xE0\xB0\xB2\x50\xAC\x07\x33\x0A\x2C\x9F\x00\x1A\x0B\xD3\x75\xA0"
"\xB6\x30\x59\x0F\x72\x0A\x2C\x9E\x00\x2A\x0B\x59\x84\x77\x82\xFB\x23\x34\x38\xFC\xAD\x8B\x99\x2B\x67"
"\x3A\x47\xA1\x3C\xC2\x42\x10\xA1\xC2\xA1\x15\x1D\xCC\x2E\x80\xFB\x69\x68\x5C\xC9\x1B\xC0\x9F\x69\x68"
"\xE3\xBC\x0A\xA6\x5E\x58\xE4\xB6\x92\xDD\x12\x26\x18\x34\x54\xA8\x7B\x90\x47\x38\x86\x05\xE4\x55\x0D"
"\xC5\x41\x31\x2F\xB4\x39\x6D\xA1\xA9\x61\x1A\x84\x42\xD7\x90\x1F\x24\x6B\x90\x17\x16\x35\x64\x61\xA8"
"\xA8\x50\x42\x13\x36\x0E\x55\x0F\x42\x00\x36\xCE\xFD\x60\x21\xF8\xD5\xC2\x2C\x04\xB7\x2D\x4C\x43\xF0"
"\xB3\x85\x3C\x04\x8F\x0F\x19\xC2\x02\x50\x66\x23\xE8\x0A\xCC\xE3\xC1\xBE\x03\xE1\x87\xE5\x00\x26\x7E"
"\xA8\x07\x90\xF9\xA1\x1C\x40\x9B\x20\x1E\xF8\x31\x74\xF0\xE6\x83\x23\x07\x2F\x54\x08\x73\xE1\xB9\x73"
"\x8D\x3B\x4C\x36\xEA\x57\xC3\xEC\x3E\xB0\x9C\x80\xE9\x2C\x68\x22\x5C\x1F\x92\xDF\xF5\xBC\xEC\x21\x7F"
"\x0A\x74\x28\x17\x87\x8A\xFA\x5D\x5F\x0F\x99\x9C\x86\x5A\x8C\xFF\xA1\xAF\x23\x15\xC3\x70\xB8\x6B\xDF"
"\xA7\x5B\x57\x3D\xCE\x08\x5F\x7B\x3D\x84\x89\x1F\x16\xC3\x58\xFC\x50\x9E\x1D\x8E\x07\x9E\xE7\xCE\x4C"
"\x58\x51\xA1\xCB\xF1\x4D\x77\x88\x54\x98\x74\x07\x39\x0B\x9A\x9B\xC3\x0C\x83\xBB\x0E\xCA\x40\xD4\xBB"
"\x53\xCB\x85\xC3\xEF\x1E\x14\xD8\x9B\xE9\xC3\x1C\xCB\x9E\x1E\xE4\x68\xE2\x36\xF0\xD5\x41\x24\x71\x4B"
"\x07\x5F\x3A\x98\x21\x93\xA6\x6C\xE1\xBB\x83\x39\x02\x95\x85\xBC\x85\x0C\x9B\x5D\x75\x0F\x72\x0C\x96"
"\xAC\xEC\xA0\x4A\x31\x58\x9D\x60\x81\x8F\xCD\x27\x18\xDA\x2A\x34\x70\x73\xDA\xC5\x81\x77\xA9\x48\x86"
"\xC9\x25\x70\x1B\x86\x07\x37\x25\xD8\xD1\x82\xB8\x42\xA6\xED\x71\xC9\x50\x5D\x00\xA9\xAB\x78\x32\x24"
"\x2E\xCE\xC9\xF7\x0A\x86\x0E\x89\x57\x1A\x55\xFF\x74\xE2\x85\x58\x84\x11\x46\x18\xE1\x7F\x80\x7F\x16"
"\xB5\xCA\xC6\x16\xE0\x8F\x73\x00\x00\x00\x00\x49\x45\x4E\x44\xAE\x42\x60\x82"
}
};

static const binfile_t background_pce = {"background_pce.png", 1378, {
"\x89\x50\x4E\x47\x0D\x0A\x1A\x0A\x00\x00\x00\x0D\x49\x48\x44\x52\x00\x00\x01\x40\x00\x00\x00\xF0\x01"
"\x03\x00\x00\x00\x4B\xE3\x2F\x28\x00\x00\x00\x01\x73\x52\x47\x42\x00\xAE\xCE\x1C\xE9\x00\x00\x00\x04"
"\x67\x41\x4D\x41\x00\x00\xB1\x8F\x0B\xFC\x61\x05\x00\x00\x00\x06\x50\x4C\x54\x45\x0E\xA1\x86\x13\xBD"
"\x9D\xDB\xAD\xA5\x5B\x00\x00\x00\x09\x70\x48\x59\x73\x00\x00\x0D\xD6\x00\x00\x0D\xD6\x01\x90\x6F\x79"
"\x9C\x00\x00\x04\xE5\x49\x44\x41\x54\x68\xDE\xAD\xD8\xDF\x8D\x9F\x38\x10\x07\x70\xB3\xE8\x44\xA4\x3C"
"\xF0\xB8\x8F\x34\x72\x12\x29\x21\x1D\xE1\x0E\xAE\x85\xEB\x24\x94\x90\x12\x5C\x82\x1F\x56\x0A\x8A\x10"
"\x13\x7E\xE0\x3F\x63\xCF\x8C\x99\x5B\x1D\x52\xA4\x2C\xFB\xD1\xD7\xF6\xD8\xD8\x2C\x06\xA4\xCB\x0F\x00"
"\x9B\xC9\x97\x08\xB7\x1E\xE0\x5F\x25\xDC\x8D\x12\x3A\x25\x2C\x02\x1B\xB0\xF3\x3A\xB8\x77\x46\x09\x4B"
"\xF7\x3F\x40\x5C\xEC\x26\xAC\x02\x8D\x36\xD0\x68\x03\x8D\x72\x28\x22\xB4\x4A\x48\x03\x05\xB8\xD6\xAC"
"\xE3\xE1\x41\xF2\x46\xA3\x0C\x04\xA3\x0B\x1C\x78\xE8\x98\x91\xB0\x90\xB8\x9E\x87\xB4\x36\x23\x0F\xB7"
"\xCF\xC3\x99\x87\xFE\xF3\x70\xE1\x21\x57\x1D\x65\x22\x28\x13\x3B\x01\xAE\x5A\x68\x95\x90\x4E\x4C\xCF"
"\x43\xAF\x85\x56\x09\xE9\x62\x14\xA0\xD7\xC2\x95\x42\x76\xD4\x4C\xCB\x3C\xDC\xB4\x70\xD5\x42\xAB\x84"
"\xCC\x5E\x62\xD8\xD5\xE3\xB5\xD0\x2A\xE1\x61\x94\xD0\x6B\xE1\xCA\x43\xF2\x70\x09\x2D\x53\xB8\x6B\xE1"
"\xAA\x85\x56\x09\xA5\x96\x09\xF4\x5A\x68\x95\x50\x2A\x0E\x81\x5E\x0B\x57\x25\x94\x5B\xAE\xE0\xAE\x85"
"\x4E\x0B\xAD\x12\x36\x5A\x2E\xA1\xD7\x42\xAB\x84\xA9\x38\xDF\x1F\x60\x6C\x79\x84\x07\x18\xA7\x65\xE6"
"\x26\x08\xC1\xD8\xF2\xC0\xD6\x13\xC1\x3D\x05\x72\xFB\x19\x64\xE8\x52\x20\x07\x51\x62\x28\xCE\xC4\x2F"
"\x8E\x9C\x18\x5A\xEE\xE1\x09\xFA\x1C\xC8\xBC\x52\x20\x78\xB7\xFC\x06\x4F\x30\xB4\x36\x0A\x93\x99\x77"
"\x5C\x9F\x7E\x7E\x80\xF7\x64\xBC\x3F\xC2\x23\xF5\x84\x87\xE9\xE4\xDA\x71\x0F\x99\xA7\x31\x41\x57\x04"
"\x36\xE0\xD5\xD6\xD7\x04\x9D\x04\xEF\x96\x97\x67\x78\x15\x67\x00\x19\x0E\x01\xDA\x32\x50\x84\x57\x71"
"\xBA\xEC\xE8\xF3\x38\xDE\x70\x8F\xFF\x8F\xD7\x26\xC0\x2B\x60\x6A\xC1\x09\xC1\x59\x01\x5D\x35\x16\xBA"
"\xB9\x04\x78\x4D\x04\xB4\xE0\x2C\x40\xF2\x2C\x2C\x19\x76\x1A\xF8\xAA\x77\x8F\x21\x7C\x1A\xC2\x0D\x0D"
"\x81\xD5\xCA\xED\x20\x27\x0E\x1A\x68\x08\xAC\x56\x6E\xAF\x85\x83\x08\x9D\x16\x56\xEB\x6C\x14\x61\xB5"
"\x2A\x26\xB1\x3C\x15\x9C\x45\xB8\x6B\x61\x35\xD9\x8B\x08\xAB\x39\x84\x00\x5F\xF3\xD0\x35\x60\xD7\x80"
"\x45\xC5\x7B\x2D\x1C\x22\x5C\x29\x2C\x2A\x3E\x62\xD8\x7A\x8D\x9C\x1A\x70\x23\x65\x14\xE0\x41\xCA\x28"
"\x40\x20\x65\x64\x37\x80\x12\xF6\x4D\xB8\xD6\xD5\x91\xA0\xAB\xAB\xC3\x6E\x52\xE5\xB0\xE7\x26\xDC\xEB"
"\x41\x4B\x30\x8F\x26\xCE\x99\x04\x6D\x35\x96\x17\xDC\xF2\x3C\x31\xA3\x79\x82\xBE\x1A\x8B\x08\x8F\x72"
"\x5E\xF2\xA9\x50\x43\xA8\x5A\x66\x8F\x0F\xDC\xC9\xF1\x11\x6E\x65\xCB\x32\xBC\x0B\xD4\x2B\x60\xB5\x04"
"\xE2\x59\x78\x75\xFA\xE7\x5B\x35\x1C\xF4\xB8\x63\xF8\x51\x0E\xFE\xB7\xF9\x0B\x78\xB8\x92\xA7\xB1\x84"
"\x71\xDF\x3B\x98\x75\x49\x61\x2F\xCC\xD0\xEB\xEA\x2A\xE8\x8A\x99\xC8\x97\x8F\x07\x52\x3C\x91\x2C\x5E"
"\x7E\xE8\xB2\xF1\xD0\x8C\x9B\xCF\xB9\x52\x56\xE6\x3B\xDA\x87\xA9\xE0\x7E\xFE\x73\x74\x05\xBF\x6A\x31"
"\x15\x70\x3B\x67\xC7\xD3\xD1\x6C\xA6\x86\xFE\x0C\xDB\xE8\x5C\x3A\x04\xEF\x3D\xC5\x9D\x83\xDB\xE8\xB0"
"\x2D\x81\xEB\x09\x77\xB2\x9B\x33\xD0\xDE\x0B\xA9\xAE\x8F\x41\xF0\x5E\x50\x26\xAC\xB8\xD2\x1D\xFF\x09"
"\xCE\x18\xFE\x6D\xC2\x42\x9A\x29\x5C\x30\xFC\xC2\xC0\x63\xB8\xEE\xA4\x45\xE1\xD3\x23\x7C\x94\xEB\xC7"
"\x5F\x13\x9B\xCE\xEB\x04\x97\x1A\x9A\xFB\x00\x04\x0A\xA1\x78\xCC\xB6\x1B\x0E\x02\x1C\x70\x09\x97\xB3"
"\xBC\xE9\x54\x48\xDB\xEB\x05\x5D\x82\xE7\xFA\x3A\x6F\xAD\x79\xB3\x4F\xF0\x1C\xAF\x9D\xB6\x34\x87\xAF"
"\xC9\x9B\xC1\x2D\x3C\x5C\x8E\x0A\xA6\x7E\x94\xF0\x1F\x38\xBA\xBA\xD4\x19\xC6\x9D\xFD\x2E\x4C\x84\xD7"
"\xDD\xB9\x01\x2D\x86\xCB\xE7\xE0\xC1\xC2\xAB\xE7\xC0\xC2\x7B\x4E\xEC\x92\x13\x7B\x2D\x9C\x78\x78\x0F"
"\x71\x45\x30\x77\x71\xBF\xDF\x5F\xAF\x2B\xB4\xB3\xCE\x09\xA2\x47\xD7\x22\x38\x95\xF0\x6C\x07\x07\x66"
"\x18\x0B\xED\xD2\x59\x85\x02\x57\x04\xE3\xED\x98\x08\x36\x4F\xCB\x11\x2A\x65\x51\xCB\x19\xFE\x2A\x02"
"\x33\x8C\xBF\x77\xCC\xA6\x6B\x30\x5C\xEA\xC4\x7C\xB9\x08\xD7\x02\x4E\x6C\x60\x86\xF1\xAE\x9D\xD8\x40"
"\x9A\x48\x0F\x06\xCB\xC2\x5D\x7A\x19\x28\x3A\x7B\xDD\x9E\xD8\xC0\x0C\xEF\xC4\x83\xEC\xE2\x1F\x86\x85"
"\x74\xBB\xB7\x3C\x34\xF5\xBE\x17\x1E\xD1\xC1\xA4\xEE\xCE\xA1\xE5\x0A\x86\xF7\xBE\xE9\x09\xA6\x4F\x22"
"\x15\x24\x4D\xBB\xB8\x56\x4D\xEA\x07\x0B\x43\x60\x07\x08\x4E\x1C\xCC\x6F\x3F\x05\xFC\x71\x15\x03\xBD"
"\x04\x1C\x29\x10\xC1\x11\xF6\xB9\x86\x3E\x05\x16\xD0\xD6\xF0\x40\xB5\x36\xA9\xCB\xFD\xF1\x6A\xDD\xE2"
"\x6D\x24\x04\x0E\x25\x34\xDF\x5E\xB0\x78\x07\x40\x81\x18\x9A\x1A\x6E\x28\xB0\xF8\x3A\x73\xC3\xAE\x0E"
"\x5C\x58\xE8\xF2\x0E\x86\x3F\x68\x55\x70\x2C\x60\x58\x5F\xE8\x54\x48\x8D\x5C\x70\x60\x03\x4B\x38\x60"
"\x18\x02\x67\x11\x8E\x45\xB1\xD3\xD0\x28\x8C\xBB\xDF\x7D\x6B\x96\xE0\x1A\x20\x9E\x3D\x04\x2D\x82\x33"
"\x0E\x9C\x78\x78\xBD\xF2\x2D\xB8\x0D\x10\x61\xF8\x9D\xAB\x03\x8B\x2F\x71\xE7\x10\x0F\x53\x74\x7A\x11"
"\xE0\xEB\x05\xED\xAA\x07\x5A\xB0\x3C\x9C\x43\xE1\x2C\x09\xAC\x60\x98\x32\x26\x10\x8A\xBE\x87\x12\xD5"
"\xB3\x27\xC2\x62\xC1\xB6\xE0\xCA\x04\x52\xD8\xC7\x40\xFC\x87\x42\x82\x1E\x43\x32\x7B\x3C\x34\xBF\xF3"
"\xE8\xDB\xD0\xB0\x81\x01\xD2\xCF\xCB\x6F\xA0\x84\xA3\x12\xD2\xBF\x2D\x04\xF8\xAE\x85\x20\xC0\xFA\xB3"
"\xDF\xA0\x85\x20\xC1\xEA\x4B\xD0\x57\x50\x26\x2E\xCA\xC4\x1E\x94\x70\x91\x21\xB4\x8B\x2D\xC0\x59\x09"
"\x85\x3F\x5F\x29\x9C\xB5\x10\x9A\x30\x7F\xC3\x9C\xB4\x10\x94\xF0\xFD\x01\xAE\xCD\x62\x33\x70\x04\x25"
"\x5C\x94\x70\x80\x27\xE8\x9A\xC5\x26\xB0\x11\x18\xA1\x7F\x0A\x2C\x60\x0F\xCF\x70\x6B\xCD\x5E\x0D\x9B"
"\x81\x11\x1E\x0F\x81\x00\x7F\x00\xAD\xD7\xB2\x4F\xBF\xE8\x73\x41\x00\x00\x00\x00\x49\x45\x4E\x44\xAE"
"\x42\x60\x82"
}
};

static const binfile_t background_pico8 = {"background_pico8.png", 310, {
"\x89\x50\x4E\x47\x0D\x0A\x1A\x0A\x00\x00\x00\x0D\x49\x48\x44\x52\x00\x00\x01\x40\x00\x00\x00\xF0\x04"
"\x03\x00\x00\x00\x83\x03\xA0\x58\x00\x00\x00\x01\x73\x52\x47\x42\x00\xAE\xCE\x1C\xE9\x00\x00\x00\x04"
"\x67\x41\x4D\x41\x00\x00\xB1\x8F\x0B\xFC\x61\x05\x00\x00\x00\x1E\x50\x4C\x54\x45\x68\x5F\x57\xF9\xF9"
"\xF9\xD1\xD1\x20\xD6\xAB\x8F\xD1\x86\x00\xDB\x66\x90\x83\x76\x9C\x00\xC4\x49\x22\x8E\xD1\xDB\x51\x7A"
"\xCF\xCF\x78\x3B\x00\x00\x00\xB6\x49\x44\x41\x54\x78\xDA\xED\xD8\x31\x0D\x80\x40\x00\x04\xC1\xB7\xF0"
"\x16\xB0\x80\x05\x04\xD0\x60\x01\x0B\x58\xC0\x02\x6E\xA9\x8F\x82\x90\x40\xC2\x07\x66\x15\x4C\xBD\xA5"
"\x48\x92\x24\x49\x92\x24\x49\x92\x24\x49\x92\x24\x49\x92\x24\x49\x92\x24\x49\x3F\x6C\x8B\x00\x01\x01"
"\x01\x01\x01\x01\x01\x01\x01\x01\x01\x01\x01\x01\x01\xCF\x1B\xA2\x1A\xF5\x11\x20\x20\x20\x20\x20\x20"
"\x20\x20\x20\x20\x20\x20\x20\x20\x20\x20\xE0\xED\xBA\xAC\x5E\x6E\x8A\x46\x40\x40\x40\x40\x40\x40\x40"
"\x40\x40\x40\x40\x40\x40\x40\x40\xC0\x06\x81\x87\x96\x28\x49\x73\xF4\xD2\x3C\x02\x04\x04\x04\x04\x04"
"\x04\x04\x04\x04\x04\x04\x04\x04\x04\x04\x7C\xAA\x35\x2A\xED\x05\x08\x08\x08\x08\x08\x08\x08\x08\x08"
"\x08\x08\x08\x08\x08\x08\x28\x49\x92\x24\x49\xD2\xB7\xDA\x01\x55\xC5\xD9\x4F\x21\x00\x12\x8F\x00\x00"
"\x00\x00\x49\x45\x4E\x44\xAE\x42\x60\x82"
}
};

static const binfile_t background_quake = {"background_quake.png", 736, {
"\x89\x50\x4E\x47\x0D\x0A\x1A\x0A\x00\x00\x00\x0D\x49\x48\x44\x52\x00\x00\x01\x40\x00\x00\x00\xF0\x01"
"\x03\x00\x00\x00\x4B\xE3\x2F\x28\x00\x00\x00\x04\x67\x41\x4D\x41\x00\x00\xB1\x8F\x0B\xFC\x61\x05\x00"
"\x00\x00\x01\x73\x52\x47\x42\x00\xAE\xCE\x1C\xE9\x00\x00\x00\x06\x50\x4C\x54\x45\x80\x80\x80\x58\x58"
"\x58\x92\x15\xDA\x2C\x00\x00\x02\x78\x49\x44\x41\x54\x68\xDE\xED\xD8\x4D\x6E\xAD\x20\x14\x00\xE0\x63"
"\x18\x38\x74\x09\x2C\xC5\xA5\x49\xF3\x06\xDD\x96\x4D\x17\x52\x5E\xDE\x02\x1E\x43\x06\x16\xAB\x20\x8A"
"\xC2\x39\x90\xDC\x9B\xF4\xDE\x16\x93\x46\x4D\x3F\xF5\xFC\x58\x0B\xC0\x5C\xB8\x41\x85\x15\x56\x58\x61"
"\x85\x76\xFB\x70\xBB\xFF\x59\xC8\xDD\xEE\x5F\x0E\x4E\xBD\xDB\xAB\x1C\xD4\x97\x0B\x50\xF8\x77\xDB\x1B"
"\x9E\x81\xAF\xD7\x03\x0C\x76\xFE\xE0\x9D\x86\xFB\x13\xF7\x18\x10\xA8\xFB\xFD\x68\x20\xA1\x8A\xEA\x04"
"\x74\xD2\x47\x10\x08\x7C\x8F\xD2\x82\x4C\x75\xF6\x43\xC8\x54\x67\xBF\x79\x1A\x9A\x2E\x0A\x37\x0D\x27"
"\x1E\x15\x00\x32\x65\x5C\xE0\x40\xC0\xED\x97\xE1\x45\x69\x28\xE3\x30\xF2\xD0\x50\xF0\x2D\xAE\x40\x1A"
"\xFE\x09\x4F\x5A\x02\xB2\xF8\xAA\x34\x6C\x0B\x61\xD8\x18\x1F\x70\x12\x4E\x27\x38\x12\x90\xC7\xB5\x4A"
"\x42\xCD\xE3\x36\x41\xAE\xD5\x24\x54\x7D\x7C\x06\xB9\x77\xC2\xDF\x3F\x09\xE5\x10\x47\x5C\x00\x27\x1C"
"\x8E\x89\xAA\xDE\x06\xC5\xB9\xA1\x2D\x0A\x5F\xEE\x0E\x9B\xC4\xDB\x79\x1B\x64\x85\xD0\xB0\xC4\x03\xEE"
"\x0A\x5F\x4A\xA1\xC0\xE0\xD4\x3E\x3E\xD4\x57\x38\xFC\x20\x38\x0E\xBF\x31\x6B\x1C\xB2\x87\x81\x80\xC2"
"\xE6\x51\xA0\xC1\x21\x7C\x1B\x9C\x60\x88\x4F\x8B\x20\xFA\xA5\x80\x3E\x8E\xE4\x46\xC8\xCB\xA0\x39\x43"
"\x45\xC0\xD3\xE0\x43\x35\x85\x50\x12\xB0\x2D\x83\xB3\x85\x06\x00\x2C\x19\x09\xC8\x4E\x10\xFF\x17\xE7"
"\x80\x02\x57\x4F\x81\x43\xD1\xB8\x72\xC2\x71\x7F\x04\x82\xCB\xA9\x39\x22\xC6\xE0\x70\xDC\xCA\x10\x70"
"\x0C\xE1\x04\xC4\x28\xC5\x65\x91\x87\xD2\x35\xDB\x41\x4D\xC2\xEE\x80\x0A\xF0\x91\x94\xDA\xE2\x67\xE1"
"\xED\xD3\x90\x1D\xD0\x07\x9C\x1C\x68\x86\x50\x90\xB0\x09\x5A\x02\xF8\x88\x74\x6B\x9E\x7F\x37\x70\x68"
"\xDC\xEB\x60\xE1\xDE\x71\x04\x72\x0F\xB5\xEF\x78\x7A\x1E\x6F\x0B\x69\xA1\x22\xA1\xB0\x85\xB4\x50\xBA"
"\x94\x50\xC8\x3C\x14\x40\x4D\x53\x46\x9B\x81\xD3\x24\x94\xB6\x26\x2B\x34\x00\xD4\x0C\x49\xD9\xB4\x57"
"\xA8\x01\x38\x0D\x3B\x07\xE5\xF6\x17\x86\x4D\x20\x61\x45\xEB\xCF\x48\xC3\xA5\x1D\xE0\x20\x6C\x1D\xC4"
"\x26\xB9\xB0\xDE\x68\x81\x1A\xB6\x0E\x62\xD3\x66\x58\x83\x5C\xA0\xDC\xBE\x16\x28\x14\x2B\x58\x20\xC0"
"\xD6\x18\x0C\x2E\x39\x00\x07\xB6\x64\xEF\xBF\x6C\x08\x5C\x1E\xE9\x37\x7A\x0D\x40\x1D\x90\x5E\x55\xD0"
"\x07\xA4\x17\x34\xCC\x01\x33\x8B\x2E\xBB\x6B\x32\x50\x78\xD8\x66\xA0\xBC\x24\x8D\x2F\x35\x79\x98\x5B"
"\x6A\x9A\x2E\x49\xE3\xCB\x61\x97\x5C\x70\x38\x9E\x73\xC1\xA1\x3A\xF5\x85\x80\xE6\x54\x6E\x6A\x11\xD0"
"\x56\x92\x15\x40\x15\x16\x87\x5C\x56\x0C\x73\x26\xA1\x86\x70\xB4\x42\x2D\x54\x02\x9B\x2B\xAC\xB0\xC2"
"\xE7\x80\xA2\x18\xB6\x8F\x0F\xC7\xEE\x37\x42\xC9\x9F\x00\xF6\x85\x50\xFD\x28\x38\x14\x42\xFD\x0C\x70"
"\xBE\x37\x9C\xBE\x0F\x7E\xDE\x1D\xCE\x15\x56\x58\xE1\x53\xC2\x2F\x2A\xB3\x32\xAB\xF6\x41\x38\xD0\x00"
"\x00\x00\x00\x49\x45\x4E\x44\xAE\x42\x60\x82"
}
};

static const binfile_t background_recent = {"background_recent.png", 1563, {
"\x89\x50\x4E\x47\x0D\x0A\x1A\x0A\x00\x00\x00\x0D\x49\x48\x44\x52\x00\x00\x01\x40\x00\x00\x00\xF0\x01"
"\x03\x00\x00\x00\x4B\xE3\x2F\x28\x00\x00\x00\x01\x73\x52\x47\x42\x00\xAE\xCE\x1C\xE9\x00\x00\x00\x04"
"\x67\x41\x4D\x41\x00\x00\xB1\x8F\x0B\xFC\x61\x05\x00\x00\x00\x06\x50\x4C\x54\x45\x0E\xA1\x86\x13\xBD"
"\x9D\xDB\xAD\xA5\x5B\x00\x00\x00\x09\x70\x48\x59\x73\x00\x00\x0D\xD6\x00\x00\x0D\xD6\x01\x90\x6F\x79"
"\x9C\x00\x00\x05\x9E\x49\x44\x41\x54\x68\xDE\xED\x99\x3B\x6F\x24\x45\x10\xC7\x7B\x76\x8D\x0C\xD1\x48"
"\x4E\x08\x97\x80\x4D\xFC\x09\xC8\xE6\x08\xCF\x91\x85\x6C\x39\xE3\x72\x4B\xE4\x64\xD3\x96\xBF\x01\xE2"
"\x72\x27\x27\x99\x75\xE0\xC8\xA4\x1E\x3E\x84\x13\x93\x4C\x06\x3A\xE9\xD0\x44\xA7\xD1\x79\x76\x9A\xED"
"\x57\x55\xF7\x74\x75\xF7\x80\x2C\x48\x5C\xC9\xBE\x7E\x5B\xFF\xEA\x47\xF5\x63\x8A\x89\x99\xF6\x02\xBE"
"\x80\xFF\x2D\xB8\xBD\x7B\xB5\xCA\x83\x4F\xA7\x6C\x67\xCB\x0C\xB8\x3D\x66\xC6\x32\x60\x6B\x39\x56\xA7"
"\xC1\x06\xC0\x55\x1A\x04\x8E\x95\x49\x70\xD4\x50\xB1\xFE\x9E\xE7\xC1\xE2\x50\x05\xBB\x9F\x04\x07\x76"
"\x66\x3E\x75\x69\xB0\x2F\xEC\xA7\x61\x99\x04\xD1\xCF\x98\x01\xA1\x53\xC6\x22\x09\xB6\xD8\x7B\x21\xB8"
"\xBD\xFB\xB6\x06\xB0\xF2\xFE\xE7\xD8\x87\x0D\x8C\xC2\x04\xE4\xCE\x18\xFE\x60\x67\xC0\x3E\x80\xF8\x2B"
"\x37\xFF\x79\x3A\xE7\x38\x5C\x05\x01\x36\x52\xE6\xF7\x13\xE6\x1B\x05\x2E\x1E\xAF\x58\x60\x04\xD8\x86"
"\x14\xDB\x63\x55\x08\x76\x53\x6A\xBD\x1B\x5D\x0A\xEC\x5D\x68\x71\x74\xAF\xE3\x21\xC0\x01\xA8\x2F\x4E"
"\x31\x9E\x55\x08\x9A\x39\xFC\xEE\x8D\x70\xAC\xA3\xC0\x86\x2D\x4E\xA7\x89\x43\x82\x84\x3D\xF5\x73\xC0"
"\x5F\xAF\x19\xFB\x26\x07\xEE\x96\x0E\x15\xF1\xE7\x65\x0A\xD4\x13\x47\x5B\xDC\xE3\xDD\xB1\xD7\xEB\x34"
"\xE8\x4D\x1C\x6D\x20\x8D\xF3\xF1\xC3\x09\x31\xD8\xE0\xB1\xD3\x1E\x47\x6A\xE2\xBC\x3E\xDB\x8D\x96\x2B"
"\xAD\x97\x3D\xDF\x8A\x43\x3D\xD6\x1C\xA5\x8F\x43\xEA\x00\xC7\xBA\xB1\x60\xF7\xE3\x94\x3A\xBA\x75\x9B"
"\xD7\x82\xC7\xAF\x5C\x68\xEF\x6D\x74\xAC\x9D\xD9\x7A\x70\x43\xF4\x7D\x57\xFA\x60\xB1\x7E\x23\x48\xEB"
"\x41\x5A\x0A\x6E\x44\xD4\x7A\xF4\xF8\xA5\x48\x99\x03\x26\x39\x31\x80\x74\x31\x13\x4C\xAC\xB3\x13\xB0"
"\x7C\x76\x70\xF5\xEC\x60\xF5\x2F\xC1\x91\x2F\xEB\x59\x60\x63\x56\xE3\x1C\xA8\x16\xAA\x7A\x06\xD8\xDA"
"\xC4\xCB\x81\x2A\x5B\xDD\x2D\x6C\xD8\x27\x41\xB3\x44\x3A\xDF\x8C\xB4\xC7\x0E\x73\x39\x2D\x6D\xD6\xFB"
"\x32\x2B\x6D\x16\x94\x65\x4E\x7A\xB4\x79\x46\x48\xF7\xAB\xB0\x2D\x6E\x4F\xD2\xD2\x90\xBB\xF8\xEF\x91"
"\x04\x61\xEF\xC2\xD6\x00\xE8\x49\xC3\x61\x09\x87\x9B\xEE\x1E\x58\x34\xB0\xD9\xB4\xC7\x1D\xB2\x10\x5B"
"\x66\x76\xE9\x38\x38\xE8\x66\x74\x6E\xB3\x49\xE9\x5E\xF7\xA0\xEC\x4D\xF8\x96\xF4\xD8\x99\xE0\xF8\x0C"
"\x50\x7D\x6A\x9D\x8E\x24\xFB\xB1\x31\x9E\x7A\xA7\x7F\x48\x8F\x8D\x19\xE4\x31\x07\x72\xDB\x7F\x1C\x3B"
"\x92\x04\xC1\x51\x83\x1D\x49\x81\x23\x8C\x71\x8B\x13\x2D\x02\xEE\xDA\xF2\x5E\xA8\xE6\xA7\xC0\x41\x0D"
"\x88\x84\x07\x1C\x1A\x0A\xEC\x95\x1F\x09\x8E\xD8\xE3\x34\x58\xCC\x03\x3B\x09\x8E\x0A\xE1\x30\x34\x14"
"\xD8\xAA\xDE\x51\xC8\x2C\x50\x7A\x6C\x20\x19\x28\x50\xFF\xAA\xC0\x16\xB3\x66\x49\x81\x2B\x2B\xDD\xC1"
"\x60\x53\x1E\xB9\x3E\x02\xCE\x06\x2B\xD5\x53\x36\xBD\x46\x90\x2E\x1D\xB0\xB6\x1E\x07\x9C\x3E\xD6\xE3"
"\x80\x1E\x99\x0B\x16\x09\x69\x73\xF0\x95\xD2\x23\xCE\xB3\x50\xDA\xFC\xA8\x3C\x12\x20\x4A\xBB\xA0\xF1"
"\xEE\x35\xC6\x01\x97\x04\x88\x8D\x01\xE9\xC1\x05\x39\x0B\xA4\x63\x60\x3D\x95\x76\xC0\x7D\x04\x1B\x58"
"\x7D\xC2\xC6\xE4\x40\xF0\xD8\xA7\xC1\xDE\x01\x4B\x17\xAC\xA2\xD2\x3D\x5B\x48\x92\x9B\x75\xAA\x8A\x49"
"\xFF\x69\x96\x6E\x96\x03\xB9\xD9\x0C\x66\x83\x59\xE9\xC6\x03\x3B\xC8\x57\x12\x84\x9C\x49\x81\xAD\x59"
"\xE2\xB3\x1E\x3B\x0B\x96\xFA\x53\x95\x02\xEB\x39\xD2\x66\x93\xC9\x4B\x0F\x16\x2C\x7D\xF0\x72\x0A\x8E"
"\x66\x07\x9C\x7A\x2C\xA6\xA0\xB0\xDB\x56\x4E\xDA\xEE\x19\x53\x69\x0A\x54\xF3\x91\x2F\x7D\xF0\xC2\x82"
"\xB0\x47\x99\x35\x91\x17\xB4\xC7\x11\x3C\xB6\x6E\x5A\xA5\xA4\x3B\x0B\xEA\x75\xAF\x8A\x4A\xF7\xFA\x37"
"\x1D\x2A\x4E\xB3\x8B\x40\x1A\xC0\x02\xE3\x10\xF4\x02\x50\xEB\x36\xC9\x57\xC2\x23\xEE\xCC\xCC\x84\x2A"
"\x3D\xA7\x40\xF3\xE4\xA3\x57\x13\x3D\x91\x0A\xFA\xBF\xC2\x0C\x25\xE6\x35\xE1\xF1\x52\xBF\x70\x39\x8B"
"\x70\xA5\x20\xC0\x3F\xF4\x4B\x2B\x83\x0C\xC1\x21\xB8\xCF\xF4\x32\xC9\x60\xD9\x23\xFA\xD1\x9A\x3A\x31"
"\x10\x60\x78\x43\x92\x63\x83\x2B\x6E\x02\x94\xBB\x2C\xAE\xE1\x09\xB0\xDB\x49\xCF\x02\x07\x56\x3A\xFB"
"\x4C\x02\xDC\xA5\xF6\x4C\xB0\xA9\x70\x2F\x4C\x82\x5D\xE5\xEC\xAE\x29\x70\xA8\x71\xBF\x4E\x82\xEE\x09"
"\x80\x02\x31\xA1\x32\xA0\x73\x34\x71\xDE\x36\x14\x38\xCD\xF1\xA8\x34\xBC\xC7\x93\x14\x0D\x2E\x09\x90"
"\x5B\x10\xAF\x05\x3D\x0E\xB0\x73\x10\xFF\x2D\xF4\x88\xE0\xE0\x80\x56\x5A\x38\x37\x12\x38\x87\xF6\xCE"
"\x65\xA1\x09\xA5\xF1\x78\xE9\x04\x41\x75\x8F\x7B\x6A\xC6\x7B\x0A\x0F\xA5\xC9\x73\x38\x34\x46\x38\x77"
"\x40\x38\xD0\xBB\x57\x24\x22\x46\xF2\xAE\x80\xD2\x3E\x68\x6F\x1F\x98\xC4\x0D\x11\x63\x6B\x80\x96\x02"
"\x5D\xE9\x9E\xB8\x21\xA1\x47\x1F\x0C\xEE\x5C\xA4\xB4\xB9\xC5\xB5\xDE\x2D\x97\xF2\xA8\x9E\x8D\xD7\x23"
"\xCB\x82\x82\x87\x37\x4D\x1A\x24\xEE\xAE\x34\x48\xDC\x86\x69\x10\xEE\xD7\xEE\x1D\x90\x02\x89\x1B\x3B"
"\x0D\x12\xCF\x00\x68\x90\x78\xAA\x10\x01\xC3\xE7\x14\x11\xB0\x0B\xDA\x22\x5A\x12\x1C\x83\x10\x45\x53"
"\x53\x60\xF8\x74\x26\x22\xAD\x83\x5C\xCD\x00\xC7\xA9\xB2\x7A\x88\xAA\xBE\x99\x3C\xDB\xBB\x9A\xD6\x69"
"\xC0\xE3\xA5\x0F\x8E\xFC\x33\x21\x66\x48\x87\x16\x93\x8E\x83\x97\x19\xF0\x9F\x4B\x5F\x3C\x17\xF8\x7F"
"\x49\xCB\x3A\x40\x9D\x93\xB6\xCF\xD2\xD3\x1E\x3F\x3E\x30\x27\xD1\x62\xA0\x14\x64\x39\xD0\x16\x1E\xD2"
"\xA0\x5B\x78\xD0\xB6\x38\xBA\x9A\x82\x44\x1D\xE0\xE0\xB4\x7E\x3A\xE7\x1E\x48\xD4\x01\x8E\x6E\xC4\x5F"
"\x0F\xBE\xB4\x1F\xBB\xB4\xE2\xF0\x56\x9C\x5F\x4F\x62\x0C\x6A\x18\x07\x1B\x21\xCE\x9D\x30\x68\x70\x27"
"\xF8\xB8\xA1\x5B\x8D\xE0\xDE\xE6\x5E\x3C\x06\x61\x4C\xC1\xF5\xA9\xF8\xB8\x09\xC2\x98\x80\x8B\xA3\xDB"
"\x48\x29\x45\x5A\x65\xC1\xCD\xFD\xD3\xF9\x15\x8B\x1B\x78\xA4\x05\xA3\x31\xE6\xC1\x26\x05\x1D\xDC\x88"
"\xBC\x47\x5D\x0E\x19\x24\x94\x00\x6D\x39\x64\xBC\x2E\x12\xE0\x6B\x53\x05\xFE\x24\xDB\x09\xE0\x24\x46"
"\x5B\x27\x14\x9B\x9F\xF5\x17\x4B\xCA\xA3\xAD\x1D\x6D\xBF\xC3\x8E\x2D\x03\xF0\x27\x53\x3B\x7A\xFF\xCE"
"\x93\x28\x3D\x69\xA8\x1D\x9D\x04\x93\xA2\x42\x10\x62\xFF\xE5\x55\xD8\xB0\xB7\x02\x40\xBD\x07\x3C\x10"
"\x93\x02\xEA\x91\x0A\x6C\x4B\xB1\x3D\x21\x26\xC5\xFA\x0C\xB3\x53\x83\x05\x23\x04\xFD\x1A\x95\x02\x83"
"\xB2\xAC\x53\x4B\xF5\x40\xAF\x2C\x0B\x7D\x44\x80\x43\x18\x3B\x0D\x9A\xA7\xE5\x5F\xDF\x88\xB8\x69\x90"
"\xC7\xEB\x6B\x3E\xF8\x49\x64\x8D\x89\x99\xF6\x02\xBE\x80\x13\x13\xE2\x6F\xCA\x48\x2D\xED\xDB\x94\xFF"
"\xC3\x00\x00\x00\x00\x49\x45\x4E\x44\xAE\x42\x60\x82"
}
};

static const binfile_t background_rott = {"background_rott.png", 1124, {
"\x89\x50\x4E\x47\x0D\x0A\x1A\x0A\x00\x00\x00\x0D\x49\x48\x44\x52\x00\x00\x01\x40\x00\x00\x00\xF0\x02"
"\x03\x00\x00\x00\x0C\x43\x55\xF8\x00\x00\x00\x01\x73\x52\x47\x42\x00\xAE\xCE\x1C\xE9\x00\x00\x00\x04"
"\x67\x41\x4D\x41\x00\x00\xB1\x8F\x0B\xFC\x61\x05\x00\x00\x00\x09\x50\x4C\x54\x45\xFF\x9F\xAE\x70\x92"
"\xBE\xC3\xC3\xC3\x07\x02\x94\x63\x00\x00\x03\xF9\x49\x44\x41\x54\x78\xDA\xED\xD9\x41\x92\x9D\x20\x10"
"\x06\xE0\x76\xE1\x11\xBC\x8F\x47\x60\x21\x2C\xDC\x67\x91\x77\x1F\x8F\xE0\x02\x4E\x19\xA0\x81\x41\xD4"
"\x57\x65\x77\x67\xEA\xD5\x0C\xD4\xAB\xBC\x49\x52\xF5\x0D\xD0\xBF\x80\x0A\x5A\xB8\x41\x07\x3B\xD8\xC1"
"\x0E\x76\xB0\x83\x1D\xEC\x60\x07\xFF\x07\xA8\xC0\xB7\x51\x0E\x5C\x00\x2E\x45\x32\x08\xA9\x49\x81\x73"
"\x06\x47\x19\x70\x01\xB8\xE9\x22\x30\x3B\x78\xEA\x22\xF0\x66\xF0\xDC\x45\xA0\x47\x26\xB7\x49\x00\x9C"
"\x6B\x70\x14\x00\x01\x6E\xC7\x0C\xCC\x1A\x9F\xC6\x0C\xEC\x29\x6C\xC6\x0C\xEC\x29\x04\x18\xD8\x20\x08"
"\x83\xCD\x14\x1E\xAB\x02\xFC\x29\x3C\x56\x05\xF8\x53\x78\xAC\x0A\xF0\xA7\xF0\x38\x89\x22\x20\x88\x83"
"\x13\x0B\x5C\xBE\x01\x1C\x59\xA0\xFA\x78\x70\x86\x77\xB9\xF9\x91\x20\xC0\xBB\x64\x77\xB0\x83\x1D\xEC"
"\x60\x07\x7F\x30\x38\x77\xF0\x17\x6C\xF4\xEA\xF7\x1D\xE7\xBE\x03\x9C\xD8\xE0\x98\x2E\xE9\x01\xBF\xF9"
"\x87\xF6\x29\x75\x74\xC2\xC5\x82\x0D\x0E\xF9\x66\x20\xE5\x92\x7D\xE3\x33\xE6\x65\x2C\x4D\x01\x1B\x9C"
"\x52\xCF\x06\x19\x70\x46\x50\xA5\x9E\x2E\xEC\x9B\x47\x25\x0D\x8A\xF7\xB0\x99\xC3\x85\x3B\x87\xCB\x19"
"\x64\x5F\x29\x53\x8A\xCD\x50\x0F\x9D\x03\x8E\x39\xD8\x93\x20\x58\x1E\xEA\xCE\x02\xE0\x50\x76\x02\x21"
"\x10\xAA\xA7\xC4\x8B\xC8\x7A\x38\x95\xAD\x6A\x54\x9F\xB7\x62\x97\x87\x18\xC3\x2C\xFC\x54\x64\x54\x32"
"\xA0\x3E\x83\x42\x4F\x96\xA6\x45\x08\x9C\xA5\x41\x55\x18\xA1\xA7\x73\x4B\x0B\x8E\x32\xE0\x50\x06\xCF"
"\x7D\xC2\xA9\x5B\x90\xFB\x0C\x36\x39\x43\xF5\x03\x13\x2C\x4B\x97\x12\x7A\xD2\x8E\xD2\xB0\x4C\xF3\xE9"
"\x65\x05\xE7\x8D\xCF\xA0\xC6\x59\xEC\x8D\x4F\xAC\x8B\x1A\xDB\x09\xD4\x9F\xF3\x92\xAB\x83\x1D\xFC\x99"
"\xA0\x92\x06\xF5\xF5\x9B\x51\x06\xA8\x2E\x5E\xC1\x71\xC0\x4D\x5F\xBF\x51\xA7\x82\xC6\xE6\x55\xFB\xAF"
"\x10\xE8\xB0\x8B\xFE\x07\x19\x70\x75\x3B\x1E\xDE\x57\x2F\x4B\x80\x2F\xB7\x6D\x5A\x4D\xD8\x55\x19\x50"
"\xDB\xF0\xED\x8C\xEF\xAA\x04\xE8\x50\xF2\x03\x96\x01\x8D\xB3\xFE\xB3\xEE\x7E\xE4\x2F\x2B\x03\xEE\xBE"
"\x2C\x2F\x1B\xFF\x90\x00\x03\x94\xC0\xD5\x49\x80\x61\xA8\x08\xDA\x36\x37\x64\xD0\x85\x8F\x09\x1F\x09"
"\xD0\x39\x9D\x41\xDD\x94\x99\x08\xFA\x22\x27\x70\x93\x00\x43\x64\x92\x76\xCA\x0D\x90\x53\x93\x40\x5F"
"\x6E\x3E\x18\x53\x93\x40\xBB\x0A\x80\x31\x35\x6E\x8D\xDD\xB3\x4D\x99\x81\x9C\x1A\x8B\xA0\x93\x00\xE3"
"\x70\x33\xD8\x94\x19\xC8\xA9\x09\x58\x40\x37\x67\xB9\xA0\x29\xBD\xC3\x6F\x36\x18\x97\x84\x2F\xF0\x58"
"\x66\x20\xA7\xC6\xD7\x25\xCF\x25\x17\x8C\x45\x8E\xC9\x09\x73\xD9\xE4\x86\x06\xEA\x00\x86\xE1\x1A\xD7"
"\xE6\x06\xA8\xA9\xC1\xF5\xC1\xA3\xCD\x7A\x03\xD4\xD4\xC4\x15\x2C\xF4\xB4\x59\x1E\x80\x9A\x9A\x08\x45"
"\x78\xE7\x82\x98\x9A\x90\x97\xFC\xED\xB8\x60\x28\x70\x98\xC4\xF4\xCD\x05\x31\x35\x61\x12\xE3\x14\x36"
"\xB9\x01\x6A\x6A\xC2\x24\x9A\x04\xD7\x65\x06\x6A\x6A\x70\xF2\x10\xE6\x81\x06\xAF\x8F\x84\xC5\xF5\xA6"
"\x2E\x33\x50\xD7\x9A\x6A\xD8\x3B\x0F\xC4\xA5\x61\xD7\xB1\xC2\xBB\x36\x4D\x6E\x80\x98\x9A\x4D\xE3\xD5"
"\x12\xA6\xD4\x1A\x16\x88\xA9\xF1\xE7\x4D\xEC\xE7\xD6\x6C\x2B\x40\x4B\x4D\xC8\x5E\x38\x87\xE0\x0E\x5D"
"\xE7\x06\x68\xA9\x09\xC7\xC3\x78\xB0\x49\x87\x12\x16\x88\x49\x49\x47\x2F\x3C\x36\x55\x65\x86\xE7\xA9"
"\xC1\x41\x16\x30\x9C\x14\x57\x06\xB8\xA6\xE3\x42\x0D\xD6\xCB\x03\x90\x52\x13\x2F\xBA\x04\xFA\x9F\xEB"
"\xE5\x01\x48\xA9\x89\xEB\x96\xF9\xDA\x0A\x78\x60\x5E\xFA\x13\x88\x7F\xDF\xC9\x60\xBC\x43\x31\x35\xB8"
"\x85\xC3\x18\x07\xCC\x5B\x40\x06\xF7\xC3\xDD\x0A\x50\x52\x83\x4B\x7F\x06\x8F\x77\x2B\x40\x49\x8D\x76"
"\xA5\x18\x28\x5B\x0E\x98\x76\x4F\xAB\x4D\x2A\x8E\xD3\x75\x6E\x80\x50\xE4\x78\xF6\xD2\x11\x4C\x3B\xBD"
"\xFF\x47\x3A\x68\x62\xB2\x75\x02\xE3\x22\x56\xDF\xE5\x02\x21\x35\x3A\xF5\xCF\xC5\xB3\x2B\x5E\x28\x2F"
"\x3A\xB8\xFA\x0D\x3E\x79\xB8\x64\xAF\xE1\x37\x94\xDC\xC0\xF3\xD4\xEC\x11\xC9\xCD\xE3\xAB\xEF\x5F\x29"
"\x33\x3C\x4F\xCD\x56\x7B\x51\xD4\xAB\xA5\x83\x9B\x17\x6A\xCF\xE1\xB3\x87\x92\x1B\x78\x9E\x1A\xBC\x4E"
"\x0E\xA2\xF9\xCA\x0D\x3C\x4F\xCD\xB9\x85\x32\xE7\xDC\xC0\xF3\xD4\x5C\xB6\xB2\xAD\xC0\xF3\xB5\xE6\xB2"
"\xED\x34\xD0\xC4\x63\xC8\x55\x2B\x65\x86\xA7\x45\xBE\xFF\x5D\x24\xD0\xBE\x99\x8D\x8D\x00\xBE\xF6\x37"
"\xFF\x47\x02\xF5\x4D\x4D\xC2\x41\x71\x27\x80\xF9\x98\x79\x55\x15\xFD\x87\x00\x6E\xE6\x16\x24\x5F\x29"
"\xB7\x6D\xA7\xE5\xF0\x4D\x63\x3D\xE1\xBC\x6F\x1D\xEC\x60\x07\x3B\xD8\xC1\x0E\x76\xB0\x83\x1D\xEC\x60"
"\x07\x65\xDB\x3F\x19\xA1\x4D\x92\x14\x87\x9B\x36\x00\x00\x00\x00\x49\x45\x4E\x44\xAE\x42\x60\x82"
}
};

static const binfile_t background_sm64 = {"background_sm64.png", 3511, {
"\x89\x50\x4E\x47\x0D\x0A\x1A\x0A\x00\x00\x00\x0D\x49\x48\x44\x52\x00\x00\x01\x40\x00\x00\x00\xF0\x04"
"\x03\x00\x00\x00\x83\x03\xA0\x58\x00\x00\x00\x15\x50\x4C\x54\x45\x26\x3F\x8A\x0F\x10\x28\x0C\x0B\x20"
"\x29\x43\x91\x14\x1A\x3F\x1C\x29\x5C\x24\x36\x76\xBE\xE3\x6A\xF0\x00\x00\x0D\x5D\x49\x44\x41\x54\x78"
"\xDA\xEC\xDB\x4D\x77\x93\x40\x14\x06\xE0\x31\xB7\x66\x7F\x47\xD2\x75\xE6\x36\xB0\xBE\x15\x92\xB5\x09"
"\xA4\x6B\x13\x42\xD6\x91\x58\xFE\xFF\x4F\x10\x48\xA7\xA5\xB1\xCA\x97\x94\xEB\xD1\xD7\x1C\x4F\xC7\x9E"
"\xD0\xA7\x2F\x0C\x67\x98\x5A\x25\x3C\xA0\x84\xC7\x02\xC5\x1E\x58\x62\x83\xF0\x67\x81\xD0\xF7\x1B\x87"
"\x9A\x03\x0D\x53\x22\xB7\xD0\x81\x62\xFB\x77\xF9\x4E\x86\x97\x03\xFC\x09\x9D\xDF\xBF\x7B\x28\x58\xCF"
"\x03\xC8\x5F\x03\x5D\x83\xDC\x13\xAA\xF8\xF5\x48\xE8\x24\x11\x3F\x8B\xFF\x03\x7B\x86\xA5\x03\xC5\x37"
"\xF8\x2F\x03\x8B\x83\x2D\x63\xC1\xC0\x22\x41\x28\x1B\x08\x93\x39\x4B\x06\xC2\x74\xB7\x38\xB1\x60\xE0"
"\xD2\x38\x6B\x8A\x05\x03\x41\x6F\x0F\x46\x72\x83\x90\x3A\x1B\x4F\x32\x50\x05\x44\xB1\x12\x0B\x04\x5F"
"\x38\x70\x75\xE4\x1C\x18\xCA\x05\x06\x0B\x0E\xBC\x6F\xB2\x81\x37\xE0\xC7\xCA\x67\xA9\x40\x87\x41\x29"
"\x86\x43\xAC\x80\xC5\x01\x97\xB9\xCA\xBF\x1C\x73\x13\xAA\xE5\x59\x1C\xB0\x5C\x25\x58\x60\x3E\x92\x06"
"\xF4\x3F\xCF\x95\x4D\x12\xAB\xC9\x9D\x30\x20\xF8\xA9\xFB\x82\x65\xDE\x7B\x3E\x8B\x02\xAE\xD6\xCE\xC6"
"\x7C\xB5\xA3\x8F\xDA\xAC\x9D\x93\x28\xA0\xA2\xD9\x41\x2B\x9B\xA9\xD9\xEE\x48\xD8\x29\x4E\xDD\xC3\x2D"
"\xBF\x8C\xB6\x3B\x4F\xD6\x29\x56\x81\xC1\xB8\x32\x42\x1D\xCA\x6A\x50\x2D\x89\xE2\xCA\x08\x29\x16\x0D"
"\x2C\xD7\x0C\xB2\x12\xB8\xFB\xF0\xD5\x48\xDA\x29\x0E\xCE\xAB\xF0\xD5\x48\x5A\x83\xA0\x14\x57\x46\x0C"
"\x2C\xAC\xC1\x4A\xE4\xAE\x07\x3B\x01\x7C\x1B\xA1\xC0\x65\x64\x73\x12\x09\x84\x14\x91\xC8\x18\x22\x0A"
"\x65\x02\x37\x68\x33\x7F\x1F\xE0\xEA\xDC\x15\xF8\x49\xBD\x4B\x82\xB0\x17\x70\xF8\x06\x3F\xDF\x75\x05"
"\x7A\x59\xF6\x0E\x40\x3F\xBD\xF5\x3B\x02\x35\xD1\x5C\x0D\x9E\x47\x8D\x47\x68\xF8\xBD\x94\x59\xE3\x4B"
"\xF4\xDC\x1F\xBA\xC1\x09\x39\x91\x6E\xD8\x43\x54\x06\xAB\x71\x1E\x78\x60\xE0\x92\xA2\x48\xC7\x0D\xF7"
"\xC1\x10\x91\x08\x5F\x45\x37\x04\xFA\x95\xB4\xBC\xA4\xA2\x68\xC1\xAA\x49\xEE\x0D\xFE\x1C\x7D\x6E\x04"
"\x84\x43\x74\xD8\x46\x51\xFE\x2A\x3E\xE0\x56\x93\x98\xA8\xE1\x34\x0E\xA8\x3B\x70\x45\x79\x0C\x92\xD1"
"\xA4\x5B\xEE\xF7\xDD\x13\x7D\x6A\x08\xC4\xEE\xC0\xC0\x54\xDF\x13\xB6\x03\x9A\x66\x0D\x72\x2F\x20\x56"
"\xD3\x0A\x38\x59\x6C\xEA\x26\x31\x64\x65\x6E\x7A\x35\xD8\x19\x98\xC6\x4B\x8F\xEB\x2E\x3E\x6D\x88\xC8"
"\x8C\x03\xCC\x18\xB2\xBA\xAB\x00\x7F\x1D\xAD\x86\x3C\xC5\x36\x1D\x80\x45\xA3\x94\xC7\xE5\x7A\xA0\xEF"
"\xFB\x57\x40\x68\x73\x33\x9C\x9E\x3A\x4C\x5F\xED\x03\x5F\xBE\x76\x7D\x83\xAB\xE4\x98\x7D\xC7\x6A\x6E"
"\xB3\x2C\x49\x4E\xCD\x37\x5A\xBB\x00\xB9\xF1\x43\x13\xEC\x89\xD0\xBC\x7E\x37\xE5\xB9\x6B\x7C\x02\x3F"
"\x71\x7B\x20\xB5\x00\xE2\xDB\x69\xBC\x57\x35\xF1\x06\x06\x9A\x7E\x40\xD8\xCD\x6A\x81\xF4\x53\x16\xFD"
"\x81\xB7\x4D\x81\x88\x5C\x7F\xA3\xBE\xE4\x31\xB3\x39\xFD\xB4\x4C\x19\xAC\xC1\xA5\xA9\x5F\x6D\x31\x3F"
"\x61\x40\x01\x28\xCE\x5F\xD5\x29\x50\xC6\xE5\xB6\x40\xF7\xA4\x32\x35\xCD\x32\xAE\x5D\x44\xE9\x3E\x4F"
"\x67\xB0\xC3\x32\xB3\xD6\x40\xED\xDD\x53\x91\x73\xDD\x73\xB8\xD1\x1E\x0F\x0A\xD4\xF8\x76\xE6\xF7\x58"
"\x24\xAE\x7F\x06\x5A\xFC\x01\xA0\xF3\xF0\x4B\x60\x4A\xCF\x31\x6F\x01\x7D\xFE\xED\x17\x20\x44\xDD\x1D"
"\xC8\x16\x88\x2E\xBF\x0D\xB4\x9B\x7C\xD9\x34\x03\x3F\xAD\x02\x9D\x35\x16\x89\xA2\x73\xCD\x46\x70\x8F"
"\x9F\x68\x4F\xC9\x60\x0D\xB0\x92\xE9\x76\x8D\x36\x8D\xD7\xAF\xF7\x26\x8A\x3A\xCF\x12\x7F\x65\x7D\xE5"
"\x34\xAE\xCB\x0D\x61\x7B\xE0\x74\x95\x1C\xE1\x6B\xC7\xFE\x92\xE4\x09\xE8\x20\xDE\xD6\x37\x18\x98\x6B"
"\x9B\x41\x4D\x35\xBB\xF7\x4B\x4D\x64\x62\xEE\x04\x0C\xEC\x2A\x40\x87\xC5\x9D\xBA\x35\x50\xD3\x49\xA9"
"\xEC\xF7\x77\x42\xD8\xDB\xEB\xA7\x43\x96\xA6\xDC\x29\xB4\x27\xA9\x1E\x48\x64\x69\x98\x87\xB4\x5D\x8E"
"\x0F\x05\x5C\x45\x36\x71\x23\xE0\x0A\xAF\xE2\x70\x13\xE0\xED\xB7\xAE\x40\xE5\xDB\x70\x23\x20\xF8\xD7"
"\x51\x4D\x80\x61\x70\x01\xCA\xDC\xE5\xFF\x0B\x80\x3A\x0C\x8C\x60\xA0\x92\x0E\x84\x3D\xCE\x76\xB2\x4F"
"\x31\x12\x09\x07\x22\xFE\x07\xE6\x01\xE9\xC0\x1E\xB7\x19\xE9\x40\xD4\x7A\x60\x20\x5C\xFE\x89\x7B\xFC"
"\x68\xD0\x91\xDB\xE0\xC7\xA7\xF5\xDC\x00\xC0\x5E\x74\x56\x7C\xE9\x3C\x45\xCA\x83\xAE\xD8\x59\x4C\x8B"
"\x24\xCB\x92\x35\x0D\x08\xE4\x3E\xBF\x2D\x16\x1C\x57\x8F\x49\x72\x3C\x3F\x86\xEF\x74\x0D\x72\xCB\x5F"
"\x42\x82\xEF\x54\x66\xCB\x4A\x58\x9E\x40\x13\xC2\x32\x34\x1F\xAA\x41\x6E\x7F\x19\x42\xE5\xCD\x29\x3E"
"\xC5\x13\x7A\x9B\xF9\x2B\x80\x5A\x3A\x10\x87\x07\x42\x0F\xA0\x26\x77\x6F\xDE\xA7\x41\xCE\xFF\x34\x0E"
"\x5B\x20\x6A\x2F\x25\xD1\xA7\x98\xB6\x07\x23\x1A\xA8\x53\x4F\x5C\x83\x50\x05\x2E\x52\x6F\x93\x03\x59"
"\x0A\x10\xAE\x1B\xF4\x36\x26\xBD\x06\xF2\x88\xC0\x25\x5F\x01\xBF\x18\xFD\xFD\x0A\x08\xF1\x88\xC0\xCF"
"\xE7\x2B\x60\xAE\x7B\xB8\x6E\x70\x3E\x1E\x10\xF6\x61\x75\x94\xA2\x73\x8F\x78\xB7\x7E\x0D\x0C\x5C\x1E"
"\x0F\xB8\xB9\xAB\x6E\xD7\xED\xB5\xBB\x43\x9C\xA5\xC6\xF5\x19\x5E\x5A\x36\xE3\x01\x57\x76\xA3\x08\xA6"
"\x59\x1E\xD4\x73\x83\xA8\x27\xC6\x14\xA3\x13\xDB\x27\xBD\xF3\x68\xC0\xC0\x38\xA5\x02\x6E\x08\x89\x08"
"\x75\x42\xC7\xEF\xB4\x35\xC5\xC0\xD0\x97\xCB\xE7\xD6\x3A\x1C\x0D\x38\x31\xBA\x6C\x67\x49\x06\x8B\xE8"
"\xC9\xE2\xF8\xB8\x99\x1B\x2C\x43\x71\x29\x34\xDA\x53\x23\x05\xF6\xBA\x6C\x87\x37\x78\xC9\x22\x75\xA3"
"\xC3\xCE\x5D\x3F\x01\x17\xE7\x02\x8F\xDA\xE5\x91\x1A\x04\xAD\x8B\xD5\xBD\xBF\x37\x16\xB8\x3F\x3C\xEC"
"\x66\xEE\x06\xED\x18\x8A\x39\xA2\x69\x2C\xE0\x2A\x87\xB9\x0C\xDF\xE8\x19\xB4\x3B\x9C\x83\xED\xCC\x02"
"\x8B\xEE\x60\x4F\xA8\xCF\x6A\x9C\x04\x39\x81\xFC\x1B\x83\x15\xE0\x91\x73\xA0\x79\x16\x3E\xF8\x3A\x1F"
"\x84\x23\x35\xF8\xA1\x20\x3C\xDA\xFE\x28\x4A\x92\xF5\x81\xA7\x33\x27\x49\x0E\x64\xAC\xB0\xF8\x60\x3E"
"\x0E\x10\x76\xA5\xCB\xBC\xFC\x37\xE3\xE3\x7A\xFB\x70\xDE\x39\x59\x96\xA5\x16\x58\x7E\x7A\xC6\xE3\x00"
"\xB1\x9A\xC5\x8F\xF6\xCE\xA0\x3D\x51\x18\x08\xC3\x6C\xB3\xF5\x9E\x29\xDD\xB3\x19\xC1\x73\x6A\xD4\x73"
"\x05\xF5\xDC\x8A\x7A\xA6\xD0\xFA\xFF\x7F\xC2\x4A\x10\x03\x26\x01\x2C\xB2\xDB\x83\xDF\xD3\x4B\xC5\xEA"
"\xEB\x24\x33\x99\x09\x19\x3B\x43\xF4\xB6\xBB\x43\xBA\x5A\x05\x88\xD1\x82\x96\xF5\x7F\x00\x07\x78\x32"
"\x92\x54\x1A\x1C\x21\xB7\xAB\x43\xB4\x3C\x02\x52\x77\x5E\xBA\x6D\xCF\xB0\x93\x97\x74\xEF\xB4\x58\xED"
"\xF6\x87\x38\x61\x19\xE0\x76\x17\x1D\x2D\x98\x0D\xF8\x20\x3B\xF2\x55\x3C\x23\x74\xFE\x87\x06\xA7\x46"
"\xCE\xC3\xD7\xD1\x2B\x96\x8C\x66\x80\xBB\xD7\x78\x27\x01\xE1\x88\x7D\xE4\x26\x42\xEE\xCC\xA5\xDF\xC8"
"\x30\xBB\x6B\x82\x99\xFC\x40\x9D\xC0\x70\xB7\x5B\xF1\x28\x2D\x58\x8C\xBC\x97\x60\xA6\xE1\x95\x19\x66"
"\x77\xA9\x93\xD0\x6A\xDD\xC8\x2C\xF8\x75\xF8\xDA\xAF\xCA\x8F\x24\xD2\xD3\x47\xED\x1B\x60\xC2\x1B\xC6"
"\x69\x0D\xD0\xDD\x48\x9B\x6A\x80\xF0\xD4\x3E\xC3\x1C\xF6\x0A\x98\x27\x58\xBA\x05\xDB\x03\xB2\x31\xBF"
"\x1D\x20\xA2\x04\x04\x4A\x19\xA3\x52\xE5\x06\x02\x00\x4A\x41\x02\x42\x7B\xC0\x01\xFA\x37\x04\xF4\xA7"
"\x12\x70\xF8\x02\xE1\x86\xE6\x02\x7A\x3E\xC0\xE9\x4F\xD9\xF0\x45\x02\x3E\x25\x4F\x57\x8C\xCA\x0D\x01"
"\x47\x33\x96\x01\x86\x53\x8C\x26\x54\xD3\x68\x8E\xE1\x34\x03\x84\x68\xD2\x1A\x70\x42\x21\xFD\x67\x80"
"\x33\x0C\x67\xDE\x26\x03\x7C\x79\xBA\xA2\x8B\x2D\xFC\x87\x16\xBC\x1E\x70\x41\x61\xE4\x38\xE2\xC6\x80"
"\x33\x4C\xAD\x80\x72\x88\xA7\xAD\x01\x59\x56\xF5\x93\x3D\xBF\x0D\x20\x3D\x79\x31\xA3\xC7\x1F\x5D\xD9"
"\xC3\xD2\x49\x90\xB5\x05\xCC\x3E\xB1\x27\x7E\x7B\xBC\xA7\x38\x28\x17\xB8\x0A\xAB\x97\x18\x7A\xE6\x88"
"\xA8\x3B\xC2\x0C\x73\x64\xBD\x01\xC2\xF3\x6E\xF7\xCE\x9A\x00\x07\x56\x0B\x3D\x64\xAF\x11\x20\xDE\xAA"
"\x24\xD1\x00\x19\x11\x82\x03\x55\x72\x4D\x80\x53\x8C\xEB\xEE\xD8\x23\x83\xA8\x2F\x0B\x0E\xA5\x19\x9A"
"\x00\x67\x68\x77\xE2\x5C\x61\x4F\x80\x10\xE5\x33\xBD\x01\xD0\xB1\x2E\x67\xAC\x88\x00\xBD\x0C\xB1\x02"
"\x6C\x72\x92\xE7\x37\x23\xA1\xFA\xCB\x31\xEF\x0B\x90\xB7\x02\x5C\x61\x24\x78\x5D\xAF\x9D\xDF\x07\x60"
"\xFB\x21\x26\x6B\xCA\xF6\x69\xDD\xAD\x2A\xB7\x2F\xC0\x37\x75\x72\xA1\x1E\x10\x30\xB4\x38\xB1\x14\x38"
"\xFF\x0A\xD0\xB3\x00\x52\x88\x0C\x80\xA0\x86\xE2\xFF\x3A\xC9\x0A\x8D\x08\x03\xA6\x0E\x43\xF7\x53\x34"
"\xB5\x07\x64\xD4\x00\x38\x53\x80\x2A\xCE\x74\xDE\x59\x70\x69\x19\x50\x08\x22\xCA\x80\x74\x21\x1F\x8F"
"\x2F\xC2\xCC\x57\xA0\x01\xC6\x95\x86\xB6\xF1\x6D\x36\x58\x19\xAD\x0A\xF6\xC7\x1A\x7E\xB7\xD5\x52\x1B"
"\x9F\x5F\x00\x8A\xF9\xE2\x02\x90\x6C\xB9\x74\xE2\xDB\xC6\x19\x8D\x24\x6F\xDF\xA3\x17\x82\x4B\x98\x15"
"\x27\x42\xAB\x37\x23\xE5\xC4\x1D\x7A\x3E\xAA\xC7\x98\x03\xDA\x4A\xB0\x27\xE2\x02\xD0\xD1\x84\x6B\x41"
"\x95\xA0\xFB\x7D\xCE\xAF\xDD\x72\x09\xB4\x9D\xD0\x5B\xC5\x82\x97\xC2\x8C\xB1\xD1\x63\xCD\x2A\x01\x4B"
"\xAC\x3B\x58\x51\x3C\x06\x72\x3F\xA6\xB5\x10\x57\xA9\xE0\x35\x80\x53\xA4\xD5\xAE\x66\x32\xEF\x30\xCC"
"\x62\xDA\x08\xA7\xA7\xFF\x47\x44\x5E\x0C\xB1\xA9\xDE\xAC\xEA\xE9\x88\xFC\x7D\xC0\x19\x5E\x87\x07\xEC"
"\x64\x45\xC2\x6D\x80\x09\xAD\x6A\x2C\x12\x48\x2F\x0F\xFA\xF3\xD6\xF1\xC5\x8C\x61\x69\x87\x2A\x36\xB2"
"\x81\xA2\xF7\xC6\xCD\x80\x64\xA1\x79\x7E\x25\xAF\x26\x5F\xBB\xA3\xDA\xD6\xF4\xBF\x99\x89\xCE\x75\x77"
"\x67\x2D\x68\x95\x11\xCE\x3B\xEA\x6B\x6E\x06\xD4\x27\x05\x83\xA7\xCB\x7E\x4B\xEF\xFB\x06\xCC\x7C\x40"
"\x08\xD5\x74\xE1\x0C\xB6\x78\x69\x41\x8A\x6B\x87\x5B\x2C\x38\x60\x54\xD7\xB8\x14\x25\xAF\x59\xA2\xE7"
"\x4C\xE7\x33\xF8\xE5\xA7\x22\x04\xB9\xA7\xE9\xA5\xC2\xEA\x24\x33\x13\xA0\xAF\x5D\x6E\xB5\xC0\x90\x17"
"\x7D\x7C\xD7\xA6\xE7\xA9\x99\xF0\x47\x4C\x19\x85\xA8\x26\xCC\x4C\x4D\x80\x2E\xD7\xDA\xCE\xF9\xB7\x46"
"\x18\xCA\xBD\xB3\xA5\x78\xFC\xC1\xCE\x45\x1A\x81\xD2\xCE\x24\xD1\x43\xF0\x83\xD1\xEB\x34\x1F\x87\x58"
"\xE7\x69\x31\x5D\x3C\x71\xA6\x13\xE5\x16\xF2\x62\x29\x84\xD4\x21\xEA\xFB\x08\x15\x60\x53\x5C\x80\x54"
"\x5D\xBE\x22\x91\x7D\x60\x32\xF0\x62\xE1\x9B\x94\xA5\x5C\xD9\x0F\xCA\x45\xF9\x1C\x8A\xCF\x4D\x92\x90"
"\xD7\x01\x06\x46\xC0\xF0\xF2\x32\xBC\xEA\x03\xAA\x45\xC7\x40\xC6\x34\x5C\x1D\x0E\x87\x77\x0A\x48\x31"
"\xE4\xEA\xC9\xBF\x19\xF8\x95\x05\x8C\x9D\x86\xEA\x43\x94\x2C\xBB\x16\xED\x9A\x72\x47\x1A\x60\xA8\xA7"
"\xCD\x85\x55\x8B\x2F\x1A\xF8\x85\xF9\x47\xC9\x52\xD3\x0F\x8A\x88\x6F\x25\xFB\x3D\x62\xE6\xD1\x71\xAC"
"\xE2\x2B\x60\x3E\x73\xD2\x92\xC7\x52\x4A\x63\x2D\x30\x98\x34\x6E\x01\x38\xC1\xF5\x21\x3E\x28\x6D\x11"
"\xCE\x2D\xE5\xE4\x7D\xB9\x94\x0B\x6C\xA1\x04\xA9\xBB\x40\x1C\x97\x4C\x33\xDF\x2D\x17\x10\x5F\x2E\x94"
"\xD8\xE4\xC4\x2A\xAA\x34\x02\x02\x96\x55\x6C\x04\xE6\x06\xB9\x6C\x66\xDB\x50\x5F\x88\x0D\xF3\xF9\xC5"
"\x22\xAA\x99\x0B\x78\xBB\xAF\xD7\xE0\xA7\x17\x50\x80\xDA\xAB\x4D\xD0\xFA\xD1\x74\x6D\x20\xCA\xDE\xFF"
"\xB9\xBE\x53\x8F\x33\xA0\xD5\x1E\x3F\x92\x98\xF9\xA4\xE9\xAB\x39\x3A\xE0\x9A\x6B\x69\x90\x26\x5B\x07"
"\xEA\xC6\xE3\x84\x88\xCD\xB3\x19\x7F\xA6\x72\xAF\x42\x6E\x6A\x8B\x32\x2A\xAA\x68\x19\x49\xD4\x02\xD0"
"\x31\x0B\x86\xCE\x74\x1C\x4F\x5D\x0D\x50\x99\x09\xA0\x0C\x09\x43\x35\xC7\x6C\x71\x46\x77\x1D\xDE\x38"
"\x3B\xC6\xDC\x52\x87\x46\x24\xC1\x74\x4E\x63\x23\x60\x60\x9F\x2B\x8C\x9A\x35\x34\x01\xB2\x66\xC0\xD0"
"\x96\xC7\x1E\x7F\x30\x25\x34\x32\x02\xA2\x15\x70\x66\x03\xF4\xB9\x01\x10\xD3\x26\x40\x97\x5B\x00\x5D"
"\x9E\x30\xF6\x44\x82\x50\x45\xCE\x92\x02\x6B\xA4\x9B\xDA\x00\x3D\x23\x60\xD4\x34\x07\x6D\x59\xD9\xC7"
"\x73\x16\x0F\x9E\xC5\x26\x4F\x1E\xA6\x69\xF3\x7A\x3B\x56\x6F\x62\x12\x98\x00\x21\xAC\x05\x04\xB0\x55"
"\x5B\xE4\x7D\x2C\x16\x99\xEB\x25\xF9\xC0\x4D\x46\xD5\x4E\x61\xB0\x98\x48\x26\x2B\xF6\x38\xD3\x60\xA0"
"\x89\x56\x5E\x60\x64\xDD\x02\xCF\x01\xC3\x24\x9F\xC6\x0F\x50\xA9\x86\x07\xCC\x16\x8A\x49\x60\x05\x8C"
"\x5A\x00\x02\xA3\x58\xD6\x2B\xAF\xB9\x19\xFD\x22\x2D\x88\x79\x3A\x48\x29\x3E\xC7\x42\x85\x41\x5B\x28"
"\x26\xD4\xAA\x27\xE3\x10\x97\x4B\xBC\x09\x2E\xCB\xDA\xED\x53\x6E\xBF\x9D\x2F\x01\x3D\x21\x2D\x28\x0F"
"\x26\x61\x56\x6A\xD6\x45\x54\x08\x2D\x4E\xAC\xE6\xA8\xC1\x49\x25\xCA\x9E\x9F\x00\xA3\xB6\x8D\xE4\x24"
"\xF0\xC5\x87\x04\xF4\x78\x51\x49\x02\x9C\x57\xE6\x8D\x2D\xD2\xC9\x48\x61\x8F\x33\xD6\xFA\x36\xCA\x67"
"\xCE\x21\x76\xDA\x2A\xF1\xB3\x39\x88\xE1\x66\x5C\xE4\x78\x4C\xE5\xC5\x24\xB0\x10\xA8\x2B\x66\x27\xB2"
"\x5B\x57\x1A\x8B\x10\xDB\xCA\x6F\xA8\x97\x3D\xC1\x32\xA0\x20\x3C\xE7\x78\x80\xE7\xF2\x96\x99\x09\x84"
"\x8C\x82\x36\x41\x0D\x20\x88\xDA\xDA\x33\xE2\x86\x95\x24\x03\xF4\x04\xBE\xE6\xBF\x65\xBF\x1C\x02\x19"
"\xEB\xAC\x13\x0D\x88\xD8\x50\xBB\x20\xAD\x01\x8C\x6A\xEF\xDD\x1B\xA2\x21\xC7\x43\x36\xAC\xF3\xBC\x2C"
"\x19\x2C\x81\xC2\xEB\xF2\x23\x07\x24\x2F\xB6\x77\x51\xE4\x66\x27\xAA\xB9\x56\x5B\xDA\x81\x0E\x28\xE4"
"\x71\x46\x98\xB2\xD3\xBF\x9D\x7B\x04\x48\xD0\x67\x39\x60\x62\x0B\x24\xEA\x82\xB9\x2C\xA9\xBB\x66\x57"
"\x51\x1C\xF1\x1C\x77\x70\xC8\x17\x33\x3F\x90\x47\x81\x0B\xF6\x19\xDB\xCC\x0B\x40\xDB\x40\xFA\xAC\x16"
"\x70\xEC\xD4\x5D\xB3\x8A\x4C\x4E\x15\xE0\x04\x4F\x1A\x3A\x84\x93\x0D\x7C\x22\xBE\xAA\x94\x9F\x3C\x06"
"\xDC\x97\x4E\x62\x0F\xC6\x40\x6B\xE5\xD7\x01\xF2\xBA\x46\x62\xE0\x95\x1D\x81\x61\x6E\xA5\xF1\xE3\x3E"
"\x29\xD7\x24\xB8\xF4\x82\x48\x2D\x74\xD7\xCB\xFD\x26\x20\xA3\x00\x44\x54\x00\x49\x56\xD5\x81\xFB\xCE"
"\x70\x5C\x9A\xAA\x08\x5B\x21\xE7\x04\xFD\xA6\xBE\x39\xC4\x0B\x0A\x28\xCA\x16\x1C\x49\x9E\x4F\x06\x08"
"\xEB\xB8\xF0\xEA\x2C\xB6\x40\xBE\x37\x9D\xF4\x0D\x48\xB4\xFB\x74\x7F\xDE\x8A\x05\x56\x79\x94\xF8\xA0"
"\xF0\xAC\xFE\xE6\xF0\x49\x29\xAC\xF7\xDA\x42\xD7\xBF\x05\x33\xD3\x6C\x19\xD7\x00\x09\x67\x98\x5E\xDC"
"\x8A\x42\x39\x25\x69\x1F\x80\xF6\xBC\xE5\x71\x41\xE9\x14\x62\x95\x2E\xC2\xE8\x74\x65\x16\x72\x55\xB1"
"\x6F\x4E\xCB\xAD\x10\x73\xF6\x4F\x2D\x38\x47\xA4\xEE\x06\x33\x8A\x5F\x27\x03\x8A\xCB\x35\x9A\xCB\xAD"
"\xEA\x4C\x9E\xBC\x7F\xD7\x07\xA0\x28\xA9\x62\xCD\x07\xF4\x28\xC5\x61\xB6\x60\x3C\x9C\x00\xF5\x1D\x3F"
"\x44\x54\xD9\x11\xA3\x3D\x00\xFA\xBB\x92\xF6\xBC\x02\x18\x33\xBA\x2A\x07\xC2\x51\xD3\x9E\x6E\x1F\x80"
"\x60\xCD\xF4\xA7\xDE\x1C\x69\xE4\xE8\x80\xF6\x2A\xBD\x07\x40\x25\xAD\x5C\x26\xFB\x19\x32\x57\x70\x2B"
"\xA0\x68\x30\x60\x1F\x80\xD4\x13\x25\x80\x19\x02\x7C\xA6\x76\x40\x68\x4F\xD0\x1D\x50\xDF\xCB\x27\x9F"
"\xDB\xCC\x03\x42\x1B\x20\xF9\xD5\x64\xC0\x3E\x00\xCB\x37\x3A\x16\x14\x56\xCC\x0E\xC8\x9B\x0D\xD8\x07"
"\x20\x65\xA9\x02\xF4\x44\xE0\xDA\xE6\x20\x49\x3A\x18\xB0\x0B\xA0\x3A\x84\x8D\x18\x3A\xC9\xC8\xE6\xC5"
"\x73\xA4\xCD\xEA\x03\x90\xC2\x2B\x3F\x11\xAC\xB9\x33\x8B\x35\xC0\x4E\x06\xEC\x0E\xA8\x76\xBE\xE6\x4C"
"\x82\x5A\x00\xE7\x1D\xF8\x3A\x01\xAA\x58\x43\xDE\x1C\x3B\x20\x69\x9B\x59\xF5\x01\xA8\x62\x8D\x1D\x70"
"\xD6\xC1\x80\x1D\x01\xD5\xD6\x92\x52\x01\xA8\x1E\xE9\xB4\xC8\x75\x07\xA4\xB8\xDA\x95\xB5\xB9\x4C\x2C"
"\xDE\xBB\x19\xB0\x3B\x20\xC5\x8A\x4E\x38\x50\x7A\xE0\xB6\x72\xE8\x0F\xD7\x1D\xF0\x0E\x78\xA5\xEE\x80"
"\x3F\x4E\x77\xC0\x3B\xE0\x95\xBA\x03\xFE\x38\xDD\x01\xEF\x80\x57\xEA\x0E\xF8\xE3\x74\x07\xBC\x03\x5E"
"\xA9\x3B\xE0\x8F\xD3\x1D\xF0\x0E\x78\xA5\xEE\x80\x3F\x4E\x7F\x01\x0B\x4D\x8F\x6A\xE3\xCF\xD9\xB6\x00"
"\x00\x00\x00\x49\x45\x4E\x44\xAE\x42\x60\x82"
}
};

static const binfile_t background_sms = {"background_sms.png", 1694, {
"\x89\x50\x4E\x47\x0D\x0A\x1A\x0A\x00\x00\x00\x0D\x49\x48\x44\x52\x00\x00\x01\x40\x00\x00\x00\xF0\x01"
"\x03\x00\x00\x00\x4B\xE3\x2F\x28\x00\x00\x00\x01\x73\x52\x47\x42\x00\xAE\xCE\x1C\xE9\x00\x00\x00\x04"
"\x67\x41\x4D\x41\x00\x00\xB1\x8F\x0B\xFC\x61\x05\x00\x00\x00\x06\x50\x4C\x54\x45\x24\x81\xBA\x31\x99"
"\xDB\x53\x38\x7C\x9B\x00\x00\x00\x09\x70\x48\x59\x73\x00\x00\x0D\xD6\x00\x00\x0D\xD6\x01\x90\x6F\x79"
"\x9C\x00\x00\x06\x21\x49\x44\x41\x54\x68\xDE\xED\xD9\x3D\x72\xDC\x36\x14\x00\x60\xD0\xCC\x0C\x32\x93"
"\x82\xA5\x4B\xB4\xE9\x72\x83\x85\x6E\x92\x6B\xA4\xD0\x98\x9B\x51\x91\xD2\x57\x70\x99\x5B\x84\xBE\x81"
"\x6E\x60\x7A\x5C\xC4\x9D\x59\x68\x26\x94\x4C\x11\x79\x7F\x20\x7E\xF8\x87\x26\x4D\x66\xE9\x42\x6B\xED"
"\xB7\x6F\x09\xE0\xE1\x01\xA0\x94\x2B\xBC\x6E\xF0\x06\x6F\xF0\x06\x6F\xF0\x06\x6F\xF0\x3F\x82\x7D\x5B"
"\x08\xAF\xBA\x14\x56\x85\x50\x95\xC3\xA1\x18\x36\x65\xB0\xEE\xAB\x12\x38\x03\x54\xA6\x14\x56\xA5\xF0"
"\x38\xA4\x87\xBA\x53\xAA\x3E\x87\x13\x41\x65\x4B\x61\x5D\x0A\x8F\x42\x32\x1C\x55\x73\x45\xA8\x4B\xA1"
"\x6A\x4B\xA1\x3E\x85\x86\xA1\x3A\x81\x83\x32\xEC\x54\x53\x0A\x55\x31\x6C\x4E\xE0\xC5\xC3\xEA\x10\xF6"
"\x01\xEE\xA5\xC6\x1A\x56\xA5\x70\x27\xA4\x87\xF7\x01\xD6\x07\xB0\x8B\xE1\x76\x6A\x6C\xC1\xBA\x14\xAA"
"\xBF\x76\xE1\x55\x8D\x31\xD4\xA5\x70\x2B\xDB\xB6\xA1\xDD\x85\x55\x0A\x2F\x7B\x10\x4A\x4F\x02\xEF\x9B"
"\x52\xA8\x8E\xE1\xAF\xEE\x83\x87\xCD\x0E\xC4\x8A\x82\x1D\x3D\x31\x9C\xD6\xA9\x41\x90\x4B\x0F\x65\x03"
"\x4F\x9D\x71\x9D\x1A\x31\xC4\xDE\xEB\x3D\xAC\xF6\x21\xBD\x35\x7A\x98\xF7\xA5\x40\xAC\x28\x9A\x5F\xC2"
"\x45\xBD\x9A\xA5\x06\x41\x2E\x3D\xDC\x50\x82\xC3\x7A\x78\x22\xC8\x6F\x74\x0B\x4C\x43\x0A\x6C\x3A\x9F"
"\x09\xFD\x02\xD3\xD4\x50\xDC\x02\x28\x3D\xD2\x4C\x34\x75\xBF\xCE\xB6\x00\xE9\x9B\x2C\x75\xB9\xC0\x24"
"\x64\x0A\xE7\x86\x9A\xED\xE1\xDB\x35\x84\x62\xD6\xAC\xA1\xCA\x21\x95\x1E\xC3\x10\xFB\x87\xEB\x34\x5C"
"\xCD\x2E\x34\xD4\x3F\x0B\x54\x5B\xD0\xBA\x6F\x6E\xCA\xA1\xC9\xE1\x05\x9B\xF8\x37\x41\xB8\xBF\x66\x81"
"\x55\x0A\xA9\xF4\x38\xF7\x85\x20\x74\xA4\x14\xF4\x24\x64\x0C\x07\x37\xDA\x1C\x56\x2B\x08\xBF\x19\x5A"
"\x84\x63\x02\x97\xD4\x20\x88\x15\xA5\x8E\xA0\x89\x60\xBD\x05\xED\xD8\xD2\xB4\x31\x4A\xAD\x42\x2E\x10"
"\x32\x60\x6C\x87\x96\x52\x37\x81\x75\x02\x27\x84\xCF\x6E\x0B\x4A\x6A\x10\xC4\xD2\x03\xA3\xF5\xDD\xCD"
"\x0C\x2F\x09\xD4\x2B\xE8\x6F\x3B\x83\x1C\x32\x87\x30\xDA\x2B\xA8\x03\x84\xDC\x97\x21\xE8\x0D\x7C\x2C"
"\x83\x6A\x81\x2A\xC0\xCE\x02\x7C\x97\xC1\x26\x87\x53\xED\x7A\xB7\x01\x55\x0C\x2D\x65\x11\x8C\x37\x74"
"\x56\xDB\x65\xD0\x78\x08\xB9\x6F\xA1\x0F\x3B\x65\x9F\x09\xBE\x64\xB0\x62\x38\x33\xD4\xF0\xA5\xF6\x3B"
"\x42\xEB\xD6\x21\x23\x58\xB5\x3C\xC3\x3A\xF8\xF5\xB4\x0A\x19\x41\x65\x95\xC0\xDA\xD7\xC9\x70\x59\x84"
"\x54\x7A\xDA\x09\xBB\x4F\x13\x84\xEF\x7E\xCA\x7B\x28\x40\xD7\x09\xEC\xD5\x46\xC8\x18\x8E\xF7\x0B\xC4"
"\xFF\xA5\x50\x33\x6C\x10\x62\x0B\x6A\x81\x9A\x0B\x65\x06\xA9\xF4\x04\x48\x5D\xD3\xBA\x74\xE5\xD9\x82"
"\x54\x78\x7E\xCA\x42\xEE\x42\xE5\xD2\x90\x02\x8D\x12\xA8\x17\xC8\x75\x2D\x6D\xF5\x20\x10\xDE\xA9\xBF"
"\x38\x3F\x7C\xCE\x3D\x6E\x42\x4B\x50\x77\xAD\x44\xCC\x42\xE6\x11\x75\xA7\x7D\x44\xC8\x98\x7E\x05\x2F"
"\x3C\xCF\xA9\x8E\x2D\x99\x93\xA4\x86\x51\xBE\x46\x09\xEC\x03\x84\x90\x1F\x36\xE1\x2B\x8C\xAF\x99\x02"
"\x4C\x42\x0A\x7C\x87\xF0\x99\x53\x36\x40\xE8\xD4\x3B\xFF\xDA\x32\xBC\x47\x38\xC0\x8B\x16\xE2\x86\xEC"
"\xB6\x21\x35\x08\xD2\x3E\xCA\x40\xE1\x99\x2A\x2E\x07\x7C\xFD\x8C\xE3\x78\xB7\x01\xFB\x76\xFE\x14\x43"
"\xB8\x9F\x90\x1A\x02\xB1\x26\xE2\xDC\x77\x31\x6C\x1F\x61\x44\xE7\x6B\x04\x69\x1F\xD5\xB8\x87\xA5\x48"
"\x09\x9C\xA3\x6C\xD3\x11\x6C\x73\x08\x8D\x7B\xBB\x84\x8C\xA0\xCB\xE0\x2F\xD8\x8D\xCE\x45\xEB\x22\x16"
"\x33\x4E\x30\xE8\x9C\x90\x0A\xD0\x05\x1D\x7C\xFE\x35\x40\xE5\xE1\x67\x2C\x3D\x21\x67\x4C\x12\xD2\x43"
"\xCC\xED\x8F\xF0\x2F\x1A\x36\x9A\xB4\xC6\x7F\x32\x85\x5D\x04\xA1\x12\xC1\xC8\x54\x3E\x93\xA5\x98\xD1"
"\x5A\xF6\x11\xCB\xA3\x1F\xB5\xEA\x2B\x7C\x18\x97\x08\xF7\x22\x50\x36\x5C\x04\x87\x30\xA7\xA0\x2E\x29"
"\x3B\xFF\xC8\x21\xAB\x6B\x02\x1F\xDC\x18\x20\x54\x5F\xA5\x27\x9A\x24\xB0\xF9\x9B\x08\x6A\xD9\xC2\x3D"
"\xE0\x42\xD3\x2F\x10\xBE\xF7\xDE\x0C\xD4\xA6\x1A\xCB\x5E\x38\x3D\xC2\x20\xB6\x4B\x96\xC1\xFB\x8F\xEA"
"\x07\x5C\x4D\xA0\xB6\x65\xF0\x0F\xE7\x5C\x0C\x67\x4A\x53\x7C\xF5\x10\x41\x28\xE8\x3A\x4E\x1E\x2E\x95"
"\x34\x69\x5B\xF7\x0F\x43\xDA\x43\x34\x02\x55\x04\x65\x64\x34\x2F\x1F\x72\x28\xD4\x0C\xA7\x18\xC2\x34"
"\xA4\xC1\x6E\x63\x08\x77\xF2\x3E\x85\x74\x83\xD4\x8D\x3A\x86\xB2\xCD\x58\xA6\x53\x03\xB7\x84\x9D\x2A"
"\xA9\xA1\xA4\x98\xA9\x78\xFF\xC8\x10\x9B\x3B\xFC\x86\x01\x70\x59\xA1\xC6\x30\x0C\x3B\x52\x86\xF8\x54"
"\x60\xA0\xFC\x51\x29\x34\xC9\xD4\xA2\xAE\x80\x24\xC1\xB8\x02\x9D\xC0\xB0\x6B\xE6\xCF\xE1\x6E\xB6\xC7"
"\x39\x63\xFD\x12\xD7\x5F\xFC\x50\x44\x6D\xA1\xCD\x0F\x40\x08\xF9\xC6\xC3\x57\x59\xF1\x5B\x17\x17\x6E"
"\xFC\x1A\xFB\x59\x46\xC0\xF8\x0D\xFB\xD2\x9A\xB0\x60\xC1\x17\x2A\xFB\x51\xFA\x21\x85\x75\x3C\x61\x68"
"\x63\x61\x10\xBE\x52\x0C\x15\xF7\x49\x1B\x17\x63\x81\x33\x85\xF4\x50\x56\xFC\x37\x7F\xAA\x0C\x3E\xB8"
"\x8E\x46\xC6\x2E\x8F\x9A\xD4\xEA\xC2\x1D\x08\x40\xB8\xA1\x18\x3E\xED\x41\x3C\x2B\x4D\x78\x53\x7E\x5F"
"\x7C\xDD\x81\xD0\xAF\xD8\xB7\x01\xAE\x43\xE2\x69\xD6\x68\xE8\xD7\x36\x81\x6E\x05\xB1\xCF\x0C\xCE\x4F"
"\x9B\xC2\xAF\xDB\x10\x3A\xCE\x8C\x92\x8F\x3B\x21\x11\x5A\x4C\x21\x98\xDA\x09\x1C\x32\x88\x9F\xBC\x60"
"\xEE\x37\x19\x9C\x53\x57\xC5\xB0\x4A\x1E\x2B\x3E\x66\x10\xCC\x3B\x82\x7D\x06\xE7\x0C\xC2\xED\xCD\x98"
"\x94\x3A\x87\x71\x46\x60\x2A\x41\xB1\xC3\x62\xB6\x01\x97\x13\x2E\x43\x98\x2D\x1E\xD6\xD9\xA3\x4F\xA9"
"\xC1\x1D\xC3\x51\x01\xBC\xD2\xE9\x26\x87\x13\xDF\xDC\xC8\x10\x0A\xC0\x88\x69\xBE\x01\xF9\x98\xC9\x4B"
"\x2A\x96\x4F\x38\x64\x6C\x47\x74\x72\xB8\xA5\x90\x38\xD5\x08\x36\xBE\xF6\xC4\xD7\x1D\x17\x50\xA9\x6E"
"\x70\xCC\xB8\xD2\xE9\x66\x0D\x47\x3C\x14\xCA\x92\x0A\x21\x87\x5D\x08\xC3\x51\xF7\xB2\x4A\xC3\x39\x73"
"\xC0\x8D\xB6\xD9\x84\x03\x76\x9B\x84\x74\x0B\x6C\xD6\xD0\x61\x23\x65\x49\x6D\x68\x3F\x22\x7B\xE4\x15"
"\x1C\x30\x57\x65\x38\xA9\x98\xA9\x76\x1B\xBE\xF2\x29\x9F\x42\x9A\x9E\x26\x56\x38\x02\x24\xD7\xB7\xAB"
"\xF2\x21\xAB\x1E\x57\xB7\x79\x07\xD2\xCC\x95\x25\x15\xB3\xA6\xDE\x85\xBD\x52\x7E\x95\xC6\x1F\x66\x17"
"\x52\x6A\xC8\x9E\x10\xB7\x76\xB4\xD0\x6D\x41\x27\xCF\x55\xFD\xE3\xD5\x69\x17\xBE\x70\x2C\x4A\x0D\x7B"
"\x04\x9D\x2C\x64\xF2\xE3\x00\x3E\x71\xC8\x27\x4E\x8D\xC9\xAF\x85\x3B\x21\xE5\xB8\xA0\xB9\x98\xED\x40"
"\x89\xC5\xD9\x76\x04\x25\x16\xFD\x68\xC6\x70\xDC\x5B\x5F\x43\x14\xF2\x10\x72\xAC\xA5\x78\x1C\xC0\xAF"
"\xFC\xFE\xE3\x29\x7C\x8D\x43\x56\x07\x90\x63\x49\x02\x1F\xC2\x39\x4A\x8D\x43\xE8\xD3\xEC\xC3\x29\x8C"
"\xB2\xAD\x3E\x84\x3E\x56\x77\x0A\x25\x73\xC7\x53\xE8\x8B\xDA\xDD\x29\x1C\x7D\x02\xEB\x13\x48\x21\xB5"
"\xFC\xDD\xE8\x10\x4A\x9D\x1C\x4E\xA1\x64\xDB\xFC\xFE\x14\xFA\x3A\x79\x0A\xA9\x4E\x36\x05\x50\x8A\x5A"
"\x01\x94\x6C\x3B\x87\x21\xE4\x19\x94\x6C\x3B\x87\xAE\x2B\x85\x93\x92\x73\xAD\x2B\x08\x59\x06\xA7\x52"
"\x88\xCF\x6C\xCA\xE0\x13\x0D\x62\x01\x74\xBF\xBB\x42\xF8\xBD\x14\xBA\x1B\xFC\x1F\x40\xE7\xFE\x05\x2B"
"\x67\x0D\x57\xF4\x7F\xAD\x62\x00\x00\x00\x00\x49\x45\x4E\x44\xAE\x42\x60\x82"
}
};

static const binfile_t background_snes = {"background_snes.png", 980, {
"\x89\x50\x4E\x47\x0D\x0A\x1A\x0A\x00\x00\x00\x0D\x49\x48\x44\x52\x00\x00\x01\x40\x00\x00\x00\xF0\x01"
"\x03\x00\x00\x00\x4B\xE3\x2F\x28\x00\x00\x00\x01\x73\x52\x47\x42\x00\xAE\xCE\x1C\xE9\x00\x00\x00\x04"
"\x67\x41\x4D\x41\x00\x00\xB1\x8F\x0B\xFC\x61\x05\x00\x00\x00\x06\x50\x4C\x54\x45\x31\x99\xDB\x24\x81"
"\xBA\x71\x6A\x0B\x9A\x00\x00\x03\x6C\x49\x44\x41\x54\x68\xDE\xED\xDA\x41\x8E\xDC\x20\x10\x05\x50\x10"
"\x0B\x67\xC7\x11\xB8\xC8\x48\x5C\x2C\x12\xBE\x41\xAE\xE4\xA3\xF8\x08\x2C\x59\x20\x57\xA6\x3B\x6D\x1B"
"\x30\x55\xFC\x56\x3C\x9A\x45\xC2\x62\x36\xF3\x54\x36\x05\x0D\xB8\x6C\xA5\x86\xCD\x26\x85\xB5\xFF\xB0"
"\x68\x86\x66\x0C\x06\x4A\x10\x74\x44\x6D\xC8\x2E\xD4\x9F\xAE\x0D\xD9\x85\xE1\x01\x69\x0C\xCD\xD3\x51"
"\x1C\x42\x7A\xB5\x11\xB4\x3B\x8C\x32\x34\xBB\xA3\x4D\x86\xFE\x80\xB4\x4A\x50\x9F\x8E\xB2\x04\x4D\x01"
"\xCB\x90\x32\xCC\x02\x9C\x4A\x58\x8C\xE3\x05\x5A\xEA\x5F\x7B\x00\x23\x0A\xCF\xFF\x3A\x18\xC6\xCE\x54"
"\xEC\x75\xFB\x02\x03\x08\xAB\x34\x4A\xD0\xA2\xD0\xD7\x70\xE3\xA0\xA6\xA6\xAD\x0C\x34\x2D\xCC\x0C\xB4"
"\x2D\xA4\xA5\x0F\xFD\x05\xA6\x3E\x0C\xC4\x85\xF4\xAB\xD8\x97\x33\x64\x0D\xA7\x0E\x7C\xCD\xC9\x1A\xDA"
"\x1E\x8C\x1D\xE8\x7B\x90\x3A\x30\x10\x1B\xD2\x2F\x83\xBE\xEC\x21\x2B\x68\x18\xF8\xB8\x6A\x58\x46\x9D"
"\x7E\x4D\x8D\x0A\x5A\x06\x3E\x92\x5E\x41\x4F\x7C\xC8\x0A\x06\xE2\x43\x86\xB9\xB3\x82\x5E\x5B\x56\xE5"
"\xE2\xAF\x79\x48\x73\x09\x8D\x00\x73\x09\x27\x92\xDA\x0C\x64\xA7\x85\x4E\x84\x0B\x90\xC6\x66\x19\x12"
"\xD2\xD8\x6C\x3B\xB2\x3B\xD7\x4A\x3D\x80\x1B\x92\xC6\x2A\xE4\x10\x6E\x50\xBE\x8B\x85\xC8\x0E\x61\x46"
"\xF2\x5D\x84\x04\x60\x06\x06\xA6\x48\x7A\xB8\x1D\x12\x08\x35\x0A\x0D\x0A\xA7\xDB\xA1\xFD\x3E\xE8\x50"
"\xE8\x6F\x87\xE1\x76\x48\x77\x43\xFD\x85\x30\x59\x11\x9E\xD3\x31\x6A\x10\xAE\xC2\xB0\x57\xD3\x71\x11"
"\xEE\xB7\x82\xB3\x30\x41\x5A\x68\x05\x68\x4B\x38\xDD\x01\x5D\x3F\x05\x77\x41\x7D\x07\xF4\xE5\x92\x6E"
"\xEE\x80\xE1\x6D\x98\x31\x38\xFB\xAC\xE4\x84\xBF\xA0\xB2\x18\xFC\xBC\xC1\x9F\x03\x78\xF4\xE4\x07\x04"
"\xF3\x60\xB7\x7B\x1F\xA6\x21\xD4\x15\x74\xDF\x00\xE3\x57\x41\x83\x42\x76\xF9\x3D\x62\xAC\x83\xA3\xCD"
"\x05\x72\x21\xAF\xD0\x0D\xE0\x32\x38\x74\x5E\xE1\x84\x42\xF3\x2F\xC1\xF5\x76\x98\xD0\x84\x67\x14\x1E"
"\x8F\x0E\x43\x18\xC1\x49\x71\x84\x1C\xC3\xF4\x55\xD0\xFD\x35\xD4\x6F\xC3\xF8\x26\xF4\xF7\xC1\xF5\x1D"
"\xF8\x21\xAC\x14\x15\xFC\x7C\xDE\x27\x0C\x26\x3D\xDA\x15\xFE\xFC\x6A\x3C\x4D\x18\x0C\x44\xDF\x01\x67"
"\xF1\x14\x5B\x44\xB9\x1F\x2E\x6F\x40\xF9\xE8\xEA\xCF\x91\xC1\x60\x44\x61\x42\x21\x5D\x56\xB2\x99\x39"
"\xED\xAD\x0D\xCC\xE5\x40\x95\x70\xBB\x54\x68\x3D\x73\x7E\x5C\x5C\x73\x5B\x8E\x39\x0C\xE7\xD0\x14\x3C"
"\x5C\x55\xFD\xB0\x7C\x09\xC5\x56\x8F\xF6\x96\x2F\x39\xD4\x70\xE2\x8B\x18\xD5\x11\x9D\x83\x73\x05\xF9"
"\xFD\x62\x53\x75\xE6\x58\x98\x2A\x98\xF9\x27\xFB\x03\x3E\x73\x96\x78\x18\xF7\x75\x68\xB5\x00\x7C\x04"
"\x7B\x76\x36\xF2\xD5\x87\xF5\x75\xF7\xE9\xF9\x77\x00\xDD\x73\x7C\xCC\xB1\x24\x06\xB6\x44\xF9\xCC\x8B"
"\x96\x61\x54\xFB\x35\x4F\xE8\x19\xE8\xCE\x9F\xE6\x22\xC2\x57\xA2\x4F\xE8\xFA\x09\xDF\xD3\x32\x80\xF9"
"\x79\xA1\xB9\x82\xDD\x09\xB9\xE9\x7D\x0A\x99\x03\xF6\xE7\xD9\xAF\x72\x76\x2D\x83\xB2\xD9\xB6\xFF\x7B"
"\x19\x14\xE2\x8E\x49\xB9\x0E\x6A\x80\xDB\x3E\x1E\x08\x34\xC5\xF6\x27\x42\x57\x6C\xA8\x22\x2C\x77\xDE"
"\x20\xC0\xA9\x3C\x1D\x78\x61\x55\xF4\x20\xD4\x60\x59\x71\xB1\x55\x49\x93\xAF\x4E\xC4\x50\x41\xA0\x70"
"\x36\x2B\xB0\x66\xB7\xA0\x70\x55\x60\xB9\x30\x29\xB4\x00\xA9\xD0\x92\xA6\x42\xAB\xA9\x70\x21\x17\x2D"
"\x0D\x13\x9C\x71\x85\x26\x52\xA1\x89\x54\x68\x22\x15\x9A\x48\x85\xE6\x47\xA1\xF9\x81\x8B\xF1\x68\x79"
"\x9F\x14\x9A\x1F\x85\x76\x1B\x7B\x4D\x52\x40\x8B\xC2\x09\x85\x1A\x85\x0A\x86\x1E\x85\x0E\x85\x13\x0A"
"\x35\x0A\xF1\x17\x4E\x0E\x85\xC5\x27\x0D\x41\x84\xE7\xB5\xA3\x95\xA1\x3B\x17\xCD\x20\x42\x73\x1E\xAF"
"\xAC\x08\xF7\xC1\x89\xDD\x01\xBD\xBE\x48\xDE\xFA\x29\xB8\xBE\xEC\x66\x0E\x4D\x97\xF7\xEC\xDC\xA3\x6E"
"\xFB\xBD\x49\xE2\x46\x94\xFD\x58\xC7\xA3\x50\xA3\xB0\x0D\xC9\x43\x83\xC2\x66\x1C\x15\x1A\x52\xFA\x4A"
"\x09\x86\x13\x0A\x15\x0C\xCB\xD9\xF6\x1B\xFD\xB2\xC2\x19\x46\x49\x20\x66\x00\x00\x00\x00\x49\x45\x4E"
"\x44\xAE\x42\x60\x82"
}
};

static const binfile_t background_store = {"background_store.png", 4094, {
"\x89\x50\x4E\x47\x0D\x0A\x1A\x0A\x00\x00\x00\x0D\x49\x48\x44\x52\x00\x00\x01\x40\x00\x00\x00\xF0\x04"
"\x03\x00\x00\x00\x83\x03\xA0\x58\x00\x00\x00\x30\x50\x4C\x54\x45\x00\x00\x00\xFD\xFD\xFD\xFF\xFF\xFF"
"\xF4\xF4\xF4\x0D\x0D\x0D\xE6\xE6\xE6\x25\x25\x25\x36\x36\x36\x9E\x9E\x9E\x4B\x4B\x4B\xC4\xC4\xC4\xD6"
"\xD6\xD6\x75\x75\x75\xB0\xB0\xB0\x60\x60\x60\x89\x89\x89\xDF\xCB\x1F\x38\x00\x00\x0F\x89\x49\x44\x41"
"\x54\x78\xDA\xEC\x9A\x57\x68\x6D\x45\x18\x85\xE7\x61\x38\x49\x34\x5E\x59\x6B\xB8\xF6\xC2\xFA\x37\xB1"
"\x17\x66\x1F\x3B\x82\x03\xC6\x16\x0B\xC4\x5E\x50\xF3\x60\x6F\x28\xF6\xAE\x41\xB1\x22\x8A\x8A\x05\x51"
"\xEF\x55\x50\xB1\x11\xBB\x62\xEF\xF8\xA4\x17\x2B\x8A\xBD\x22\x62\x41\x50\xBC\x08\xEE\x7D\xF6\x49\xBC"
"\x31\x89\x8F\x7B\x1F\x25\x1F\x09\x3B\x70\xF2\xF0\x65\x66\xFF\x33\x6B\xFE\x89\xEB\x71\xBC\x9B\x67\x9E"
"\x79\xE6\x99\x67\x9E\x79\xFE\xBF\xFC\x17\x76\xFA\x5E\x77\x2C\xFC\x92\xEB\x59\xFA\x2E\xBD\x24\xF5\xEE"
"\x08\xFA\xA3\x5F\xBF\x77\x9F\x83\xEE\x7E\xAD\x27\x07\x30\xB9\xE4\xBF\x1D\x25\x28\x61\xFF\x53\x5C\xAF"
"\x4D\xB3\x2F\x74\x5A\x4B\x99\xCB\x10\xA3\xB4\xF1\xD5\xC3\xCE\x0D\xBB\x9E\x62\xB8\xB5\x14\x66\x6A\x8B"
"\x82\xF2\x55\xC6\x5C\x6F\x91\x9C\xBB\x59\xB0\x3C\x43\x44\x14\x62\x78\xD2\xF7\xD8\x14\xBB\xE3\xB3\xDC"
"\xF2\xA1\xFB\x5F\x3B\xE2\xC8\xD7\x1F\xCE\xCC\xC2\xF3\xAE\xB7\x18\x98\x30\x6A\x9B\xAA\x7E\x07\x2E\xA6"
"\x71\xAD\xDE\x5A\x6C\x5A\x5F\xC1\xDA\x1B\x7F\xE9\x2A\xFA\x7E\x51\x3B\x7F\xBE\xA7\xE6\x78\x50\xD1\x86"
"\xAE\x73\x5D\xD2\xC0\x62\x71\xDB\x5E\x1A\xC2\x34\x9E\x67\xF8\xD5\xFD\xCD\x31\xC1\x86\x4E\x74\xBD\xC3"
"\x0A\x66\xF1\x90\x69\x45\xB3\xD8\xEC\x4E\xD7\x3B\xBC\xC5\x6C\xB5\xE9\x03\x76\x8C\x69\xA3\xDE\xD9\x4C"
"\x56\x0C\xB4\x8B\xFE\x11\x1A\x46\xB9\xF9\x58\xCF\x08\x7E\x96\xC7\xF5\xFE\x29\xF3\x22\x78\x81\xEB\x11"
"\x06\x22\xDB\xFF\x94\xF1\xBB\xCB\x56\x76\x3D\xC2\xB1\x8A\x1B\xA7\x7F\x0A\x0E\x8C\xDA\xA6\xAE\x37\xF0"
"\xE3\x11\x33\x2B\x36\x2D\xC1\x50\x8F\xBC\x83\x83\xC2\xC2\xC3\x66\x0A\x9E\x24\x7D\xEA\x1A\xA7\x1C\xA3"
"\xC3\xA9\xB5\xDC\x4C\x46\x80\x1E\xA9\x92\x71\xEA\xA7\xD9\x06\x16\x78\xCC\xF5\x02\x03\x19\xB6\x49\x6E"
"\x06\xA9\x05\xAD\xEA\x7A\x81\x91\x0C\x5B\xCF\x3A\xFB\x8B\xC2\x46\xAE\x07\x48\x9F\xC7\xFC\x82\x59\xCB"
"\xF5\xC5\xB0\xA6\x77\xCD\x92\x7C\x72\x7E\x91\xAD\x3E\x7B\x6E\xB9\x06\x1B\x36\x7D\x32\xF9\xBD\x30\x5B"
"\x90\xCF\xB1\x20\xA7\x93\xA3\xAE\x76\x4D\x92\x06\x78\xE0\xD7\x6E\xB9\x2C\x9F\xA3\x58\x77\xCD\xD0\xA8"
"\xA0\xF7\x3B\x04\xE1\x83\x2F\x88\x9F\xE6\x08\x89\x19\x1A\x5E\xA9\x7F\x09\x99\x45\xB5\xE7\x7A\xD3\xFA"
"\xD1\xF0\xD1\xAE\x6F\x2F\x20\x28\xD8\x56\x69\x0E\x41\xC5\x66\xB7\x92\x15\xB2\x1C\x42\x40\x78\xEE\x44"
"\x3F\x6B\x8C\x6D\x5A\xF0\x05\x20\xC0\x28\x61\x9B\x57\xD3\xEC\x7B\xDD\x9B\xAE\x41\xFC\x84\xB2\x9C\x51"
"\x04\x19\x3E\x3E\xB1\xF7\x04\xFB\x19\x85\x1C\x62\x0E\x8B\xD9\xFE\x5F\xCE\x14\x6C\x38\xCE\x5C\x1F\x10"
"\x32\x7B\x0A\x44\x04\xA1\x0D\x2F\x4B\xCE\xF7\xCE\x3B\x38\xEC\xFC\x92\x9C\xCC\x0F\x39\xEC\x0C\x04\x4A"
"\x16\xA2\x9E\xBB\x6E\xBA\x61\xBF\xF2\xE6\x04\xBD\x5F\x80\xB6\x80\x2F\x9D\x1F\x0F\x04\x41\xD1\xD6\x7C"
"\x2D\x4D\x13\x2C\x97\xF0\xC6\x48\xBB\x66\x81\x61\xE3\x72\xAA\xDB\x66\x30\x01\xE0\xC2\x8F\x4E\x74\x7E"
"\x4A\x72\x77\xA0\xC9\x85\xFA\x67\xB2\x1D\x36\x1A\x76\xEE\x58\x00\x26\x09\x88\x51\x07\xBF\xBC\x6C\x50"
"\x64\x83\x5B\xDD\x40\x54\xCC\xB2\xD5\x9C\xF7\x67\x93\x66\xCC\x18\x20\x8B\xDA\xFC\xAA\x31\x97\xBA\xA7"
"\xD1\xAC\xC9\x34\x33\xC2\x18\xA8\x6C\xAC\xC8\xA5\x8A\x84\x28\x43\x04\x0C\x7A\xF0\xBA\x6E\xA9\x9C\x1C"
"\x8A\x8F\x1B\xC2\xFB\xCF\x4A\x2D\x62\xBF\x34\x88\x68\xA4\xA1\x80\x26\x00\x5C\xED\xB7\xD4\xB9\x6C\xFA"
"\x1C\x0B\x93\x6B\x08\xDF\x37\x01\x23\x88\xA1\xFB\x1F\x56\x14\xBB\x6A\x66\x1D\xD1\x85\x0F\x96\xFB\x4A"
"\xFA\x39\xAC\xD7\xD8\xB5\x5D\xEA\x07\x41\x21\x2A\x0A\x30\xD2\xAC\x7C\x16\x08\x20\xED\xE0\x6F\x9C\xF7"
"\x6F\x71\x5B\xD7\x14\xE9\x5A\x4A\x34\x81\x68\xE7\x90\x95\xC8\x0A\x40\x40\x34\x6D\xF8\xC1\x58\xAB\xEC"
"\x69\x36\x85\x5F\x04\xD0\x40\xC6\x00\x01\xB6\x2C\x84\x2C\xE4\x7C\xEE\xBB\xA0\xC7\x1B\x6B\x61\x0E\x02"
"\x84\x01\x10\x0D\xA0\xD1\x3A\x80\x66\x80\xB1\x2D\xB4\xB5\x79\xB0\xE6\xC2\xCC\xB1\x41\xAA\xDC\xB2\x08"
"\x95\x82\xC2\x14\x46\xC8\x62\x26\x0B\x17\xB8\x66\xEE\x9B\xBC\xFF\xB9\x5B\xB8\x52\x6E\x14\xCC\x0C\x93"
"\x98\x08\x08\xCA\x18\xB5\xCD\xAB\x0D\x5D\xBF\x0F\xB4\x29\x33\x41\x55\x4D\x10\x2A\x40\x41\x00\x09\x91"
"\x32\x00\x02\x17\x7E\xDC\xCC\x52\x3D\x12\x20\x08\x26\x0A\x80\x0A\x18\x25\x6A\x4F\x83\x88\xCC\x0C\x06"
"\xCA\x90\x11\x07\xD7\xBF\xDB\x79\xE7\x5E\x61\xA0\x01\x02\x28\x18\x41\x44\x3D\xF1\xCD\x8E\x67\xFE\xB1"
"\x57\x9B\xC1\x40\xC9\x04\x9A\x08\xE6\xF5\x27\x2E\xEF\x5A\x13\xB9\xAA\x80\x65\xA5\x9B\x65\x16\xC3\x03"
"\x9D\x8C\x70\xAE\x45\x96\x18\x18\x46\x11\x04\x6B\x24\x71\xF5\x03\x12\xCD\x00\x98\x60\xCA\xA3\x9E\x4D"
"\x2E\x95\xEE\xDF\x87\xB2\x7E\x09\xE1\xA3\xD3\xC7\xA3\x0C\x0D\x5C\x88\x25\x77\x8D\x84\x49\x08\x12\xF6"
"\x74\x4A\xD5\x49\xC0\x2F\x69\x23\x42\x86\x0D\x92\x5B\xC0\x00\x06\x57\x37\x65\xC3\x0D\x0C\x10\x0A\x22"
"\xD5\x8E\xB0\xFB\xA6\x6A\xD5\xEF\x2C\xE6\x90\xB4\xB5\xF3\x7E\x91\x51\xC1\xD5\xCF\x6E\x99\xAA\x02\x01"
"\x0C\x06\x3B\xF0\xBD\xE4\xA6\xF0\x77\xE4\x99\x48\xEC\xEB\x9C\x5B\x12\x88\x0D\x5C\xFD\x1C\x4B\x2A\x46"
"\x6A\xF3\x7D\xF6\x69\x6F\xBE\xCF\x33\x57\x9E\x32\xBD\xE9\x46\x83\x2A\xC1\xB7\x68\x6C\xE2\x32\x67\x3C"
"\x82\x0B\xC3\xC2\xAB\x6E\x38\xFD\xF4\x9B\x6E\x3A\x6D\xD8\x4D\x4F\x04\xAD\x90\x19\xA9\x4D\xBC\x6B\xED"
"\x49\x84\x4D\x5C\xED\xF4\xB5\x25\xC4\xA1\x97\xDD\x1C\x14\x3D\x6B\x13\xC3\x89\xE9\xA8\x28\xA1\xFE\x46"
"\xBF\x5F\x2E\x43\x1E\x71\xD1\x9C\x9B\x6C\x7F\x26\x13\x6C\x95\x1F\x27\x04\x72\x25\x57\x37\xE9\x05\xC5"
"\x80\x4D\xD3\x70\x55\xD2\xE5\x57\x85\xBF\xF5\xB0\xEA\x39\x4A\x40\xA6\x9C\x80\xE5\x7B\xBB\x9A\xF1\xAD"
"\x48\x81\xB3\xEC\x0F\x67\x85\x67\x53\x77\x8E\x01\x9A\x05\xCB\x61\xF9\x9D\xAE\x6E\xFA\x19\x91\x6D\x3C"
"\x8B\xF9\x12\x16\xBD\x60\x5F\x36\x36\x05\x28\xB3\x98\x51\x4D\xF4\xB7\xAE\x89\x59\x16\x66\x4E\x9C\xEF"
"\x6B\x9B\x55\xC9\xA5\xAF\x3A\x1F\x07\x63\x41\xED\x59\xC1\x2F\x8E\x99\xEC\xF9\x34\x4B\x71\x1B\x2A\xC1"
"\x74\x21\x21\xC1\x28\xB2\xFE\xAC\xB0\x62\x4E\x61\x83\x19\x7E\xC9\xA5\xF1\x6C\xF5\x31\x77\x44\x19\x19"
"\x0E\xA7\xC0\x4A\xB0\xE6\x8B\x08\xEF\xDD\xD9\x02\xB1\x9E\xEF\x6A\x2D\x6B\x78\x46\xBC\x2B\x0D\x3E\xFC"
"\x6C\xF9\x47\x98\x48\x1A\x25\x84\xBA\xC3\x4C\xBA\x30\x10\x38\xA0\xD2\x1D\x9E\x96\x62\x7D\x31\x7A\x2F"
"\x64\xE5\xBD\x5D\x6B\x02\xA4\x91\x42\xED\xB7\x75\x69\x41\x04\x58\xAD\x1D\x7E\xE9\xA1\x63\x69\xCA\x6F"
"\xC7\x62\x11\x4C\x7E\x91\xD9\x4F\xC5\xF3\xC5\x08\xCA\x28\x84\xD5\x92\xAB\x97\xE5\x33\x82\x55\xEB\x79"
"\xB7\xD1\x65\xAE\x61\x5B\x1F\x1E\x5C\x0C\x5D\x21\xA8\xB2\x6C\x8F\x15\x20\x33\x95\xEB\x51\xAD\x24\xF7"
"\x12\x60\xC0\xA7\x1D\x57\x62\x0B\x37\xC9\x08\x58\x5A\xFF\xD2\xA9\x64\x3F\x28\x50\x34\x41\x6B\xBB\xFA"
"\xA8\x16\x3B\x06\x64\x9D\x37\xDF\x2F\x9F\x61\x2D\x37\xC9\x49\xB9\xB6\x2C\x1E\xC7\x8F\x6E\x97\x3A\x57"
"\x28\x46\xA3\x19\xB4\x86\xAB\x97\x7E\x82\x08\x43\x63\xA9\xDA\x52\xB6\x73\xAD\xEE\x24\x5F\x4B\xDB\xAF"
"\x7C\x09\x6F\xAA\xAA\xF6\x17\xC8\x0A\x80\xB5\x5C\x9D\x78\x77\x2D\x28\x53\xB5\x0C\xEE\x56\xFC\x70\xCE"
"\x1B\xDD\xB4\xBF\x7D\x2C\x2B\x27\xF9\xEE\x2F\x6E\x2F\x02\x34\xA8\xB0\xAE\x93\xE1\x87\x08\x33\x5B\xB3"
"\x74\x4D\x7D\xB1\x9D\x8D\xAA\xBB\xD9\x0E\x8C\x6E\x78\x75\xFA\xF3\xFD\x6E\x7F\xDA\xF7\x67\xA0\x28\xE0"
"\x11\x57\x2B\x83\x80\x0C\xB6\x4A\x67\x5D\x79\x3D\x90\x88\xDC\xAC\x1A\xDB\x33\x6F\x48\x2B\x46\xDD\xEE"
"\x2A\xFA\x26\xBB\xAE\xB7\xBB\x5A\x39\x3C\xCA\x64\xB6\x69\x67\x91\x19\x22\x82\xB5\xDB\x7F\x57\xF2\xAE"
"\xA6\x55\x27\xE7\xF8\x2D\x02\x66\xA6\x3A\x1B\x70\xA9\xB3\x8D\x94\x8A\x1B\x75\xFE\xE7\x84\x82\x08\x7B"
"\x7B\x2A\xB7\x9E\x94\x67\xDB\xBA\x54\xFD\xEE\x35\x84\x88\x9A\xD3\x56\x1A\x80\x91\x22\x8B\xD2\x6C\xED"
"\xC5\x18\x33\x81\x6B\x5E\x3D\xF5\xF1\xF2\xD4\x96\xC9\x55\xEC\x20\x50\x40\xAD\x59\xC1\xA7\x11\xE5\x10"
"\xC9\x55\xCB\xED\x56\x39\x62\x71\xC5\x79\xD8\xDF\x9F\xEF\x42\x9B\x0A\x57\xFD\x20\x45\x43\xAD\x59\xC1"
"\xBF\x08\xD1\x0A\x0A\x41\x3F\x4E\x65\xD5\x99\xED\xEF\xFD\xF8\xFC\xAB\xDC\x24\x03\x79\x15\x5A\x93\xAB"
"\x0F\xDF\x37\x4A\x59\x81\xD6\x2D\xAC\x76\xDE\xEB\xFD\x6F\x81\x8D\xE6\x14\x78\x28\xC2\x14\x56\xAF\x55"
"\x70\x05\x05\xB0\x14\x5C\xC7\x15\x9C\x9E\x16\x08\xAB\xA5\xB9\x0C\x2E\x04\x24\xD5\x9A\x15\xD2\x67\x30"
"\x59\x01\x57\x2A\x75\x8B\x77\x6E\x14\x59\x9A\xF3\xE8\x62\x14\xB4\x8A\xAB\x11\x3F\x11\x21\x56\x82\x1D"
"\x5A\x13\x91\x73\x2F\x99\x30\x1A\xEA\xCC\x0A\x7E\x45\x80\x32\x33\x55\x53\xEC\x92\xBF\x90\x73\x4F\xE1"
"\x0A\x99\xD1\xF2\x5A\x3B\x33\xA7\x06\x11\xAC\x04\x2B\x76\xDF\xE7\x9E\xB9\x0F\x57\x32\x80\x75\x76\x66"
"\xFC\x12\x80\xB2\x92\x49\x41\x7F\xDA\xDC\x45\xBA\xC0\x60\xA6\x7D\x5D\x7D\x2C\x40\x04\x45\xCA\x50\x0A"
"\x56\xF8\x7F\xBB\x91\x27\x58\x67\x98\x19\x51\x90\x40\xB5\x8D\x2B\xCD\xA6\xE7\x77\xBC\xE5\xF7\x4B\x3F"
"\xB9\xCE\xBB\x8A\xD6\x68\x34\xE0\x6D\x57\x1F\xBF\x04\x46\x98\xA2\x81\x2B\xBB\x99\x9C\xF0\xFA\xA3\xB9"
"\x59\x5C\xF3\xD3\x34\x29\x98\x83\x75\x66\x05\x7F\xDC\x04\xC0\x90\x67\x91\x36\x5D\xD0\x17\x4A\xC7\x5D"
"\x3E\x21\x32\xA0\xAD\xED\xA6\x04\x19\x2D\xD6\xDA\xF8\xD8\x69\x69\x9E\xE5\x42\xC1\xFA\xD3\xFC\x9C\x3F"
"\xEF\x8A\x18\x88\x36\x0C\x96\xDB\xBB\x5D\xC1\xC8\xDC\xF2\x5A\xEF\xC1\xBC\xBB\x71\x71\x68\x83\x59\x9C"
"\xB6\xBA\xF9\x73\xAE\x88\x8A\x12\x25\x18\xB4\xD7\xD0\xA7\xDD\x4C\xCD\x1C\x56\xAB\xA0\x4B\xEE\x84\x77"
"\x08\x70\xD9\xFD\xC1\xEF\xF2\x07\x61\x01\xE5\x37\x65\x41\x96\xAF\x92\x5C\xC1\x60\x0E\xD6\x7D\xCD\xE4"
"\xBD\x6B\xFD\x30\x2A\x70\x99\xD3\xF8\x1E\x8B\x89\xD0\x26\x01\x2B\x45\x4D\x79\x88\xCF\x26\xEF\xD2\x08"
"\x60\xA8\xBD\xF1\xE1\x93\x3F\x6F\x91\x50\x8E\x51\x45\xDF\x62\x44\x74\x20\x64\x66\x62\x60\x3B\xBB\xA7"
"\xCC\x8B\x01\xE2\x56\xAE\x01\xFA\x96\xC6\xD5\xDC\x24\x67\xD3\x04\x9A\x01\xD6\x4D\x3A\x22\x60\xFB\xDF"
"\xB0\x14\x14\xB0\xB6\x6B\x02\x7F\xDB\x53\xAE\xCB\xF0\xA2\x48\xDA\x34\x64\x30\x50\x94\x0C\xD8\xC4\x35"
"\xC3\xD1\xAE\xCB\x20\x63\x4E\x02\x9C\x66\x48\x0B\x30\x40\xE2\xFA\xDE\x35\xCB\x0E\xED\x5C\x36\xCD\x4E"
"\x94\x19\x44\x18\x01\x6E\xD9\xB4\xE0\xCF\x02\x65\x5D\xD8\x11\xAC\xE6\x58\x06\x10\xD8\xDB\x35\x4B\xEB"
"\x61\x45\xD2\x66\x00\x42\x94\x11\x77\xBA\x66\xF9\xAB\xBD\xB3\x0A\xF5\x22\x88\xC2\xF8\x79\x18\x0C\x2C"
"\xCE\x19\x3B\x39\x3B\x5C\x5B\x64\xE6\x6F\x8B\x3A\x0F\xB6\xA8\xD8\x05\xA2\xD8\x05\x76\xA1\xA8\x58\x88"
"\x82\x5D\x28\x82\x22\x16\x0A\xB6\x62\x07\x2A\x8A\x9D\x60\x60\x3E\x08\x62\x0B\xA2\x62\xEC\xCC\xDA\x8A"
"\x8F\x7B\x17\xD9\xDF\xC3\x9D\x65\xEF\xCB\x77\xCF\x9C\x39\xB3\x4C\x7C\xB7\x69\xA0\x7D\xCA\xE1\xAF\x29"
"\x48\x8C\x19\x62\x22\xA4\x69\x90\xAD\x88\x51\x0A\x65\xC0\xC8\x2E\xED\xF0\x8F\x48\x32\xD3\x0B\xC8\x56"
"\xC4\xE5\x8C\x0C\x34\x22\xB1\xDF\x7A\xA7\xDF\x05\x22\x1E\x81\x6C\x25\xBF\x24\xEE\xE6\xAA\x1E\x11\x13"
"\x63\xF0\x3B\x24\xEF\x41\xB6\x32\x8A\x0A\x95\x1A\x73\x4E\x2B\xD4\x48\x18\xF0\x5F\x04\x0E\x85\xEC\xA4"
"\xE1\x1A\xB7\xBC\x2A\x26\xB4\x51\xEC\x3B\xF9\x8F\x24\xCC\xC6\x23\xAC\x5E\x5F\x1F\x85\xEB\xC2\xD6\x36"
"\x9E\x8D\x52\x23\xFE\xD9\xC5\x58\x11\xB2\x11\x91\x7B\xFF\xBE\x77\xE0\xB0\x39\x96\xB5\x75\x75\x05\x1D"
"\xBF\x08\xAC\x02\xD9\x49\x93\xA5\xF6\xC7\x70\x99\x4A\x88\x48\x8E\x9F\xCB\x4C\x51\x48\x0E\x4F\xA3\x0D"
"\x62\x66\xF2\x55\xD1\x4D\x7C\x48\x25\x93\xE4\x2E\x54\xE0\x0A\x45\x3D\x4C\x81\xAF\x39\xC8\xA8\xCA\x41"
"\xB6\x62\xE1\x17\x72\xBF\x27\x24\x8D\x3A\xF8\x7A\x20\x9D\x09\x0B\x42\xB2\x58\xB6\xCD\x45\x0E\x49\x79"
"\x91\x01\x72\x35\x48\x18\xF9\xA7\x23\x29\xE2\xAF\x07\x0B\x99\xB7\x26\xC7\x09\xE2\x1B\x4F\x0D\xB2\x53"
"\x87\x61\x13\x24\xC7\x67\xE1\x27\x06\xAF\xC6\x0C\x3A\x02\x64\x9D\x34\x4F\x1C\x4F\xCE\x33\xC8\x5F\x05"
"\xD2\x3C\x48\x24\x93\xB6\x13\x13\x32\x2B\x4A\x92\x9F\xCB\xCF\xE4\x9E\x6E\x14\x12\x52\xF5\xA4\x0A\x74"
"\x0B\x24\x86\x31\x28\x91\xB8\x31\xFC\x83\xC1\xD7\x58\x9A\x2A\x09\x16\x08\xB9\xCF\xA0\x4C\xD2\xB7\xC2"
"\x5F\x98\xB4\x2D\x11\x2E\x0B\xFF\x0A\xE2\x27\x48\x49\x49\x49\x49\x49\x49\x49\x49\x49\x49\x49\x49\x49"
"\x49\x89\x95\xC4\xB9\xC5\xFF\x41\xE3\x95\x17\xE6\x2C\x4D\xB0\xC6\x56\xD3\x91\x35\x6F\x5E\x04\x89\x44"
"\x40\xFE\xD5\xE8\x6D\xE3\x0F\x24\x67\x07\xE9\x17\x72\x4C\xE7\x36\x4C\x28\x33\x95\x45\x82\x36\xB9\x7E"
"\x60\xFB\x6B\xC9\x75\xF7\xEF\x22\xDA\x03\x89\x44\xBC\x54\xD4\x79\x09\xE4\x78\xBC\x6D\x32\x08\xC8\xF9"
"\x7C\xC7\x0B\x48\x16\xF9\xD9\x44\xC6\xE2\x13\x7A\x00\xD8\xE6\x2C\x13\xB6\xCF\x60\x5B\xCA\xAC\xB5\xD6"
"\x82\xB0\xE0\xEF\xC0\xCA\xEA\x3D\x7E\x04\x37\xFB\x6B\xA6\x00\x58\xA8\x78\x28\x7C\x67\x04\x56\x4C\x5A"
"\x3D\x3C\xF6\xDD\xF9\xDC\x35\xF7\x75\xD1\x24\xFD\x83\x0A\x27\x65\x8A\x2E\x0D\x3F\x78\x45\x95\xC5\xD7"
"\xDF\x88\xDF\xFD\x77\xFD\xCB\xD8\xA7\x45\xB1\x5A\x96\xFC\x21\x57\x5C\xC2\xDA\xD1\x6B\x0B\x8D\x57\x9D"
"\x1F\xF9\x53\x2A\x8A\x55\x27\x7D\x33\x6E\xE5\xF2\x1E\x02\x62\xC3\x8A\x35\xBA\xF2\x77\xB1\x77\x6E\x1A"
"\x2C\x7E\x67\xD3\x5D\x27\x75\xD9\x36\xC4\xAC\x59\x3E\x5A\x39\x6F\x6E\x19\x29\xCE\x54\xAF\x6C\xC3\xC7"
"\xF7\xDA\xE8\xC3\x3D\x20\x46\x5E\xC9\x12\xDF\xE7\x14\x26\x74\xD4\x03\x80\x89\x91\xC3\xDA\x4C\xE1\x8F"
"\x4B\x15\xEA\x31\xD6\xDF\x23\x11\x1F\x02\x44\x49\x87\x2C\xC4\xC7\xD1\x1F\x5B\xC0\x79\xB3\x64\xA0\xD1"
"\xA8\x92\xE1\x63\x5B\x32\xAC\x34\x66\x0D\xB5\xA1\x40\x55\xA9\xF7\x1A\x34\x9D\x00\xC6\x07\x8A\x30\x88"
"\xB7\x56\x8E\x68\xDB\xB6\x8B\xB0\xDF\xED\x20\x8C\x41\x55\xC1\x8A\x97\x59\x98\x35\x77\x3A\xA1\x5C\xE7"
"\x84\xCB\x52\xCD\x91\xB0\x23\xE4\xDE\xAE\x69\xEF\xE7\xD5\x32\xD6\x1B\x1B\x4D\x0B\xA9\xAC\x23\x22\xEA"
"\xE2\xBE\x43\x50\x2D\xEA\xDB\x77\x24\xB4\xC6\xB6\xF2\xA4\x85\x15\x12\xAB\x36\x0C\x85\xAB\x52\xC7\x39"
"\xB3\xE1\x24\x2C\x46\x3C\x04\x30\xD8\xC8\x62\x10\x1F\x39\xDB\x49\x59\xE7\x5B\xD6\xE7\x41\xE9\x1F\x5F"
"\x66\xE4\x75\x00\x21\x2E\x2B\xB7\x3F\xDC\x42\x56\x6C\x9B\x75\x04\x6C\x8E\xD5\x99\xAA\x2E\xD6\x53\x63"
"\x3C\x4B\x6D\x01\xE6\x93\x91\x0D\x22\x85\xA2\x05\xD7\x6D\x68\xC1\x36\x31\xAA\x94\x7B\x63\x47\xA1\x39"
"\x02\xD0\x13\x55\xDB\x3D\x61\x24\x5B\x4A\x7E\xE3\x62\xBD\x10\xCB\xC7\x59\x0C\xF3\xB6\x51\x8C\x7E\x5C"
"\x5A\x58\xA0\x8B\x3A\x9D\xCD\xA5\xDE\xF9\x35\x2B\x83\xB5\x00\xC3\x0D\x16\x72\x76\x01\x0F\xB8\x62\x43"
"\x08\x99\x9F\x55\x14\x62\xC4\x8E\x57\x19\x45\x2F\xC0\xF1\x12\x2B\x0B\xB0\x70\x94\xA3\x2B\x0F\x22\xB7"
"\x51\x65\xDD\xFC\xA7\xDC\x6C\xD3\xB0\x2D\x75\xF4\x91\x3B\x4E\x65\x20\x46\x84\x78\x1D\x18\x5D\xC5\x82"
"\x9F\xF7\xDC\x6D\x67\xBB\x4D\x95\xFA\x3E\xCF\x84\x02\x5F\x31\x4F\x73\xA1\x26\x7E\xE1\xB3\xB6\x8D\x2C"
"\x02\x71\x22\x72\x4C\x45\xA4\xAB\xEE\x69\xBB\xEA\x08\x20\xF2\xB7\xA5\x1A\x10\xB1\xDA\x1D\xDD\xBF\x4C"
"\x59\x6E\xD2\x6B\x9E\x29\xE4\xAA\x22\x3C\xD1\x71\x5B\xF6\xD8\xFC\xDB\x24\x96\xF1\xB1\xE1\xDD\x2E\xF3"
"\x7E\xDC\xFC\x5A\x43\xA5\x85\x58\x8D\xA5\x9C\xB0\xC5\xCE\x87\xBC\xE1\x80\xF7\x19\x95\x35\x0F\xE2\xC5"
"\x0E\x41\x96\x3D\xC2\xD0\x19\x73\x11\x00\x06\x92\xB9\x07\x11\x97\x32\x15\x44\xCE\xB6\xA6\xBE\x4F\x50"
"\x2A\xF5\xF1\xCE\x2D\x8D\x8C\x0D\x20\x6E\xC4\x65\xD4\x2F\x5C\x96\xB9\x9F\x30\xC2\xA9\xFD\x9A\x83\x99"
"\x72\x90\x9B\xFC\xCC\x21\xA6\x64\x50\xB3\x94\x92\xEB\xCE\x83\xD8\x19\xC4\xAE\x9E\xE4\x42\x1F\xBA\x87"
"\xFE\xB3\xDA\x67\x67\x1B\x2E\x0C\x79\x91\x5D\x5C\x73\xB4\xCD\x62\xD4\x01\x9A\xAE\x8F\x20\x7E\x0A\xB0"
"\xEC\x08\xD0\x1C\xD5\x50\xE7\x56\xFB\xFD\x23\x3B\xBF\xE4\xF6\x36\x57\xE4\x27\x95\x13\x49\x12\x56\x3F"
"\xF8\x69\x24\xC4\x8F\x68\x46\xCE\x5B\xA1\x8F\x2A\xE1\x2A\xF1\xAB\xEF\x53\x59\x2E\xC9\x93\xBD\x6C\x27"
"\x50\xE2\xFA\x31\x63\x46\x37\x84\x6C\x21\x77\x86\xC3\x08\x0E\xE3\x52\xE0\x04\xBA\xF9\xC4\xD3\x42\xF2"
"\x11\x68\x44\xD2\xFA\x08\x9A\xC9\x90\x6D\xE4\x46\x53\x0D\xE0\xBE\x57\x66\x5F\x65\xCA\x43\xC4\x02\x19"
"\x96\xBE\x85\x51\x4A\xE6\x56\x7A\x72\xF6\x2D\xD4\xE5\x97\xB8\xF6\x7B\xDF\x1E\x95\x55\xBE\x0D\x62\xAA"
"\x17\xEA\x95\xFE\x6D\x4E\xA5\xAE\x42\xB6\x91\x8F\x32\x93\x43\x3D\x5C\x1B\x42\xEE\x07\xD5\x7B\x44\xB2"
"\x95\xAC\x2D\x60\x0A\x56\xF6\x02\x0D\xD6\x84\x6C\x63\x01\xEA\x79\x20\xDA\xB1\x9F\x64\x47\x69\x73\xC4"
"\xB5\x0D\x7B\x91\xBE\x08\x70\x09\x8B\x45\xF7\xF5\xB1\x74\xFC\x4B\x0B\xCD\xC0\x93\x73\x9B\x0C\xF3\x4C"
"\xC8\xA0\x76\xE4\xF3\x66\xAA\x85\xAD\x10\xDB\xB1\x50\x0F\x68\xB8\x5D\x77\x04\xC7\x14\x55\xDC\xC6\x2E"
"\x70\xEA\x3B\xDF\x9C\x50\xA6\x36\x80\x40\xEC\x0E\xC2\x8A\xFC\x84\xF5\xAC\x0D\x23\xA9\xB8\x3E\x40\x33"
"\x63\xD6\x82\x63\xA1\xA6\x19\xAE\xCD\x71\x0A\x62\x23\xC7\x1A\x79\x77\x49\xC3\x26\xEF\x8D\x91\x93\x1B"
"\x82\x68\x83\x15\x87\x0A\x6F\xDB\x8D\x1B\x41\xB4\x6E\x83\xFA\x88\x15\x79\xE5\xD7\xF2\xD2\x9C\xAA\x57"
"\x9C\x17\x0A\x7E\x5F\x0B\x62\x23\x6F\x21\xAD\x65\x87\x76\x88\xBA\xBC\x70\x5F\x5B\xC6\x54\xEF\x36\xD4"
"\x2D\x21\x69\x79\xF0\xA6\x94\x5C\x52\x78\xEF\x02\x9F\x91\xD6\x39\xF6\x14\x3A\x78\xAD\x1D\x97\x82\xD8"
"\x68\x8D\x99\x00\x89\x32\x3A\xEB\x8D\x1F\xBE\x28\x31\xAB\x07\x40\xEE\xB6\x9A\x91\x10\x4B\xDC\x73\xEB"
"\x73\xA8\xEF\x59\x70\x3C\x44\x83\x8C\x81\x56\xF1\x65\x61\xCE\x0F\x1C\x90\xD2\x88\xB3\xA2\x4E\xCC\x28"
"\x2E\xD1\x23\x5A\x57\x40\xA5\xF0\x46\x34\xA6\xD5\x50\x70\xD8\xDC\xAB\x15\x65\xC2\xF7\xB7\x21\x2E\x84"
"\x5B\xF9\x45\xE4\x3A\xA7\xC0\x93\xE3\x15\x61\x71\x27\x50\x3C\xD5\x12\x2B\xBD\xF5\x81\xEA\xBF\x69\x83"
"\x7B\xE5\x68\x75\x89\x90\xBA\x9E\xEF\x01\xF1\x61\xA1\xDF\xAA\x67\x4B\x1B\x42\x84\x15\x2B\xCF\x2E\x11"
"\xD1\x22\xD6\x85\xD3\xBD\xFF\xFC\x7B\x1A\x2F\x7F\xB6\xBC\x37\x64\x2F\x22\xD9\xDB\x63\x49\xDC\x28\xF9"
"\x8E\xF8\x6F\xF6\x1E\x53\x52\x52\x52\x52\x52\x52\x52\x52\x52\x52\x52\x52\x52\x52\xFE\x3B\xBE\x00\xCE"
"\x76\x93\x1A\xDC\x31\x2E\x01\x00\x00\x00\x00\x49\x45\x4E\x44\xAE\x42\x60\x82"
}
};

static const binfile_t background_wolf3d = {"background_wolf3d.png", 2044, {
"\x89\x50\x4E\x47\x0D\x0A\x1A\x0A\x00\x00\x00\x0D\x49\x48\x44\x52\x00\x00\x01\x40\x00\x00\x00\xF0\x02"
"\x03\x00\x00\x00\x0C\x43\x55\xF8\x00\x00\x00\x0C\x50\x4C\x54\x45\xB9\x43\x22\x7B\x2E\x19\x92\x35\x1B"
"\xA8\x3D\x1F\x3A\x1C\x15\x22\x00\x00\x07\xAB\x49\x44\x41\x54\x78\xDA\xAD\x5C\xBB\x6E\x1B\x57\x10\x5D"
"\x70\x2B\x1A\xE2\xFA\x2B\x58\x24\x95\x1A\x16\x6B\x18\xD1\x57\x5C\x52\x16\x09\x98\x95\x10\x29\x5B\xE8"
"\x03\x52\xE8\x27\x36\x40\xE0\x26\x8D\x03\x78\x25\x24\x44\xCA\x30\x48\x16\xD0\x07\xA4\x52\xFE\x60\x83"
"\x20\x09\x04\x35\x29\x9C\x08\xDE\xDC\xF7\x73\x69\x60\x67\x66\x0B\x1B\x92\xE1\xAB\x3D\x77\xCE\x3D\x73"
"\x66\xEE\x50\x59\xE6\x3D\xB3\x75\x46\xFB\x4C\x96\xD7\xB4\x0B\xE6\xAC\x22\x7E\xC5\x9A\x1A\x73\xCD\x76"
"\xB4\x0B\x76\xD4\x98\xE7\x6C\xD9\x92\x2E\xB8\x60\xC4\x98\xA7\x8C\x18\xF3\x8C\x11\x63\x2E\x18\x31\xE6"
"\x09\x5F\x70\x4B\xFD\x86\x5B\xE2\xA0\xB0\xDD\x4B\x5A\xDA\xB0\xF6\x2F\x52\x62\xF3\x28\xFF\x46\x18\xE7"
"\x7B\xC6\x56\x79\x5D\x51\x8A\x03\x3B\x9D\x30\x3A\xC9\xC9\xF9\x16\x6E\x0A\x42\x2A\x4A\xD6\x50\x1E\x3F"
"\xC9\x1A\x1E\xE9\x33\xAA\x05\x4B\xBE\xE0\xB5\x88\x34\x29\x6B\x44\xA4\x69\x59\xC3\x23\x9D\xB7\x64\xAC"
"\x59\x8B\x48\x57\xC5\x8E\x94\x35\x3C\xD2\x34\x54\x9C\x68\xD6\xF0\x48\xD3\xC8\x2C\xD7\x6B\x76\x25\xF4"
"\xE1\xBA\x63\x57\xA4\xAC\xE1\x91\x5E\x93\xB2\x86\x47\x9A\x04\x73\x27\x28\xAD\xF4\x81\x91\x60\x36\xAC"
"\xD9\xCC\x68\x32\x81\xC7\x1A\x9A\xE4\x27\x59\x33\xD3\xFA\xC0\xDA\x27\x1A\xD6\x38\x7D\x78\x43\xCA\x1A"
"\x11\x69\x34\x68\x09\xD4\xEA\xC3\x04\x2F\xB3\x86\x35\x26\xD2\x67\x2D\x15\x6B\x44\xA4\xAF\xA6\xE8\x40"
"\xE7\x86\xD2\x5B\x93\x09\x36\x78\xD6\x54\x61\xA4\x5B\x42\xD6\x88\xE8\x20\x31\x4F\x23\xD6\xF0\x2F\xD7"
"\x78\xD6\x58\x7D\x10\xD1\x41\x62\x9E\x07\xAC\x11\x91\x66\xEC\x16\x9D\xF2\x02\x7D\xC0\x61\x16\x9B\xB6"
"\xB1\x91\x96\xFA\x80\xC3\x9C\xB2\x46\x3C\x88\xE3\x67\x81\x3A\xD6\xE0\x30\x4F\xAD\x10\x5A\xD6\x30\x14"
"\x15\x03\xD6\xC8\x48\x23\x17\x94\xAC\xB9\xF7\x59\x73\x61\x16\x3C\x12\xFF\x7E\x0C\x36\x4A\x56\x1F\x7E"
"\x10\xB0\xDB\xFF\x9A\xE6\x26\xFB\xF0\x27\xFF\x03\xA8\x35\x5E\xA4\xEF\xED\x4B\xD7\xE3\xC1\xE7\x03\x5A"
"\x63\xA8\x2E\x7F\xD0\x58\x06\x15\xBE\x10\x2E\xDB\x70\x03\x66\x00\x92\x3B\xD6\x04\xFE\x41\xBD\xF4\x14"
"\x10\xF0\x52\x99\xAE\x58\x1F\x14\xD5\xD5\x39\xFC\x1C\x68\x94\x42\xFF\x60\x5E\x7A\x34\xE6\x60\xD3\x9C"
"\x3E\xA8\x0D\x10\xE7\xB0\x69\x9A\x51\x0B\x0E\xB0\x66\xEE\xB3\xE6\x75\x7F\x3C\x9A\x35\x9B\x54\x1F\xBC"
"\x48\x03\xB4\xE6\xF2\x9D\x0F\x74\x15\xBD\x34\x20\xE5\xC9\xA7\x4D\x23\x2D\x59\x33\xB6\x6D\x57\xEA\xF5"
"\x22\x7D\xB0\xAC\x19\x2D\xDD\x5A\xA0\x63\x7D\x50\x1B\x00\xA9\xFE\xB4\x40\x1F\x8E\x34\xC0\x28\xC9\x67"
"\x33\xA4\x0F\xE2\xA5\x01\xF6\x5A\x3E\x57\x6E\xD3\x42\xAA\x03\x52\x9E\x12\x80\xD4\x3F\x54\x90\xEE\x90"
"\x65\xCD\xF5\x7C\x58\x1F\x2A\x28\x6B\xEE\x6A\x03\x34\xD4\x87\xB1\xB4\x59\x98\x37\x6C\xC2\x48\x1B\xD6"
"\x8C\x4E\x00\x9F\x5E\x9E\x9F\xBF\x32\x8B\x0E\xB0\x66\x34\x6F\x4E\x4E\xFA\xFE\x83\x59\x30\xD2\x07\x45"
"\x29\x80\xCB\xF9\x58\xA4\x41\xCE\xEE\x63\xFA\xC0\xD8\xAB\xF1\xB6\xE9\x90\x3E\x88\x1F\xF4\x7D\xDF\x8F"
"\x2F\xFD\x06\xF4\x41\x66\x02\xF1\x83\xEE\x80\x85\xD4\x61\x7D\x00\x16\x52\x4A\x1F\x8A\x54\x1F\xA0\xE5"
"\xB7\x63\x8D\x73\x8A\x99\xD6\x9A\xA3\x5F\x9F\x30\xAC\xD9\x85\xFA\xF0\x9C\x7B\xB0\x66\x64\x01\x5D\xF0"
"\xFF\xB2\xDF\xF7\x7D\x2F\x8F\x5A\x65\x59\x33\x71\x35\x01\xD4\x7C\x8A\xA3\xB6\x64\x41\xA4\x17\x28\x07"
"\x5F\xA7\x67\xBA\x43\x15\x19\x86\x3F\x51\x25\x09\xC7\x5C\x18\xB1\x95\x99\xA0\xF3\x6A\x82\xD7\xF0\x9A"
"\x8A\x25\x4E\x11\x83\xF9\x1F\x7D\xA6\x83\x4E\x93\x7A\x69\x0C\xE6\x55\xCC\x1A\xF8\x1B\x2A\xCC\x09\x6B"
"\xC4\x4B\x03\x57\x2C\x59\x60\xAF\x4D\x25\xC9\x37\xE0\x16\x81\x79\x5B\xFA\x39\x5F\x0B\x11\xB4\x98\xEC"
"\x02\xA7\x98\x3B\xAA\x43\x6F\x63\xDF\x27\x59\xE5\xEC\x9D\xA2\x7A\x05\xC6\xAC\x59\x53\x6B\x81\xAC\xF4"
"\x06\xC0\x31\xBB\xA2\x2C\xAC\x2F\x76\xD0\x38\x47\x99\xA0\x35\xA6\xA7\x82\x52\x31\x64\xCD\xD2\x36\x4D"
"\xA0\x3D\xBB\x6E\x7B\xC0\x29\x42\x31\x4F\x0F\x55\x92\xD0\x9E\x5D\xDE\xCE\x87\x6B\x02\x78\x2F\xC7\x00"
"\x8D\x2A\x49\x30\xE6\x81\x4E\x93\xAE\x4A\x81\x54\x9C\x18\x7B\x1D\x3B\x45\x28\xE6\x03\x95\x24\x1C\xF3"
"\x34\xD1\x07\x9B\x09\x60\x98\x17\xFE\xF1\x58\xDB\xA6\x09\x1C\xF3\x01\xD6\xD4\xE0\x05\xEF\xFD\x92\xD9"
"\xB1\xE6\x3D\x03\xBA\xBB\xA8\xD3\xB4\x30\xD1\x29\x64\x26\x78\x84\xB9\xBB\x21\xA7\xA8\xBE\x5F\x61\x58"
"\x33\x50\x49\xCE\x56\x40\xD6\x94\x07\x3A\x4D\x25\x80\x8A\x65\xC2\x9A\xA0\x69\x52\x81\x58\xD3\x1E\xD0"
"\x07\xFE\xFD\xF1\xCC\x09\x59\x33\x4B\x0A\xAC\xD1\x98\xAD\xBD\x96\x9B\xF6\xAC\x69\x1E\x42\x81\xFC\x02"
"\xCA\x1A\xB5\x69\xD2\xD3\x04\x91\x1E\x8B\xB9\x08\x81\xA6\xED\xB1\xB1\x98\x67\x3E\x6B\xD4\x82\x79\xD0"
"\x34\x19\x2B\x39\xCF\x9A\x9B\x7D\xFB\xE2\x66\xDF\x4B\x0B\x5F\x25\x54\x1F\x8F\xB9\xF5\xBD\xE2\xDA\xBE"
"\xB4\x97\x09\x80\xCE\x4E\x5D\xD4\x5C\x67\xFE\xCC\x42\x8D\xBA\x26\x78\x6B\x4A\x9E\x24\x13\x60\xDC\xEC"
"\x3A\x66\x0D\xA2\xB0\x9A\x98\xBC\x14\x50\x1D\x83\xB9\x53\x6F\x13\xDF\x2E\xC1\x07\x40\x24\xE6\x55\x1B"
"\xB6\xE2\xDF\x9A\x05\x5B\x58\x32\xE0\xCB\xB8\x4E\x93\xD0\x87\x52\x66\x82\x87\xA6\xF9\x06\x8A\x39\xF4"
"\x0F\xAB\x89\xDD\x00\x28\xE6\xD0\x3F\x6C\x9C\xA8\x41\x0B\x2B\x09\x74\xE8\xD2\x05\x18\xE7\xA8\x92\x74"
"\x56\x19\xC4\xEE\xE2\x40\x27\xBA\x83\x8E\xFA\x70\xA4\x9E\x7F\x98\x06\xA9\x10\x5A\x58\x79\x9B\x36\x0D"
"\x36\x00\x5A\x58\x79\xFE\x41\x54\x59\xF9\x57\x97\xCD\x4F\x13\xC4\xF1\xAB\x9D\x7F\x90\x87\xFB\xAE\xEF"
"\x5B\x29\x90\x50\x07\x5F\xFA\x9B\x56\x6B\xB2\x94\x08\xC9\x79\xEE\x6F\xDA\xBD\xBE\x0C\x59\x60\x24\xC7"
"\x1D\x0F\x49\xCB\xAD\xEB\xEF\x3C\xC2\x55\xD1\x5C\xD4\x98\x09\x88\x1A\x23\xB3\xB9\x77\xD4\xA6\x8A\x7E"
"\x39\x5A\x66\xCD\x45\xCD\x4C\x1D\x10\xF1\xD2\x97\x0D\x4F\xB4\x60\x99\x55\x91\x96\x2B\x2D\x75\x5A\xBD"
"\x02\x5C\x13\xDB\xA8\xA8\xE3\xA1\xB1\xB6\x3A\xAD\x66\xF0\xA7\x73\x47\x4D\x11\x71\x01\xCF\xA4\xCA\x9C"
"\xB8\xEB\xBD\x4E\x62\xED\x4C\x9A\x3A\x02\x62\xBE\xB5\xD7\x7B\x73\xB9\xB0\xDC\x80\xBE\xFF\x71\xE4\x15"
"\xA7\x7B\x1E\xED\xA6\x95\x02\xBA\x52\xEF\x6F\x31\xBD\x59\xB9\x69\x27\xFD\xC3\x1F\x33\x41\x44\xE7\x14"
"\x31\x54\x5C\x66\x5F\xAB\xCB\xA0\xB5\x1B\xCF\x41\x48\x8E\x97\x55\x96\x99\x77\x93\xCD\xBE\x04\xF7\xAF"
"\x5C\x26\x68\x3D\xA7\x88\x70\x76\xE1\x4D\x95\x71\x8A\x08\xCC\x03\x95\xA4\xEA\x50\x43\x31\x0F\x75\x9A"
"\x30\xC4\xE9\x86\x3A\x4D\xD2\xA8\x9C\xF4\xFB\x1B\xC0\x82\x2F\xC4\x5A\xCB\xBB\xE0\x26\x5B\xED\x61\x07"
"\x8C\x8C\xDC\xB4\x9F\xA3\x4E\x93\x31\x3D\x60\x7F\x7C\x11\xD5\x17\xDA\x2A\x6F\x80\x54\xF4\x2F\x65\xC5"
"\xB8\xCB\x05\xC6\x29\xDA\x6B\x02\x17\xE9\xF5\x07\xDC\xD0\x67\xE7\x6F\x1A\x81\x53\x34\x98\xD7\x39\xD5"
"\x28\xA0\xC6\x1C\x3B\xC5\x7F\xF7\xBF\x20\xB2\x5F\xD2\x89\x46\x4D\xAC\x7F\x16\xDD\x2E\x99\x54\xC8\x5F"
"\x3E\x43\x60\x8E\x3A\x4D\x2A\x8B\x21\x8A\xC9\x74\xD2\x25\x3F\xC9\x16\xF0\x6B\x82\xA4\xD3\xF4\x4C\x4C"
"\xF7\xCC\x11\xA9\x65\x3D\x3C\x9E\xF3\x08\xC6\x3C\x30\xD3\x24\x5E\x1A\x5A\x40\xD7\xC9\x4C\x93\xB6\xB7"
"\x70\xCC\xF1\x4C\x93\xD9\x80\x1D\x14\xF3\xD0\x4C\xD3\x0C\xE1\x66\xEB\xA1\x99\xA6\x12\x91\xFD\x7E\xB7"
"\xFD\x87\x4D\x34\xF4\x09\xC4\xFC\x3C\x9D\x5E\xD3\x57\x75\xD0\x1B\xE8\x03\x3D\x45\x38\xE6\xF4\xA6\xCA"
"\x0C\x7D\xEE\xE0\xE7\x39\x9A\x79\x2C\x50\x2E\x67\xA8\x13\x8D\x72\x39\x83\x9D\x68\x86\xE8\xD9\xB9\x99"
"\x85\xF3\xA6\xD9\x05\x17\xBC\xA7\x50\x91\x55\xAC\xC9\xFB\xA7\xD6\x8D\xE4\x82\x17\x8C\x46\xFE\xAC\x3E"
"\xD4\x50\xFF\x60\x37\x6D\x67\x5A\xDE\x6A\x03\x4A\xA8\x7F\x28\x9A\xE6\x3B\x35\x00\x62\x36\xC0\x6B\x9A"
"\x80\x8E\xDE\x91\xF6\x10\xAB\x36\x4B\x06\xB9\xC1\xF9\xF4\xDE\x1C\x0C\x82\x4E\x93\x73\x39\x22\x04\xD1"
"\x78\x0E\xF8\x29\xCD\xC1\x58\x10\x74\x9A\xBC\x3E\x65\x3C\xFE\x8F\x29\xA0\xB5\x18\xA0\xA6\x5B\x13\x67"
"\xB7\x6C\xC3\xAC\x72\x95\xA1\x31\x53\xB1\x86\x3F\x9F\x30\xFC\x74\x6B\x8A\x39\x1C\xEA\x42\x7E\xB6\xB1"
"\x4E\xAE\xEA\x90\x1F\x79\x2B\x0F\x38\x45\x0C\x66\xE4\x4C\x74\x4A\xC5\x25\x6E\x26\x3A\xC5\x8C\x9C\x89"
"\x4E\x31\x87\xAE\x13\xD5\x69\x52\x98\x63\xFF\x80\x7D\x4A\xE4\x4C\x74\x7A\xFC\x5A\xD4\x4C\xF4\xC0\x83"
"\x9B\x89\xFE\x58\xCE\x27\x61\x8D\x5E\xD0\xBF\x94\xC5\x3F\xF3\x40\x1F\x08\x16\x2C\x82\x4E\x13\xC1\xC3"
"\x03\x62\xF5\x81\xE6\x23\xC5\x25\x29\x6B\x04\x66\x4F\x1F\x48\x16\xCC\xDF\x50\x7E\xBA\x56\x3C\x2F\x29"
"\x3F\x5D\x6B\xDD\x1D\x19\x6B\x82\x4C\x40\xB4\x9E\x70\x4B\xB4\x9F\xBE\xE7\x05\x34\x21\x6B\x54\x6A\x51"
"\x37\xD9\x19\x1D\xE6\x0D\xED\x6F\xE7\xC8\x6B\x52\xD6\x08\xCC\x6A\xA6\x89\x6E\xC1\x82\xE0\x93\xBA\x21"
"\xE6\x8C\x92\x35\x46\xB8\x4F\x29\xD7\x23\x30\x4A\xE9\x1B\x6E\x49\x17\x2C\xA9\x7F\x75\x4F\x41\xCA\x1A"
"\xB1\x89\x1D\xF1\x6F\x2B\xCA\x4A\x5A\xD6\x70\xC9\x39\x25\x5E\x30\xFB\x9B\x7A\xC1\x63\xFD\xF7\xFF\xE4"
"\x4C\x27\x7D\xF4\xE8\xD1\xFB\x00\x00\x00\x00\x49\x45\x4E\x44\xAE\x42\x60\x82"
}
};

static const binfile_t background_ws = {"background_ws.png", 4202, {
"\x89\x50\x4E\x47\x0D\x0A\x1A\x0A\x00\x00\x00\x0D\x49\x48\x44\x52\x00\x00\x01\x40\x00\x00\x00\xF0\x04"
"\x03\x00\x00\x00\x83\x03\xA0\x58\x00\x00\x00\x2A\x50\x4C\x54\x45\x0E\x3F\x60\x2F\x89\xE1\xAC\xDA\xFE"
"\x25\x72\xB7\x2D\x82\xD4\xA4\xD5\xFA\x23\x85\xDF\x81\xB8\xEE\x98\xCC\xF6\x30\x7D\xC5\x61\xA5\xE9\x11"
"\x6D\xB6\x46\x94\xE4\x63\x9B\xD1\x66\x5D\x6D\x0A\x00\x00\x0F\xFB\x49\x44\x41\x54\x78\xDA\xEC\x9A\xCB"
"\x6B\x13\x51\x14\xC6\x23\xB8\xE9\xCE\x81\x61\x7C\x90\x55\xE0\x92\x41\x74\xE5\x46\xE9\xC6\x0B\x6E\x5C"
"\x7A\xA1\x58\xA5\x9B\xD9\xB4\x52\xB2\x31\x60\x22\x3E\x16\x46\x6A\xA3\x76\x51\x5F\x8B\xE2\x4A\xC1\xB4"
"\x88\x3B\x17\x2A\xE2\xA2\x42\xA3\x14\x57\xEE\x44\xFC\x5F\x9C\xFB\x38\xF9\x72\x33\x4D\xEE\x4C\x26\xB5"
"\x41\xE6\xF3\x99\x54\xC7\xCF\x73\xEE\xF9\x9D\x73\xEF\x4D\xA9\x50\xA1\x42\x85\x0A\x15\x2A\x54\xA8\x50"
"\xA1\x42\x85\x0A\x15\x2A\x54\xA8\x50\xA1\x42\xFF\xA3\x36\x36\x36\xD6\x4B\xD3\xAA\xE7\x17\x3C\xAD\x0B"
"\x53\xE8\x71\xE6\x39\xF7\xFA\x74\xB1\x34\x55\xDA\xB8\x60\xDC\x41\x7E\x69\x6A\x64\x12\x3B\x9D\x0E\x67"
"\x10\xBA\x84\xCE\x97\x0E\x5A\x33\x3A\x74\x53\xEA\x70\xC3\x72\x37\x6D\x49\xA6\x65\xE7\xD0\x91\xD2\x81"
"\x08\x3C\x71\xAA\x94\x57\xF9\x8B\x62\xAA\x56\xE1\x8C\x3B\xB1\xDC\x3F\xB0\x55\x88\xA2\x98\xC6\x10\xA6"
"\x2B\x0A\xDF\xE3\x5E\xE0\x2D\x46\xDB\x41\x44\x6F\x1D\x2F\xED\xB3\xD0\x64\xDD\xD2\x7F\x2C\xF8\xD6\x9E"
"\x5F\xED\x46\x8E\x32\x39\x80\xA2\xE0\xFA\x97\xE0\x68\x25\x56\xB5\xEB\xC8\xF1\x41\x2C\x3B\xEE\xC9\x02"
"\x29\xB7\x2A\x52\x57\xA3\x7D\x45\x21\x96\x1D\x8A\x33\x65\x24\x8F\x55\xB4\x3A\x8E\x3A\xFE\x77\x2C\x86"
"\x7C\x99\xE1\xBA\x31\xB8\xE0\x5A\x84\x93\x5F\x76\xDC\xE9\x4F\x2A\xCE\x30\xAB\x88\x78\x15\x46\xE6\x8D"
"\xF3\xFF\xC2\x9D\xAF\x00\xCC\x53\xA4\x79\xB9\x62\xC4\xB6\xB1\x08\xFF\x21\xED\x7C\x53\xAA\xC1\xA2\x51"
"\xF9\x47\x60\xC5\x78\xA9\x22\xC3\x27\x7F\x74\x4C\xD0\x8F\xFF\x4B\xDA\x29\x4F\x9E\xF7\x63\xF7\xED\xDB"
"\xCD\x66\xAC\x9B\xED\xF6\xDC\x6A\x17\xF6\xA4\x41\x95\xE2\xD8\x60\x03\x55\x32\xF1\xC4\xF2\xBD\x9D\x49"
"\x63\xCD\x66\xEC\x49\xC6\x08\x7A\x44\x44\x21\x83\x52\xA2\xD2\xA0\x70\xEF\x33\x8B\x65\x32\xA3\xB2\x72"
"\xB6\x02\x63\x10\x56\x1B\xD6\x20\xAB\x50\x04\xA5\xD6\xF7\x6F\x40\x51\x51\x8B\x93\xD9\x9E\xAB\x0C\x93"
"\xF4\x7C\xCF\x83\x6A\x82\x16\x61\x83\x52\x71\x7E\x7F\x68\x27\x0B\x60\x77\xF3\x66\x5B\x0C\xB3\xC6\xE4"
"\x37\xE5\xE6\x24\xE5\x58\x71\x90\xD6\x60\x07\x63\xF5\xC4\x8B\x22\x88\xCD\xBD\x6D\xDE\x5C\xA9\x8C\x12"
"\x8C\x86\x1E\x14\xBC\x36\x91\x0D\xB7\xE5\x1A\xF4\x51\xC6\xB9\x97\x1D\xDC\x45\xBB\x9B\x30\xE7\x90\x40"
"\x5B\x43\x95\x08\xA6\x40\x6D\xE4\x4F\xB4\x28\x94\x3B\x61\x19\x48\x88\xEA\x40\xC8\x9F\x98\x5E\x84\x50"
"\x5D\x7F\xB9\x01\x6A\xE6\x77\x87\xE0\x95\xB5\x3B\xB8\x48\x95\xE3\x53\x91\x07\x1D\x55\x7F\xAD\x2A\xED"
"\x19\x4D\x6A\x06\x08\xA2\xDD\xA6\x95\x59\x46\x21\x4C\x54\x87\xF9\xAA\x8C\xA2\xE9\xBB\x1C\x8F\xD9\x8A"
"\xBF\x10\x76\xFA\x1A\xCF\x7A\xBE\x46\x06\x7B\x08\x5E\xAA\xB8\x21\xBE\x61\xD4\x4F\xF7\xE8\x5B\xB3\xF9"
"\x2A\x02\xF0\x53\x72\xE6\xB9\xA3\x89\xED\xDE\xB4\x22\x64\x24\x18\x62\x98\x08\x6E\x2F\x84\xAC\xDB\x7B"
"\x8C\xFC\x2E\xD1\x0E\x7B\xE9\x38\x33\x33\xBA\xD1\x06\xB5\x2D\x31\xCC\x03\xD2\x8C\x17\x48\x31\xB5\x35"
"\xAD\x68\xB3\xDD\xBE\xD5\x1D\xE3\x7C\xE1\xB0\x37\xDA\xDF\xF2\x8D\x04\x80\x6D\x25\xBD\x0A\x9D\x62\xA1"
"\xDE\x79\xE0\xA9\x69\x2C\xF8\x2E\xBF\xB2\xEA\x0D\xE8\x78\x5E\x7F\xDE\x72\x6B\xCF\x1C\x0E\xF3\x99\x7C"
"\x7F\xC1\x3C\x47\xDB\xBF\x9E\xF5\x0C\x69\xC6\xE1\x2F\xA8\x5B\xF1\x11\xC3\xE1\x87\x3F\x65\x3A\xAE\xC6"
"\x21\x35\x3B\xD3\x45\xAA\x59\x4F\x68\x5C\x83\xDE\x92\x0D\x60\x2B\x7E\xC3\xF2\x4D\xEE\x94\xA8\x6D\xC8"
"\x44\x08\x41\x4B\x12\xCA\x9A\x60\x0C\xF1\x68\x9F\x88\x8C\x65\x48\x58\xEF\x24\x09\xDE\xBE\xFB\x47\xBA"
"\x0A\xB7\x69\xD4\x12\x2A\xE3\x51\xA6\xF3\x8F\x41\x63\x43\x32\x3C\x32\x5E\x4C\x67\xDE\xAE\xE8\xF9\xE6"
"\x9F\x67\x9F\x3F\xD7\x7B\xDD\x78\x89\xCC\x57\x33\x19\x3C\x64\xD9\x83\x60\xB6\x85\x7F\x78\xA8\x51\x86"
"\xA4\x1A\x77\xAB\xD2\xDD\x99\x33\xB3\x3F\xE5\xAB\x86\xD9\x12\x0B\xC6\x28\xA0\xA9\x39\xE3\x41\x7B\xEF"
"\xC4\xCB\x22\x81\x18\xA0\x44\xBB\x1A\x6C\x7A\x6C\xF5\xCF\x46\xEC\x4E\x6A\xF6\xA9\xFC\x8A\x1A\x17\x76"
"\x28\x82\x00\x37\x38\x33\x26\x62\xB8\x34\x98\xC0\x31\xC3\x0B\x66\x87\x50\xBB\xBB\xBB\x31\xFB\xF9\xFD"
"\x19\xA3\xB3\x7A\xD5\xA9\x08\x92\x3A\x19\x38\xF3\xA4\x3F\xA5\x51\xE2\xB0\xD1\x18\x64\x03\x21\x14\xBA"
"\x10\xA8\x90\x75\x0C\x99\x76\xF7\x6B\x36\x8E\x1D\xF4\x41\xFE\xE9\xAA\x32\xA8\x87\x69\xC6\x32\x19\x4C"
"\x4C\xF2\xD1\xF6\xA2\x1D\xC2\x32\xA2\x25\x92\xA0\x16\x0C\x2F\xA4\x3B\x13\x3B\xE8\x4B\x8F\x33\xC0\xD5"
"\x60\xB7\x4B\x9B\x61\xB9\xCD\x68\xB6\xE7\xCD\x3E\x91\xE3\xB4\xC2\xE2\xAF\xD0\xA6\x28\xA9\xFA\x57\xB8"
"\x1B\xD4\x27\x41\x3B\xBB\x65\x53\x47\x22\xF4\x06\xB4\x9E\xAA\x86\x83\xDA\xDB\xE6\x8A\xD5\x8B\xB8\xFA"
"\x11\x28\x83\x64\x0E\xB2\x5E\xB7\xC9\x5D\x52\xAD\x0A\x6D\x91\x5A\xE0\x76\x92\x33\xEE\x25\x58\x53\xEE"
"\xF0\x00\x70\xD0\x72\xC3\x68\xCD\x01\xD2\xF3\x77\x7F\xBD\x34\x45\x9B\xD4\x6C\x9D\x38\x13\xBC\x36\x24"
"\x5A\xF0\xD2\x1B\xE4\xF0\xF1\xA6\xB7\xBA\x42\x8B\x84\xD2\xA0\x60\xC6\x24\xFD\xAA\x7F\x0F\x1C\x9F\x19"
"\x22\x02\xE1\x3D\x9C\x1C\xA1\x46\x00\xC2\x34\x35\x02\xDC\x09\x3A\x0B\xE0\x88\x20\x2A\x39\xD1\x2C\x28"
"\xB3\xC3\x0C\xBE\xA8\xC4\x3A\x15\x99\x18\x08\x81\xD3\x55\x80\x30\xCD\x20\xB3\x44\x31\xB2\x49\xEF\x9B"
"\x5E\xCC\x0C\xFE\x18\x8D\xF3\x68\x16\x0E\x9D\xC5\xAA\xA9\xDD\xC0\xF9\x74\x3A\xCE\x1C\xB6\x0C\x0A\xE3"
"\x22\x8C\x80\x19\x33\x2C\x08\xED\x10\x4B\x31\x44\xB3\x18\x2E\x80\xD0\x3C\xB2\xB6\xD9\x6E\xE2\x84\x1F"
"\x1A\x61\x90\x56\x1A\x9D\xDC\xD1\x59\x05\x72\x1C\x7C\xB5\x47\x28\xD3\xCA\x80\x63\x87\xBE\xF4\x9D\x20"
"\xD1\x7E\x24\xB5\xC1\x43\xD8\xBC\x2C\x53\xFE\xD4\xA6\x3A\x28\x6F\xF7\x1E\xB4\x63\x7C\x0B\x1B\x78\x69"
"\x75\x0E\xA7\x0B\x43\xB5\x9E\x06\x83\x75\xA1\xA9\x3B\x17\x4A\xBB\x2B\xE1\x1D\x15\x5C\x5F\x19\x64\xF4"
"\x1D\xEE\xD2\xAB\xA5\x39\xE3\x67\xBA\x11\x83\x41\x4E\x87\xCB\x47\xCD\x0A\x14\x71\x86\x83\xD7\x28\x15"
"\x34\xF9\x8C\xEE\x00\x42\xA6\x39\xC3\x31\xD3\x39\x39\x03\x83\xD0\x0D\x8D\x60\xD1\x50\xC7\x78\x38\x52"
"\xB9\xD6\x6B\x16\x2F\x2D\x77\xE7\xDC\xE6\x00\xC2\x53\x1E\x94\xD5\x20\xA7\x56\xA2\xAF\x08\x42\x0A\xDA"
"\xC9\x88\xEB\xF2\x51\x5C\xA9\x9E\x81\xBB\x6C\x7A\xAA\x1F\xA6\x73\x05\xB9\x40\x08\x83\x2A\xC7\xBE\xB9"
"\x46\x13\xF2\x51\x8A\xCD\x0A\x0D\x20\x64\xD5\x69\xCF\x0D\xC2\x40\xFD\xF0\xBD\xF4\x20\x3C\x64\x96\x44"
"\xF4\x43\x16\x6D\xB0\xA5\x96\x33\xF5\xA4\xD0\x42\x78\xF8\x6C\x5C\x83\x1F\xE8\x61\x7C\xF8\x75\x8F\x23"
"\x82\xC1\xD6\xDC\x7C\x27\x8A\x7D\xDE\xD0\x4F\xDA\xD1\xAD\xA2\x4B\x00\x52\x84\xF9\x3D\xAE\xC1\x2F\x98"
"\xA2\x31\xC3\x65\x31\xE8\x7B\xCB\xC2\x74\xA0\xE5\x96\xA2\xB4\xCC\xB0\x8E\x25\x37\x3D\x9E\xE5\x30\x78"
"\x4E\x01\x96\x4E\x2C\x79\x26\xCE\x1C\xEE\x03\xC9\xD5\x40\x2E\xC3\x95\x86\x6E\x2A\x42\x19\x54\xAA\x69"
"\xBB\xB7\xC7\x31\x07\x10\x3E\x40\xE8\x32\x1B\x0C\x5E\xAB\x24\xAE\xC9\x65\xF8\x23\x2E\x11\xD5\x3A\xC0"
"\x99\x9A\x6E\x21\x0F\xC7\xF1\x86\x89\x70\x01\xB7\xC6\x19\x38\x33\x43\x06\xD5\x16\xA8\x11\xE9\x42\x6B"
"\xA9\x9E\xAB\x67\x24\xAE\x5F\xC7\xDF\x4E\x67\x2D\x63\x80\x50\x73\x26\x79\x2A\xE0\xBB\x41\x68\x0C\x32"
"\x5D\xA8\x5D\x54\xAD\x79\xA6\x74\xAC\x67\x7E\x18\xCC\xAC\x17\x7A\x63\x47\xA6\x20\x58\xF6\x47\x1B\xDC"
"\x31\x7B\xA0\xCB\x32\x7E\xFE\x31\x39\x30\x08\xC5\x2E\x4D\xAE\x7A\x5E\x10\x02\x5A\xDC\xB6\xE7\x06\x21"
"\x47\x91\x48\x8B\x6B\x88\x20\x86\xB8\x40\x36\x53\x31\x36\x08\x9F\x69\x10\xB2\xAE\x4F\x57\x37\x10\x2C"
"\x8F\x36\xB8\x44\x31\x0B\x3D\x9F\x78\x4D\x43\x1C\xF5\x95\x09\x80\x10\x42\x86\x5D\x03\xD7\x13\xEB\x0E"
"\x52\x9D\x3B\x71\xC5\x6B\x86\x67\xEA\x99\x3F\x17\x08\xE9\x7A\xD3\x0E\x20\x77\x70\x06\xAD\xA4\x4C\x7B"
"\x8D\x35\x8C\x0D\x15\xD6\x33\xF8\x55\x2E\xD1\x5C\x20\x24\x68\xF9\x09\x50\xF3\x74\xA4\x6E\xA9\x93\x31"
"\x36\x17\x3B\x8A\x64\x5D\x9C\x10\x30\x48\x5C\xCC\x09\x42\xDC\x37\xC1\x1B\x77\x70\x06\xA4\xAE\xEB\xAD"
"\x86\x2C\xDB\xAD\x47\x92\x86\xDF\xA8\xF0\x50\x43\xF9\x41\x88\x88\x25\x43\x78\xDC\xD9\x4A\x24\x9C\xD7"
"\x54\xDB\xB8\x13\x3F\x69\x71\x4B\x3D\x12\x13\xAB\x60\x93\x01\x21\x64\x4F\x0E\xFE\xE8\x8D\xF1\x0E\x15"
"\x85\x8C\x56\xD8\xD1\x5B\x58\xD6\xE8\xCD\x5B\x2C\x1F\x08\x3F\xAA\x7C\x24\xD7\xA0\x9F\x62\x9E\x41\x8C"
"\x98\x02\x73\x9D\xB6\xD6\xB5\xCD\x77\x11\x3E\x68\x90\x73\x22\x34\x9C\xE1\x16\x09\x61\x35\x0D\x08\x65"
"\x90\x16\x68\x30\xB8\xBA\xA8\xAE\x86\x3D\x18\x9C\xC4\x44\xD8\x48\x60\x30\x0D\x08\x39\x59\xA0\x0C\x4B"
"\x2B\x6A\x19\x92\xC8\xB5\x18\x8F\x33\xD8\x1A\x3F\xC0\xAA\xCB\x30\x70\x3D\x01\x67\x28\xC3\x74\x9F\x0B"
"\xB5\xF4\xA6\xFD\xF1\xD8\x9C\x51\x20\xBC\x64\x8F\xAC\xF4\xCA\xC1\x99\x43\x28\xE3\x35\x73\xC4\x25\x84"
"\xB0\xAF\xAB\x82\x96\xCE\xF1\x95\x1C\x20\x24\x28\xF8\x89\x2A\x76\x19\xA4\x7B\x3E\x15\xB5\xA3\x15\x52"
"\x23\x71\x84\x99\x1B\x84\xD5\x68\xC8\xB6\xC9\x0D\x42\x49\xE6\xF8\x16\x9C\xBA\xAE\x60\x8C\x18\x88\x81"
"\x56\x92\x6C\x7C\x10\x62\x1B\x0B\xF1\x54\x03\xD7\x61\x7C\xDA\x44\x7D\x7E\x93\x8E\xF2\xAB\xB6\x41\xA5"
"\x30\x3F\x08\xF9\x60\x37\xE6\x6E\x10\x92\x70\x9B\xC6\x06\xEF\xD3\x76\xCC\x79\x7E\x5E\x10\xFA\x7B\x7D"
"\x80\x29\x8B\x41\xDC\x05\x21\xC5\x78\x3F\x1F\x08\x19\x06\x2E\x28\xDA\x6C\xDE\xEA\x3A\x41\x48\xA2\x0D"
"\xBB\x30\x83\x17\x74\x4D\x1F\xB1\xE6\x07\x21\x52\x8A\x8F\xA8\x5C\x76\x80\x90\xEF\x19\x41\xD6\xC1\x7F"
"\x16\xDB\xA8\xFB\xE3\xB9\x23\x10\x2E\xA0\x01\x9B\xCA\xEC\x07\xC6\x91\x51\xA4\x86\x91\xE4\xA7\x12\x71"
"\xB6\x90\x1F\x84\x14\x42\xCC\xC5\xEA\x6D\x07\x08\xA1\x72\xCB\x5C\x2E\xFC\x6D\xEF\xFC\x59\xA3\x88\xA2"
"\x28\x8E\x60\x93\x32\xF0\x9C\x42\xAC\x84\x87\xD1\x6F\xB0\xD8\xF8\xC0\x4F\x30\x8D\x28\x36\xD3\xAC\x22"
"\x36\x16\x12\x11\x2D\x12\xD1\x0D\x62\xA1\x6C\x29\x29\x14\x54\x08\xE9\xAC\x82\x55\x2C\xA2\x88\xBD\x95"
"\xDF\xC5\xD9\x79\x7B\xF3\xF3\xED\xCB\xCC\x9D\x7F\xCB\x6C\xB1\x47\xDC\x64\x83\xC4\xB3\xE7\xBE\x7B\xDE"
"\x7D\x7F\xE7\x30\x09\x3E\xEC\xC3\x82\x5E\xFB\xA1\xF1\x14\x23\x0C\x9B\xBC\x18\x86\x62\x84\xE0\x47\x9A"
"\xB3\x3B\x38\x8E\x26\xBA\xBD\xF5\xF4\x64\x84\x0E\xFF\x2F\xA6\xC4\xB7\x54\x23\x04\xC9\xAF\x9C\xDD\x98"
"\xF7\xF4\x75\xB6\xBD\x11\x8E\x02\x23\xF4\xFC\x58\x3A\xA2\x70\x57\xD6\x72\xC4\xAF\x4B\x37\xA6\xA4\xB6"
"\xB3\x11\x9E\x6C\x02\xE3\x6B\xBC\x54\x84\x55\x8C\xB0\x0C\x26\xE8\x4A\xFA\xAB\x08\x49\x49\x2C\xF7\x46"
"\x03\x82\x80\x81\x67\x87\x29\xB8\x69\x6E\x84\x9E\x20\x35\x2A\x8B\x6F\x3B\x9A\x11\x56\x69\x47\xBE\x15"
"\x0E\xFE\xA2\x93\xCF\xE4\x54\x80\x2B\x08\xA6\x4C\x39\xE0\x33\x35\x08\x32\x8F\xE7\x0C\x1F\xB6\xA5\x11"
"\x8E\x7C\xC1\x65\x17\xD7\x22\x1E\x12\x61\xC5\xA9\x15\xB0\x90\xD7\xC5\x08\x85\x8B\xFB\xCF\x66\xC2\xE2"
"\xDD\x68\x4E\x1D\xC2\xC5\x5D\x49\xDA\x7D\x2D\xC2\x33\x91\x18\xCF\x7A\xFD\x67\x99\x5E\x11\xAA\x79\x8C"
"\x65\xB5\xEB\x8C\x59\x8B\x08\x90\xFC\x78\xB2\x7D\x98\xF1\x5E\x25\x68\x4A\x25\x94\x8D\x15\x76\xDA\xA9"
"\xE0\xB2\xC7\xE1\xEE\xB0\x84\xC5\x59\xDD\x08\x21\x65\x82\x99\x6E\xC7\x1C\x66\xCB\xB5\x88\xD1\xE2\x1C"
"\xA1\x09\xE4\xA0\x55\xBE\xD5\x08\x02\x87\x80\x38\x75\x67\x23\x4C\x71\x6A\xC4\x43\x0A\xDD\x08\x8D\x77"
"\x17\xDE\x21\xE1\x05\x2A\xC2\xE6\x02\x62\x84\xAF\xE4\x77\x26\x17\x8B\xBD\xCA\x8E\xFF\x41\x23\x08\x43"
"\x6F\x7D\x2E\xA4\x79\xDF\x6F\x39\xEA\x64\x84\xA7\x3B\x66\x5C\xBE\x60\xB4\xEB\x0D\x06\x3D\xD4\x8A\x30"
"\x1E\x11\x9A\xA8\xDF\x6C\x63\x84\xD3\xF9\xEB\xA9\x11\x9A\xD3\x6D\xBB\x77\x32\x2F\x49\x03\x82\x08\x8E"
"\x7C\x4C\xDE\xA4\xDD\xD6\x22\xAC\x37\x42\x9A\x34\xFB\x73\xB4\x59\x56\xF8\x48\x16\x3B\x03\x3B\x4A\x56"
"\xDB\xC6\x08\x47\x18\x61\x4E\x90\xD9\xA8\x94\xEA\x46\x25\x58\x82\x82\x24\x46\x98\x76\x34\x42\x9C\xFA"
"\x3E\x3B\xD4\x73\x29\xD4\xD9\x8F\x8D\x92\x36\x18\x96\xAC\xED\x2A\xC2\xD1\x69\x92\x1C\x49\x50\x31\x2D"
"\x51\x10\x82\x8A\x11\x1A\xBE\x46\xD3\x3C\xDF\x7D\x4D\xDD\xD2\x08\xAF\x7F\xDB\xFF\xE3\x9D\x9A\xC1\x88"
"\x42\x50\x2F\xB8\x98\xAD\x25\x2A\x18\xE1\xB4\x96\x7C\x1E\xDF\xBE\xEE\x3F\xD9\x85\x52\x31\xC4\x61\x99"
"\xC3\xD4\x22\x48\x0F\x49\xF7\x03\x98\x48\x6F\x68\x84\xA3\x99\x78\xA3\x3F\x72\x12\x25\x15\x82\x9C\x33"
"\x69\xB2\x7B\xC6\x19\xE8\xF1\xD1\xF0\x19\x56\x8D\x9B\xC5\xF6\xE5\x65\xB0\xC3\x18\xEC\x72\x7A\xB7\x09"
"\xC1\x10\x2E\x96\x70\x97\xA1\x31\xD1\x53\xF0\xED\x68\xBF\x10\x8F\x3D\xBA\x77\x49\x92\x62\x7A\x45\x21"
"\xA8\xF8\x8C\x89\x46\x9E\x0D\x2A\x42\x1F\x5B\xB4\x4B\xE7\xE7\xAF\xE8\x97\xDE\xD4\xDE\xCA\xBA\x11\x31"
"\x22\x89\xC3\x59\xD6\x78\x68\x3C\xCA\xFF\x4C\x6B\xC4\x96\x21\xA6\x9C\x5D\x9B\x24\xEA\x44\xBF\x3E\xF2"
"\x6C\x3E\x47\x48\xDE\xA6\xD1\xF1\x0D\xBA\x92\x07\x4F\x38\x3A\x04\xDE\x56\x13\x34\xA5\x49\xCC\x91\x42"
"\x2A\xC2\x52\xB7\x21\x6F\x63\x58\x21\x98\x8C\x37\xC7\x4D\xAE\x26\x71\x62\x7B\x41\xA1\x00\x58\xF4\x8E"
"\x2B\xC2\x11\x34\x4B\x62\x8B\x86\xA2\x60\x09\xEA\xEC\xA6\x36\x25\x7D\x1D\xAB\x39\xB7\xAB\x3D\xF9\xA8"
"\xF0\xE4\x12\x7E\xD5\x04\x8D\xB6\x1F\xDD\xB1\xCC\x2C\xF4\x94\xC5\x92\xD1\xA2\x78\xA3\xBF\xE4\x2D\x80"
"\xA2\x4F\x12\x28\xE9\x2E\x83\xCF\x98\x30\x89\xC3\x6F\x59\x53\x16\x23\xAC\x9D\xB7\xC0\x2A\xFB\x1C\x6F"
"\x54\x11\x04\x86\xE2\xDF\x7F\x25\x8D\x2D\x43\xE3\x28\x4F\xC8\xDB\x4A\x8A\x3B\x4D\x76\xDA\x82\x0D\xA8"
"\x9D\xD9\x2F\x53\xF5\x53\x11\x4E\x0B\x66\x53\x62\x0B\xBD\x0A\x7C\x6E\x79\x45\x93\xA7\x87\x68\x08\xC7"
"\x20\xF9\x21\xAB\xC6\xF5\x63\x0B\x2C\x2E\xD3\xE2\x86\x26\x87\x80\x91\x7A\x14\xD5\xD1\xAA\x31\xB5\x54"
"\x4D\x3C\x6A\xDA\x04\x21\x08\xBB\xF8\x62\x22\xC9\x12\x2A\x42\xC4\x3B\x22\xB6\xBA\x86\xB7\x4A\xD9\x39"
"\x22\x5C\x66\x84\x6E\x71\x7F\x1F\x21\x26\x4B\x66\x31\xBE\xEA\x0D\xC6\x37\x3D\x62\xAB\x81\x63\x06\x0D"
"\x22\x8C\x11\x92\xB8\x06\xD1\xA2\xCE\x0E\x23\xF4\xB1\xFD\x13\xC7\x36\x38\x71\xF2\x1F\x2C\xFC\x9A\xE4"
"\x30\x3E\x43\x9A\x20\x1A\x90\x2C\xA1\x22\xAC\xCE\x5B\x28\xF2\xE6\x56\x05\x3F\x47\xB9\x5F\x46\x90\x41"
"\xF1\x22\x0C\x59\xE2\xB7\xE9\xE5\xEC\xCA\xF2\x16\x0D\x43\xC0\xAF\x99\x80\x80\x9C\x85\x10\x08\xB3\xE4"
"\xFD\xD7\xFD\xED\xEA\xBC\xB5\xB1\x9A\x13\xF8\xB5\xBA\x05\x2E\x14\xDC\x54\x96\x84\xCF\x6B\xE7\x2D\x47"
"\x54\x5E\x27\x1D\xEF\xD1\x73\x71\x44\x63\xDC\xE3\x78\x69\x48\x22\xAD\x52\xCF\x5E\x86\x5F\x8B\x00\xE3"
"\x33\xFA\xE5\x45\x97\x52\x25\x98\x25\xA4\xED\xB3\x71\xE7\x0B\xD6\xCE\x69\x31\xA6\xE2\x4A\xCF\x0A\xA2"
"\x8D\x7E\x04\xB6\x3A\xF0\x23\x8D\x75\x01\xD9\x5C\x81\x4A\x10\xE2\xFB\x45\xFE\x57\x3E\x64\x5D\xF8\x41"
"\x10\x18\xE5\xB4\x3B\x54\xAC\xFF\x0B\xB5\x18\x93\x93\x6A\x7E\x46\x6D\x7F\x14\x5C\x48\x18\xC7\x98\x79"
"\xBD\x40\x34\x2B\x67\x9A\x03\xD2\x90\x25\x3D\xDA\xE5\x2F\xD0\xE4\xA3\x11\x72\x45\xC1\xE9\x29\x40\xD8"
"\xA6\xF0\x53\x9A\x5F\xD3\x0B\x6D\x9D\x96\xC6\x34\xC2\x38\x21\x6C\x94\xD9\xD6\xF7\x6E\x1F\xAA\xF9\xDD"
"\x2C\x21\xA3\x1A\x21\x27\xDC\xE3\x46\x28\x31\xF5\x24\x52\x8E\x6B\x6B\xCD\x4F\x6F\x7D\xBA\xCF\xE8\xA0"
"\x8B\x23\x37\x84\xDC\xDE\xF6\xF6\x5E\x21\xB0\xA7\xBB\xF5\x2C\xE9\x21\xBA\x10\x54\x93\x98\x83\x1D\x36"
"\xC8\x91\x54\xB6\xB2\xCC\xEE\x6A\xFA\x22\xFC\x09\x6F\xD3\xE4\xD0\x7D\xC6\x87\xD8\x54\x1A\x8D\x9D\x1B"
"\x8C\xF5\x69\xBC\xF7\xD4\x6F\x65\xE1\x1C\xC0\xEB\x93\xAC\xC2\xF3\x4D\xB9\xF7\xE9\x3E\x63\xD4\x18\x43"
"\x11\xF1\xA4\xB5\x65\xBB\xC5\x8F\xE6\xD9\x6B\x3A\x47\x17\x54\x66\x31\xF8\x39\xBF\xBF\x40\xB2\xD7\x4E"
"\x72\xF1\xC6\x7E\x42\xE8\xF7\xC1\x61\x56\x5C\x56\xF0\xD4\xCB\xE7\xB8\x36\xC4\xB5\x4D\x0E\xE0\xA0\x27"
"\xBF\xB3\xCC\xAB\x31\x92\xAD\x89\x88\x37\xCE\x7E\xE5\x83\xBB\xAD\x47\xF9\x3F\x98\x1C\x8E\xE3\x4D\xB4"
"\xA6\x8B\x7C\x10\xD4\x91\x7C\xC2\xFF\xF6\x44\x3C\xAE\x6C\xBA\xB2\x99\x1C\x24\x59\x14\x8C\x2E\xF2\x91"
"\xC6\x86\xC9\xA3\x0A\x3C\x90\x63\xC6\x22\x9E\x9F\x90\x64\xEA\x60\x0C\x3B\xC6\x85\x0E\xF9\x5A\x13\xD4"
"\xD2\x98\x4D\x7F\x3E\x31\xBC\x78\x8B\xE7\xF4\x77\xBA\x59\xB3\x3E\x6E\xD2\x2F\xB2\x4C\xBE\xEC\x4D\x0E"
"\x4E\xC6\x19\x0B\x7A\x9C\x82\xB2\x10\xD4\x92\xB7\x9D\xCF\x18\x89\x49\x15\xC6\x59\x92\x05\xEB\xFA\xC9"
"\x77\xEE\x50\xD9\xE9\x5B\x3E\x20\xD1\xAD\x7D\xF3\xEB\xAC\xE3\x98\x6D\x2B\x91\x25\x0A\x96\x92\x5C\x8F"
"\xF2\x01\x57\xCB\xA8\xA1\xE7\x13\xD7\x7E\x0E\x9A\xA0\x3D\x5E\x86\x7C\x10\x64\x6A\x41\x83\xF8\x8A\x9C"
"\x97\x9E\x71\x65\xEF\xAB\xEB\x5D\x3E\xD2\x58\x17\x90\x3E\x57\xD6\xA8\x3F\x7A\xF9\x98\x3E\xE8\x59\x3E"
"\x08\xEA\x14\x29\x1A\x70\x3E\x79\x37\x79\x7A\x42\x92\xF5\x27\x1F\x3E\x43\x88\x35\x70\xC5\x8B\x9F\xD5"
"\x7D\x3C\x37\x6E\x3E\x63\xBF\xF2\xE1\x33\x1A\x3D\x7A\xE4\x54\x4A\x56\x7F\x00\x6A\x1B\x7A\x3D\xCB\x07"
"\x36\xEB\x4B\xF8\x80\xA1\xF1\x96\xDC\x95\xD4\xA8\xEE\xEB\x5A\xCF\xA8\x04\x19\xCE\x5D\xCB\x94\x41\x51"
"\x7F\x78\xC7\x3C\x75\x4D\x05\x59\x95\x26\x39\x96\x25\x1F\x69\x4C\xF1\x51\xA1\xE6\xAE\x5C\x28\xF4\x2C"
"\x93\x06\xE1\x94\x51\x47\x6F\x69\x5C\x2B\x4D\x7E\x7A\x7A\x4F\x8F\xC3\x00\xBB\x25\xC9\x47\x1A\x9B\x5A"
"\xA9\xEC\x4F\x56\xE6\xB6\x37\xAE\x71\x42\xA9\xF7\x34\x66\xDB\x56\xCC\x94\x9F\x3D\x3C\x38\x4C\xA8\xB8"
"\x78\x5D\xEA\x6D\xFB\x81\xC3\x18\xE5\x56\xF6\xC0\x57\xCC\x5C\x40\xB7\x24\xF9\xC8\x12\xCE\x5C\xF2\x6D"
"\x3D\x98\x25\xCB\xC7\x6A\x09\xDC\x50\x4E\x31\x20\xA3\x24\x6F\x6F\x10\x32\xC1\x70\x51\x01\x0D\x17\xF9"
"\x96\x06\xC9\xC4\x64\xD3\x40\xD3\x61\x74\x83\x3F\x96\xE7\x9C\x17\x63\xC1\xAF\xC9\x9B\xC1\x1F\x87\xB2"
"\xC1\x52\xA2\x09\x48\xBA\xE2\xEF\x0A\x3C\xD5\x08\x42\xD4\x35\x08\xB8\x02\x4F\x93\x39\x07\x31\xA8\xF9"
"\x66\xE8\x86\x97\x2F\xD8\x5D\x01\x33\xA1\x6A\x06\x97\xCF\x97\x5C\xCE\xFC\x2F\xA0\x0B\xE8\x9A\xE1\x9F"
"\xA9\x75\x1E\x09\x1D\xAD\x10\xFB\x76\x4A\xD9\xBC\x7C\xB8\x50\x36\x78\xF1\xD2\x6D\xD4\xD1\x5D\x42\x7A"
"\x36\x38\x91\x29\xDA\x98\x77\xF9\x60\xD5\x1D\x53\x64\xCE\x70\x40\xF9\x90\xD0\x50\x1A\xF0\x22\x54\xCD"
"\xA0\xF2\x21\x21\x7B\xBD\xD9\x97\x3E\x6C\x72\x80\x0D\xDA\x20\x90\xFE\x79\x25\x1E\x6C\xE9\x77\x13\x22"
"\xA0\x11\xBB\x81\x29\xD1\x1D\x04\x58\x0B\x30\xC4\x79\xB0\xE8\xEA\x4B\x12\x66\xF0\xE8\xD2\x0C\x23\x48"
"\x15\xB1\x02\xF4\x84\x61\xD9\x7C\xCB\x4A\x20\x7A\x9A\xC5\xEA\x3D\x36\xD7\xAD\x36\xBD\x33\x9E\x58\x62"
"\x56\xA1\xED\x95\x3F\x91\xE6\xE6\xF0\x8F\xA2\x3D\xFB\x69\x4D\x37\x67\x58\xAD\xD0\xAE\xB1\xC6\x1A\x6B"
"\xAC\xB1\xC6\x1A\x6B\xFC\x03\xB2\x0D\xAE\xBE\xE8\x12\x62\x54\x00\x00\x00\x00\x49\x45\x4E\x44\xAE\x42"
"\x60\x82"
}
};

static const binfile_t banner_a26 = {"banner_a26.png", 316, {
"\x89\x50\x4E\x47\x0D\x0A\x1A\x0A\x00\x00\x00\x0D\x49\x48\x44\x52\x00\x00\x01\x10\x00\x00\x00\x18\x01"
"\x03\x00\x00\x00\x08\xE0\x30\x8F\x00\x00\x00\x04\x67\x41\x4D\x41\x00\x00\xB1\x8F\x0B\xFC\x61\x05\x00"
"\x00\x00\x01\x73\x52\x47\x42\x00\xAE\xCE\x1C\xE9\x00\x00\x00\x06\x50\x4C\x54\x45\xFF\xFF\xFF\xFF\x00"
"\xFF\xC6\x58\x08\x1E\x00\x00\x00\xD4\x49\x44\x41\x54\x28\xCF\x85\xD2\x3D\x0A\x83\x40\x10\x05\xE0\x09"
"\x81\xD8\x69\x6B\x11\xDC\x8B\x04\x2D\x52\xE4\x1C\xB9\x81\xA5\x45\x70\x15\xC2\x6E\x99\x2B\x6D\xB2\x10"
"\xAF\xA1\x49\x91\x76\xED\x0C\xC8\x4E\xC0\x1F\xD2\x38\xEB\xAB\x3F\x18\x78\x6F\x00\xF1\x75\x42\xFC\x28"
"\xF8\xA2\x49\x34\x2E\x04\x46\xA2\x15\x18\x54\x81\x8B\x94\x0A\x6A\x5E\x78\xEB\x64\xEB\x24\x96\xD5\x5C"
"\x36\x2E\x02\x96\xA9\xC4\x4D\xC2\x81\xB4\x2B\xE4\xE9\x26\x36\xCC\x99\x60\xCE\x43\x13\x79\x53\xE4\x71"
"\x9C\x89\x76\x90\xFE\x30\x10\xB9\x4C\x60\x24\x31\x0B\x02\x11\x68\x03\x0B\xC1\x3F\xB9\x92\x33\x8A\x33"
"\xF6\xE0\x26\xBB\x14\x3B\x88\x22\xF0\x04\xA3\x88\x9F\xF2\x91\x48\x8A\xF4\x7E\x36\x13\xEA\x5F\xBA\x28"
"\x63\x06\xFD\x7D\x52\xC9\x1B\x41\xEA\xF8\xE2\x0D\x44\xCB\x8A\x20\x45\x9E\x6F\x26\x42\xB5\x5B\x58\x5E"
"\x36\x28\x42\xDE\x90\x33\x96\x96\xDF\x27\x62\x08\x22\x2D\x6F\x27\xD2\x1D\x97\xC8\x0F\x3B\xEC\x94\xA2"
"\x44\x4B\xDB\xBB\x00\x00\x00\x00\x49\x45\x4E\x44\xAE\x42\x60\x82"
}
};

static const binfile_t banner_c64 = {"banner_c64.png", 253, {
"\x89\x50\x4E\x47\x0D\x0A\x1A\x0A\x00\x00\x00\x0D\x49\x48\x44\x52\x00\x00\x01\x10\x00\x00\x00\x18\x01"
"\x03\x00\x00\x00\x08\xE0\x30\x8F\x00\x00\x00\x01\x73\x52\x47\x42\x00\xAE\xCE\x1C\xE9\x00\x00\x00\x04"
"\x67\x41\x4D\x41\x00\x00\xB1\x8F\x0B\xFC\x61\x05\x00\x00\x00\x06\x50\x4C\x54\x45\xFE\xFF\xFE\xFF\x00"
"\xFF\xB5\xB8\xBC\xDE\x00\x00\x00\x95\x49\x44\x41\x54\x28\xCF\xA5\xD2\x31\x0A\xC3\x30\x0C\x05\x50\x43"
"\x06\x8F\x3A\x82\x8F\xE2\xA3\xB5\xD0\x21\xA3\xAF\x64\xC8\x45\x12\x72\x81\x68\xD3\x60\xAC\xFE\x74\xEF"
"\x57\xA1\x42\xE3\x43\xB6\xEC\x9F\x3C\xAC\xF4\x13\x19\x25\x24\xBB\xF8\xAC\x5E\x18\xE9\xE2\xA3\x4E\x4A"
"\x9E\x20\x0F\xCC\x21\x04\x6D\x98\x43\xC8\xCC\xB6\x5C\x98\xC3\x88\x58\x56\x37\x46\x86\x98\x9C\x01\x29"
"\x56\xBA\x98\x52\x82\xBD\xF3\x45\x48\xBA\xC9\x6B\x03\x49\xDF\xEA\x73\xD0\x7A\x1C\x1A\x5C\xB7\xE9\x9E"
"\x2A\x5F\xBA\x69\xA7\x04\x4F\x17\x90\xBB\xDB\xE1\x1A\x7C\xE3\xBA\x71\x82\x30\xF4\x85\x13\x44\x0A\xAD"
"\x41\x30\xAD\xFE\x1D\xEF\xA8\xDE\x80\x40\xE0\xB9\x11\xB7\xCF\xC0\x00\x00\x00\x00\x49\x45\x4E\x44\xAE"
"\x42\x60\x82"
}
};

static const binfile_t banner_cannonball = {"banner_cannonball.png", 328, {
"\x89\x50\x4E\x47\x0D\x0A\x1A\x0A\x00\x00\x00\x0D\x49\x48\x44\x52\x00\x00\x01\x10\x00\x00\x00\x18\x01"
"\x03\x00\x00\x00\x08\xE0\x30\x8F\x00\x00\x00\x01\x73\x52\x47\x42\x00\xAE\xCE\x1C\xE9\x00\x00\x00\x04"
"\x67\x41\x4D\x41\x00\x00\xB1\x8F\x0B\xFC\x61\x05\x00\x00\x00\x06\x50\x4C\x54\x45\xFF\xFF\xFF\xFF\x00"
"\xFF\xC6\x58\x08\x1E\x00\x00\x00\xE0\x49\x44\x41\x54\x28\xCF\x8D\xD3\x31\x6E\xC3\x30\x0C\x00\x40\x1A"
"\x0A\xA2\xA5\x00\xB7\x4C\x05\xF4\x85\x8C\x1A\x84\x2A\x4F\xC9\x13\x32\x7A\x10\x60\x1B\xFE\x98\xFA\x13"
"\x3E\x81\x23\x07\xC3\x2E\xDD\x64\xAB\x18\x97\x83\xA4\xE1\x40\x42\x14\x05\xDB\x61\xC0\xB6\xC9\x70\x48"
"\x08\xF7\x43\xC5\x37\x64\x74\xBF\xC4\xBD\x21\xD0\xE9\x8E\xB5\xB3\xC9\x7A\x4C\x16\x3F\xEE\x64\xAA\x36"
"\x11\xAC\x92\x92\x9B\x89\x4B\xBA\xE6\x36\x09\xF4\x88\xF1\x49\xC0\x20\x99\x1F\xFD\xD5\xCD\xDF\x36\xE1"
"\x17\x99\xB8\x44\x08\x6D\x32\x28\x49\x01\x1C\xF7\xF1\xB3\x49\x40\xC9\xBD\x4F\x19\x3C\x49\x4C\x61\x84"
"\xBF\xA1\x59\xE8\xCE\x25\x43\x20\xD1\x64\x46\x21\xA2\x27\x61\x93\xE4\xBA\x93\x93\x12\x2E\x16\x99\x88"
"\x4A\x3E\xE3\x9E\x2C\x18\xDD\x75\x74\x93\x2F\x25\x37\x93\xE8\x5D\x3A\xB9\x78\x5D\xB5\x5E\xFB\x19\x01"
"\xD9\xC9\x19\x3D\x3B\x8B\xAC\x10\xC4\x2F\x27\x9C\x45\x3B\x93\x8D\x91\x1A\x96\xB0\x7E\x84\x69\x41\x6A"
"\x8E\x31\xFC\xEB\x07\x1C\xC5\x0F\xC6\xF5\x9A\x4C\x91\xBA\x67\x22\x00\x00\x00\x00\x49\x45\x4E\x44\xAE"
"\x42\x60\x82"
}
};

static const binfile_t banner_celeste = {"banner_celeste.png", 410, {
"\x89\x50\x4E\x47\x0D\x0A\x1A\x0A\x00\x00\x00\x0D\x49\x48\x44\x52\x00\x00\x01\x10\x00\x00\x00\x18\x02"
"\x03\x00\x00\x00\x4F\x40\x4A\x5F\x00\x00\x00\x04\x67\x41\x4D\x41\x00\x00\xB1\x8F\x0B\xFC\x61\x05\x00"
"\x00\x00\x01\x73\x52\x47\x42\x00\xAE\xCE\x1C\xE9\x00\x00\x00\x09\x50\x4C\x54\x45\xFF\xFF\xFF\xFF\x00"
"\xFF\x68\x57\x87\x84\x72\x43\xE8\x00\x00\x01\x2F\x49\x44\x41\x54\x38\xCB\xCD\xD4\x31\x6E\x83\x40\x10"
"\x05\xD0\x1F\x64\xA4\x88\x3A\x1C\x21\x45\x38\x05\x47\xA0\x60\x56\x28\x95\xCB\xC8\xA7\xD8\x32\x17\xD8"
"\xDE\x45\x2C\xD9\x73\x4A\xCF\x5F\x2C\x05\x10\x16\x43\x13\x65\x64\xC1\x32\x82\xC7\x78\x76\x17\x08\xA3"
"\x47\xDD\x02\x38\x94\x22\x9D\x9D\xEB\x0E\x6F\x76\x42\xC9\x43\x2D\x9B\x01\x1E\xF8\xE0\x18\x22\x2D\x16"
"\x51\x3A\x11\x4C\x90\xA5\x81\x17\x1F\xD2\xFF\x1B\x04\x28\xE2\x02\x51\x34\xF9\x67\xF1\xE1\x44\x0A\xD5"
"\x6F\x7B\x44\x63\x35\x5E\x44\xA8\x85\x8D\x78\x71\x73\x21\x3D\x2A\xD5\xB3\xBD\xB3\xCA\x88\xD5\x75\x05"
"\x53\x44\xDC\x95\x74\x2C\x82\xC8\x2B\x46\x04\xD7\x3C\xB3\xD6\x8D\xF3\x1E\xE4\x92\x6F\x3F\x70\x4D\x10"
"\x39\xE5\x7E\xC6\x11\x29\x9D\x88\xBD\xEC\x38\x43\x58\x8A\x44\xEC\x42\xDE\xB9\x50\x55\x7F\x32\x62\xBD"
"\x0C\xEC\x6D\x9D\x91\x46\x2F\x0E\x04\x58\x41\x2A\xEB\xD1\x2F\xD2\x61\x2B\x58\x49\xC9\x1D\x33\x41\x7A"
"\x3C\x90\xC1\x66\xE9\xE2\xFC\x3B\xD3\xCD\x36\x0E\x2A\x70\x5F\x1B\xE2\x5A\xB2\x73\x64\x1A\xA9\x45\x3D"
"\x3C\x8A\xDD\x46\x86\x27\xC8\x71\x0F\xF2\xB9\x6A\x14\x44\x02\x5C\x9F\x25\x22\xB6\x2A\x9A\x38\x13\x98"
"\x49\x5F\x48\x21\xA7\x93\x07\xD1\xD5\xB0\x7C\x0A\x79\xF4\x67\x88\x3C\x47\xC4\x8F\xAC\x96\x72\xDB\x89"
"\xD8\xAD\xE9\x34\x13\x02\x3F\x45\x41\x45\x72\x7A\x73\x8A\xEF\x70\xC0\xCE\x7B\xD7\xBE\x98\x06\x00\x00"
"\x00\x00\x49\x45\x4E\x44\xAE\x42\x60\x82"
}
};

static const binfile_t banner_classicube = {"banner_classicube.png", 954, {
"\x89\x50\x4E\x47\x0D\x0A\x1A\x0A\x00\x00\x00\x0D\x49\x48\x44\x52\x00\x00\x01\x10\x00\x00\x00\x18\x04"
"\x03\x00\x00\x00\xC0\x00\xBF\xFF\x00\x00\x00\x1B\x50\x4C\x54\x45\xFE\x00\xF9\xFE\x00\xFB\xFF\xFF\xFF"
"\xFC\x00\xF9\xFF\x00\xFF\xFD\xFE\xFD\xF6\x03\xF3\xF9\xFF\xF8\xF8\xF6\xF7\x7F\x17\x27\xEF\x00\x00\x03"
"\x5A\x49\x44\x41\x54\x48\xC7\xBD\x94\xCD\x8E\xD3\x30\x14\x85\xEF\x8D\x2B\x60\xE9\x5B\x43\x60\x99\xB1"
"\x64\x60\x69\x63\x69\xD6\x54\xE2\x01\x20\x92\xC5\xB6\x01\x14\xB6\x30\x8B\x96\x2D\x2C\x80\xC7\xE6\xD8"
"\x4E\x67\x48\x60\x36\xCD\xC0\xE9\x4C\xE3\x63\xBB\xF1\xE7\xE3\x1F\x7A\x95\x15\x63\x64\x15\x0C\x4B\xF0"
"\x14\x95\x26\xA2\xE8\xF1\x81\x34\x89\x62\x56\xCA\x68\xC5\xDE\x93\xCA\x55\x1C\x95\xD2\x21\x04\x2D\xA4"
"\xF0\xF1\xC6\x30\x69\xA3\x08\xDF\x1A\xDF\xC6\x2B\x42\xBB\x66\x48\xB4\xF0\xD2\x32\xB1\x22\xF2\x73\xA7"
"\xAE\x41\xE0\xF2\xF0\xA4\x38\xC6\x40\x62\x82\x8A\xCA\x44\x83\x16\x8A\xEC\x05\x7D\x29\x68\xE5\x01\x6B"
"\xF0\xE3\xC0\x51\x34\xFB\xA8\x72\xBD\x88\xC2\x4F\xD8\x07\x0D\x2C\xE0\xE2\x65\x5E\x63\x46\xA4\x59\xD0"
"\x81\xD5\xDC\x92\x52\xA0\xF7\x7E\xE6\x62\x05\xA1\x10\xC8\x28\xCC\x98\xC3\xDE\x73\x0C\x22\xB5\x13\x06"
"\x15\x86\xD1\x19\x51\xB3\x66\x00\xA9\x40\x59\xA8\x36\xE5\x55\x1A\xED\x54\x3B\x11\xE7\x27\x08\x73\xA6"
"\x86\x01\x06\x89\x0A\x73\x1B\xD1\x1F\xF2\x33\x37\x81\xC8\xB5\x2C\xC9\x49\x2C\x4B\xB5\xF7\xBF\xCB\x1F"
"\xA2\xAC\x32\xFE\x75\x8D\x26\x38\xAF\x33\xAE\x8A\x70\x4B\x0B\x89\x59\xB8\x39\xC8\xEE\x81\xA3\x78\x32"
"\x41\x16\xD2\x47\x7B\x90\xA5\xB4\xB5\xDD\x12\xED\x1C\xCD\x41\x94\xCD\x20\xB7\xE9\xC9\x55\xFF\x17\x10"
"\x97\xBA\xA9\x74\x77\x20\x6D\x63\x2D\xC9\xAD\xDA\x3E\xFF\x3A\xFC\xA7\x44\x1A\x24\xF2\x70\x90\x5B\xF4"
"\x98\x65\x16\x57\x10\x88\xAC\x5B\x82\xC8\xF9\x20\xB6\xEA\x43\x06\xD1\xB5\xFC\x8C\x77\xB5\xD0\x3D\xDC"
"\xD6\x02\xCB\x70\xFF\x70\x6A\x1D\x1A\x9B\x44\xD0\x4A\x2E\xF5\x16\x1A\xC2\x8B\xDA\xB4\x0A\xC4\xB9\xF2"
"\xB2\xF7\x00\xE1\xC7\xB6\x8A\x1F\xD4\xE7\x9B\x97\xDF\xF0\xED\x52\x6A\xF7\xBD\x3D\xEC\x6B\xE5\x73\x74"
"\xB5\x15\xC4\x4E\xBC\xDE\xDD\x05\x48\xEA\xC6\xFB\x3F\x7F\x60\x9A\x76\xD3\x8E\xE3\xF8\x0E\xD3\xDC\xC0"
"\xB4\x1F\x8F\x87\x01\x21\x5C\x8C\xC7\xE3\x28\xA8\xC8\x89\x74\xE3\x8F\xE3\x97\xF1\x37\x90\xAE\x14\x4A"
"\xCB\xDE\xAD\x03\xC9\x2F\x33\xD1\xE4\xA1\x94\xE4\x95\xF8\x96\xDE\x12\xCC\x43\x31\x41\xEF\x01\xB2\x8B"
"\x51\x40\x56\x12\xE9\x5E\x12\x54\x40\xDC\x09\xC4\x55\x10\xD9\xBB\x8B\x73\x41\x8E\xD0\x2B\xDB\x77\x82"
"\x31\xA5\x71\x89\xDA\xE7\x16\x72\x05\x44\xB2\x5E\x02\x64\xDA\xCA\xFD\xC1\xBB\xBE\xD3\x05\xC4\xD9\xD3"
"\x1E\xA9\x89\x78\x14\x42\xE3\x04\xB2\x67\xE8\x26\x11\x28\x36\xCE\xE9\x2D\xF2\xB0\x0E\x2D\x8F\x5C\xCA"
"\xDB\xF2\x42\xFA\xB2\x1D\xAF\xCA\xD2\xF8\x1C\xC2\x0D\x88\xEB\xEA\xA9\xB1\xA9\xD3\xF8\x27\x20\xAF\x5E"
"\x1A\x44\x62\xF2\x66\x05\x08\x1B\x24\xC2\x83\x85\xFA\xBE\xBB\xB7\xCD\x09\x39\xCB\x8D\xEB\x0F\x7A\x06"
"\x32\xDF\x23\x50\x92\x75\x20\xC8\xDB\x94\xF0\x5D\x06\xE9\x95\xB1\x20\x0A\xD8\xB6\x83\x4B\x68\xC1\xF6"
"\xDD\xA6\x9E\x9B\x7A\x6A\x2A\x48\xDD\xAC\xE9\x04\xD2\xE7\x68\xDC\xCF\xCF\x7B\x13\x57\x26\xB2\x13\xA1"
"\x01\xD3\xDC\x00\x84\x01\x62\x39\x82\x23\x4F\x35\x5E\x8E\xA3\xE4\x9C\xCA\xD2\xDC\x80\xCC\x12\xA9\x85"
"\x18\x24\xAC\x4A\x24\xCF\x2C\x9F\x98\x69\x69\x08\xB3\x4B\xBC\xDB\xBA\x8B\x7C\x1C\x36\x98\xAF\x6C\xFB"
"\x69\x69\xAC\xFD\x44\x57\xF9\xCA\x71\xC9\x93\xB3\x65\x8F\xC4\x68\x6B\x81\x20\x5E\x7B\xB3\x62\x79\x3E"
"\x14\x90\x54\x4F\x0D\x3F\x2A\x8B\x8E\x33\xD1\x67\x8F\xA5\x29\xA7\xC6\x96\xDA\xD7\x03\xE5\x67\xD9\xAC"
"\xA9\x76\x23\x5B\x6B\x56\x83\xD8\x67\xED\x25\x52\x41\x22\x55\x9B\xC6\xD5\xBB\x5B\xDB\x82\xF6\x74\xBA"
"\xD0\x8A\x5A\x69\xCB\x0D\x7C\x73\xB3\x7A\x9A\x38\x56\x81\xC8\x24\xC6\x9F\xA6\x33\x25\x27\xE9\xF5\x20"
"\xB2\x1E\x64\x92\x31\x05\x48\x62\x10\x15\xE6\x36\x66\x91\xF8\x99\xBB\xFC\x27\x20\x31\x1A\x16\x36\xC1"
"\xF8\x98\x99\xD4\xDC\x32\x89\xD1\xDE\xCC\x5D\x7B\x77\x20\x2C\xBF\xC9\xEB\x3C\x32\x42\x88\x4A\xD1\xC2"
"\x6A\x25\x51\xD8\x87\x99\xBB\xFC\x05\x35\x9E\xFB\xEF\x5B\xF2\x24\x8C\x00\x00\x00\x00\x49\x45\x4E\x44"
"\xAE\x42\x60\x82"
}
};

static const binfile_t banner_col = {"banner_col.png", 357, {
"\x89\x50\x4E\x47\x0D\x0A\x1A\x0A\x00\x00\x00\x0D\x49\x48\x44\x52\x00\x00\x01\x10\x00\x00\x00\x18\x02"
"\x03\x00\x00\x00\x4F\x40\x4A\x5F\x00\x00\x00\x01\x73\x52\x47\x42\x00\xAE\xCE\x1C\xE9\x00\x00\x00\x04"
"\x67\x41\x4D\x41\x00\x00\xB1\x8F\x0B\xFC\x61\x05\x00\x00\x00\x06\x50\x4C\x54\x45\xFF\x00\xFF\xF8\xFC"
"\xF8\x2F\x1E\xE2\x05\x00\x00\x00\x09\x70\x48\x59\x73\x00\x00\x0E\xC4\x00\x00\x0E\xC4\x01\x95\x2B\x0E"
"\x1B\x00\x00\x00\xE8\x49\x44\x41\x54\x38\xCB\xED\xD3\x41\x0E\x84\x20\x0C\x05\xD0\xBA\xE0\x08\xBD\x0F"
"\x2E\xDC\x43\xD2\xDE\xFF\x2A\xF3\x3F\x20\x3A\x09\xA2\x0B\x97\x36\x46\x11\xE5\x59\xA0\xCA\x17\xC3\x50"
"\xF7\x34\xE8\xF6\x28\xC1\x1E\x23\xFE\x02\xB2\x10\x41\x36\xD1\x4A\x73\x75\xB7\x40\x16\x88\x26\x36\x33"
"\x9F\xA6\x8B\x4F\xB5\x08\xDE\x5E\x39\x10\x0C\x32\x08\x70\xD8\xCC\xA9\xBD\x31\xC9\x8B\x39\x73\xB4\x55"
"\x64\x43\x0B\x17\x6F\x08\x5A\x39\xFB\xDE\x77\x8D\x20\xCB\x05\x00\x11\x78\xBC\x75\x1E\xC1\x16\x17\xE3"
"\x17\xB2\xE3\x49\xE9\x9B\x23\xE9\x40\xA2\x08\x2E\x8A\xB4\xC2\x8E\xE0\x44\x44\x9F\x21\x9C\xCE\x3F\xC2"
"\x55\xBA\x45\xDC\xAF\x10\xF1\xCD\x84\x0B\x7B\x20\xEA\xC3\x98\x64\x82\x22\x4C\x52\xB6\xF8\xC9\x74\x6C"
"\xBC\x26\x15\xE1\x92\x3C\x41\xB8\x8B\x83\xDD\x01\x12\x1B\xD2\x76\x67\x82\x70\x0E\xBD\x12\x4E\x75\x02"
"\x5D\xE4\x54\x27\x53\x44\xF6\x8A\xD5\x32\xBA\x57\x6C\x47\xD6\x5A\xB1\x73\x44\xDB\xBF\xA3\x65\x74\xFF"
"\x77\xCA\xE4\x2A\xA2\xF7\xC8\x17\xAF\x87\xC8\x0F\x29\xDC\x77\xEA\x78\x55\x55\xFD\x00\x00\x00\x00\x49"
"\x45\x4E\x44\xAE\x42\x60\x82"
}
};

static const binfile_t banner_doom = {"banner_doom.png", 296, {
"\x89\x50\x4E\x47\x0D\x0A\x1A\x0A\x00\x00\x00\x0D\x49\x48\x44\x52\x00\x00\x01\x10\x00\x00\x00\x18\x04"
"\x03\x00\x00\x00\xC0\x00\xBF\xFF\x00\x00\x00\x01\x73\x52\x47\x42\x00\xAE\xCE\x1C\xE9\x00\x00\x00\x04"
"\x67\x41\x4D\x41\x00\x00\xB1\x8F\x0B\xFC\x61\x05\x00\x00\x00\x09\x50\x4C\x54\x45\xFF\x00\xFF\xFF\xFF"
"\xFF\xF8\xFC\xF8\x18\x07\x33\xFD\x00\x00\x00\x09\x70\x48\x59\x73\x00\x00\x0E\xC4\x00\x00\x0E\xC4\x01"
"\x95\x2B\x0E\x1B\x00\x00\x00\xA8\x49\x44\x41\x54\x48\xC7\xED\x95\x4B\x12\xC3\x20\x0C\x43\xED\x9E\xC0"
"\x3A\x42\xB9\xFF\x21\x8B\xB1\x4B\x52\x27\x8B\x6C\xA2\x66\x81\x98\x20\x26\x1B\x3F\x7E\x42\x96\x96\x2E"
"\x4A\x01\x58\x0E\xF6\x3E\xFA\xFC\x45\x03\x81\x0F\x8A\xFF\x07\xA4\x97\x2B\xAE\x50\x9B\x8B\x44\x51\x4C"
"\xFC\xF0\x05\x88\x41\xA8\x20\xEA\x85\xAB\x77\x90\xDC\x2C\x32\x88\x14\x77\x10\xE5\x83\x8C\xC3\xB0\x73"
"\x07\xD1\x27\x80\xC0\x74\x34\x02\x41\x6B\xED\x2D\x73\x2B\xCE\x40\xD0\x9B\xBC\xDA\xCD\x4A\x1C\x8D\xCC"
"\x08\x80\x5E\x17\xD3\xFD\xCA\x50\x63\x64\x03\xD0\x1F\x57\xD0\x41\x46\xE1\x1A\x25\xF6\xC5\xA2\x81\x44"
"\xA4\x1F\x82\xD5\xF1\xA8\x97\x26\x01\xCA\x53\x13\x89\xC2\x06\x39\x79\x7C\xF9\x20\x4B\x4B\x4F\x97\xC8"
"\x07\x96\x62\x1D\x1E\xC9\x7C\x66\xF1\x00\x00\x00\x00\x49\x45\x4E\x44\xAE\x42\x60\x82"
}
};

static const binfile_t banner_duke3d = {"banner_duke3d.png", 326, {
"\x89\x50\x4E\x47\x0D\x0A\x1A\x0A\x00\x00\x00\x0D\x49\x48\x44\x52\x00\x00\x01\x10\x00\x00\x00\x18\x01"
"\x03\x00\x00\x00\x08\xE0\x30\x8F\x00\x00\x00\x04\x67\x41\x4D\x41\x00\x00\xB1\x8F\x0B\xFC\x61\x05\x00"
"\x00\x00\x01\x73\x52\x47\x42\x00\xAE\xCE\x1C\xE9\x00\x00\x00\x06\x50\x4C\x54\x45\xF8\xFC\xF8\xFF\x00"
"\xFF\x01\x2A\x7A\xCF\x00\x00\x00\xDE\x49\x44\x41\x54\x28\xCF\xBD\xD2\x31\x0E\x82\x30\x14\x06\xE0\x67"
"\x18\xCA\x60\x2C\x6E\x1D\xF5\x06\x8C\x6C\x6A\x18\xB8\x06\x0D\x17\xA8\x9B\x13\x96\x40\xE8\xB5\x4A\x4C"
"\xE4\x1A\x70\x03\xDC\x18\x4C\xB1\x34\xC6\xC5\x36\x2C\xC6\x7F\x78\xCB\xFF\x25\x6F\xF9\x61\x5A\x0C\xFC"
"\x8A\x40\x5F\x31\x99\x47\x2D\x69\xA0\x2C\x1D\x84\x56\xA9\xCC\xC9\x4C\x0A\x17\xC9\x2A\x6A\x48\xE9\x22"
"\x8A\x64\xEB\x93\x21\x02\x9A\xC2\x41\x62\xDF\x6B\x95\xDF\x12\x84\xA5\x83\x44\xB1\x8F\xC4\x4C\x30\x96"
"\x2B\x2B\x79\x6A\x82\x97\x88\x2E\x79\x0E\xFA\xC2\x11\xEC\x84\x89\xE0\x4D\x78\x6A\x25\x30\xB2\xDA\x90"
"\x84\x20\x4D\x14\x7C\x67\x1A\xCF\x75\x80\x3E\xC4\xFA\x68\xEC\x37\x01\x42\x6A\x97\x10\x4F\x74\x70\xB5"
"\x91\x41\x13\x61\x48\x26\x06\x07\x69\xD6\x61\x89\x54\x18\x13\x2A\x1E\x0E\xE2\xC1\xFE\x06\x79\x98\x12"
"\xCA\xB7\xD5\xC1\x46\xBA\x0F\x61\x32\xA8\xED\x04\x71\xAA\x49\x64\xC8\xDD\x4E\x30\xEF\x1B\x4D\x58\x74"
"\x71\x91\x3F\xCD\xFB\x05\x40\x9D\x7A\x47\xA0\xCF\x36\x91\x00\x00\x00\x00\x49\x45\x4E\x44\xAE\x42\x60"
"\x82"
}
};

static const binfile_t banner_favorite = {"banner_favorite.png", 343, {
"\x89\x50\x4E\x47\x0D\x0A\x1A\x0A\x00\x00\x00\x0D\x49\x48\x44\x52\x00\x00\x01\x10\x00\x00\x00\x18\x04"
"\x03\x00\x00\x00\xC0\x00\xBF\xFF\x00\x00\x00\x01\x73\x52\x47\x42\x00\xAE\xCE\x1C\xE9\x00\x00\x00\x04"
"\x67\x41\x4D\x41\x00\x00\xB1\x8F\x0B\xFC\x61\x05\x00\x00\x00\x09\x50\x4C\x54\x45\xFF\x00\xFF\xFF\xFF"
"\xFF\xFC\xFD\xFC\x01\x78\x6E\x79\x00\x00\x00\x09\x70\x48\x59\x73\x00\x00\x0E\xBF\x00\x00\x0E\xBF\x01"
"\x38\x05\x53\x24\x00\x00\x00\xD7\x49\x44\x41\x54\x48\xC7\xED\x94\x5B\x0E\xC4\x20\x08\x45\x61\x56\x00"
"\x5B\xE8\xFE\x17\x39\xCA\x05\x1F\x69\xCC\xF4\xA3\x98\xF9\xF0\xF6\xA1\x15\x53\x4F\x78\xD1\xD1\xD1\x33"
"\xB1\x16\xC9\xD2\x48\xDB\xF4\x13\x64\x17\x8B\x81\xAC\x8D\xFB\x9C\xB2\xF4\xC6\x43\xFB\x6B\xF2\x83\xCC"
"\x2D\x75\x5E\x1E\x36\x17\xA9\xD8\xA5\x7D\x41\x53\xA1\xF0\x73\x04\xC8\xCE\x8C\x60\x75\x10\x0E\x1A\xCD"
"\x0C\x93\x6A\x47\xF0\x77\x65\x11\xF2\x65\xDC\xCD\x98\x0D\x52\xC4\xC3\xB9\x36\x98\x57\xBC\x6E\x60\x4C"
"\xD2\x55\xD4\xAA\xB7\x8E\xC4\x12\x65\x52\x09\x3C\x4E\xD8\xA2\xC8\x22\xFA\x5C\xAF\x0B\x34\xEE\x6D\x9C"
"\x35\x83\xD0\x0C\xC2\xB9\x29\xC2\x1E\x16\x64\x82\x44\x22\xCC\x20\xBE\x37\xB5\x6A\x02\xA4\xD7\x6D\x27"
"\xB8\xA5\xE8\x16\x10\x1E\x1A\x08\xA1\x60\xC6\xCC\x15\x67\x4D\xD3\xD0\x46\xC4\xBF\x30\x6F\xB5\x63\x69"
"\xAA\xF9\x6D\x24\x1A\xAB\x34\x10\x6A\x4C\xE1\x24\x2C\xE8\xB6\x6E\x7F\x74\xF4\x97\x22\xFA\x02\x64\xEE"
"\x1E\x9A\xF1\xE9\x6E\x42\x00\x00\x00\x00\x49\x45\x4E\x44\xAE\x42\x60\x82"
}
};

static const binfile_t banner_gb = {"banner_gb.png", 397, {
"\x89\x50\x4E\x47\x0D\x0A\x1A\x0A\x00\x00\x00\x0D\x49\x48\x44\x52\x00\x00\x01\x10\x00\x00\x00\x18\x04"
"\x03\x00\x00\x00\xC0\x00\xBF\xFF\x00\x00\x00\x01\x73\x52\x47\x42\x00\xAE\xCE\x1C\xE9\x00\x00\x00\x04"
"\x67\x41\x4D\x41\x00\x00\xB1\x8F\x0B\xFC\x61\x05\x00\x00\x00\x06\x50\x4C\x54\x45\xFF\x00\xFF\xF8\xFC"
"\xF8\x2F\x1E\xE2\x05\x00\x00\x00\x09\x70\x48\x59\x73\x00\x00\x0E\xC4\x00\x00\x0E\xC4\x01\x95\x2B\x0E"
"\x1B\x00\x00\x01\x10\x49\x44\x41\x54\x48\xC7\xED\x95\x51\x0E\xC3\x20\x08\x86\xE1\x06\x70\xFF\xCB\x4E"
"\xE1\x07\x6C\xD3\x64\x66\xC1\xA4\x0F\x23\x69\x05\x25\xF2\xA9\x88\xF4\x97\xF7\x8B\x4E\x19\x2D\xDB\x7F"
"\x98\x62\x86\x60\x04\x43\xDE\xED\x1A\x7C\xD0\xD5\xCA\xB1\x03\x32\x7B\x5C\x39\x02\xA2\x1A\xE1\x32\x66"
"\x06\xB9\x81\x68\x7A\x1B\x33\xC0\x9B\x84\x3D\xD2\xF8\x71\xAD\x19\x38\x15\x89\xDD\x12\x06\x9F\xCC\xB6"
"\x7D\x43\x68\x0F\x84\x1C\xC4\xAD\xD4\xBB\x64\x99\x0D\x59\x90\x47\xB0\x82\xAC\x1B\x61\x20\x95\xBD\x6D"
"\x20\x39\xDB\x9C\xFD\x0B\x08\xA1\xC3\xB4\xD6\x0D\x59\xCE\x99\x57\x10\x0E\x10\x8C\x47\x42\x5F\x40\x9A"
"\xEF\xEE\xA2\xB1\x7D\x62\x47\xC0\x96\x8D\x57\x10\x89\xFD\x83\x6F\x1B\x43\x2D\xF1\x37\x10\xD6\x0E\xA9"
"\x1D\x61\x8F\x11\x9B\xEF\x2A\x67\xD9\x22\xA4\x34\x3B\x1D\xCC\xE6\x93\x79\x02\x49\x9B\x96\xDB\xEB\xB5"
"\x26\x41\xE4\x00\x88\xE7\xE4\x38\x8C\x2D\x90\x7C\x04\xBA\x41\x2E\x21\x18\xAD\xFA\xEF\x56\xCF\xF2\xFA"
"\xC2\xA7\x1D\x44\x36\x41\x32\x33\xF4\x04\x48\xBE\x79\x58\x73\x94\xD0\x1A\x90\x72\x92\x7A\xFC\x7A\xEB"
"\xFB\x14\x3C\xF0\x71\xF8\x78\x6E\xE8\x11\x24\xDC\xE9\x04\x08\xCA\xE7\x0E\x08\x9D\x05\xF9\xCB\xCB\x84"
"\xE8\x03\x29\xF8\x2D\xB7\xBE\xCF\xB8\x4B\x00\x00\x00\x00\x49\x45\x4E\x44\xAE\x42\x60\x82"
}
};

static const binfile_t banner_gba = {"banner_gba.png", 464, {
"\x89\x50\x4E\x47\x0D\x0A\x1A\x0A\x00\x00\x00\x0D\x49\x48\x44\x52\x00\x00\x01\x10\x00\x00\x00\x18\x01"
"\x03\x00\x00\x00\x08\xE0\x30\x8F\x00\x00\x00\x04\x67\x41\x4D\x41\x00\x00\xB1\x8F\x0B\xFC\x61\x05\x00"
"\x00\x00\x01\x73\x52\x47\x42\x00\xAE\xCE\x1C\xE9\x00\x00\x00\x06\x50\x4C\x54\x45\xFF\xFF\xFF\xFF\x00"
"\xFF\xC6\x58\x08\x1E\x00\x00\x01\x68\x49\x44\x41\x54\x28\xCF\xA5\xD3\x31\x4F\xC2\x40\x14\x07\xF0\x77"
"\x36\xA1\x8B\xB6\x2B\x46\x04\x3F\x02\x6E\x10\x9B\xF4\x1B\xF8\x19\x34\xAE\x0E\x38\xB1\x18\xDA\x86\x04"
"\x16\xC2\xAD\x0E\x86\xEF\xD0\xC5\xE8\x02\x6D\x4C\x60\x29\xB0\x6A\x30\xA1\x4D\x13\x59\xD0\xD6\x30\x50"
"\xC2\xA5\xE7\x81\x93\xE5\x50\x13\xDF\x7A\xBF\xBC\x7B\x97\xF7\x3F\xA0\xBF\x16\xFC\x85\x90\x9D\x14\x00"
"\x20\x0B\x84\xAD\x24\x82\x75\xE9\x3F\x10\x2F\x0A\xBD\x5E\x48\xA4\xBC\x0B\x20\xAF\xBA\x81\x98\x24\x8F"
"\x6B\x12\xE7\x4C\x76\xC8\xAE\xE4\x91\x61\x14\xFA\x43\x37\x56\x1F\x2C\x9B\xBC\x96\x77\x4F\x35\x75\x92"
"\x24\x18\x85\xFE\x00\xF5\xAE\x46\xBA\x47\xDD\xB2\x24\xD1\xCE\x06\x69\xA1\x8F\x19\x23\xA5\x91\xE1\xD1"
"\x70\x22\xCB\x1C\x92\x41\xE6\xEC\x1D\x75\xCF\xC6\xC8\xAC\x86\x6F\x18\xDB\xF7\x1B\xB3\xA4\x05\x73\x1E"
"\x78\xB1\x3B\x14\x4C\x63\xD1\xC7\x43\xBB\x53\x4F\x92\x82\x70\x7C\x17\x78\xC4\x1D\x08\x45\x63\xF1\xD4"
"\x0F\x2C\x35\x49\xC4\xC2\x6C\xD9\x0E\xEC\xD8\x1A\x88\xFB\xC6\xF3\x8D\x43\x19\x81\xEF\x45\x0B\xF3\x65"
"\x7B\x8A\x5A\x96\x23\x1E\x1A\xE3\xFB\xA9\xC6\x99\xA5\x38\x5F\x2A\x53\x54\xF3\x1C\x69\xAF\x8A\xF3\x97"
"\x2A\x6F\xDC\xCA\x89\x42\x50\xED\xDC\x91\x31\xC5\xA5\xEB\x2C\xE7\xD1\xB7\x95\x03\x85\xFA\xCD\x8B\x46"
"\xAE\x4E\x53\x15\xA5\xC9\x21\x98\xE4\xD2\xD4\x8F\xB5\x86\x5A\x8D\x8E\x62\xA5\xCB\x59\x40\x9D\x64\x19"
"\x21\x6A\x86\xCD\x5E\x02\x70\x79\x9B\x7E\x69\xA5\xD9\xBA\xB3\x2B\x12\xF1\x89\xCB\xD2\xC4\x52\x07\xA0"
"\x6D\x8D\x54\x88\x56\x44\xD0\xF5\xED\xD9\x8D\xBF\xFA\xFA\xFA\x3F\x7E\xC0\x27\x04\x01\x74\x49\x36\x15"
"\x7B\x2B\x00\x00\x00\x00\x49\x45\x4E\x44\xAE\x42\x60\x82"
}
};

static const binfile_t banner_gbc = {"banner_gbc.png", 519, {
"\x89\x50\x4E\x47\x0D\x0A\x1A\x0A\x00\x00\x00\x0D\x49\x48\x44\x52\x00\x00\x01\x10\x00\x00\x00\x18\x04"
"\x03\x00\x00\x00\xC0\x00\xBF\xFF\x00\x00\x00\x01\x73\x52\x47\x42\x00\xAE\xCE\x1C\xE9\x00\x00\x00\x04"
"\x67\x41\x4D\x41\x00\x00\xB1\x8F\x0B\xFC\x61\x05\x00\x00\x00\x06\x50\x4C\x54\x45\xFF\x00\xFF\xF8\xFC"
"\xF8\x2F\x1E\xE2\x05\x00\x00\x00\x09\x70\x48\x59\x73\x00\x00\x0E\xC4\x00\x00\x0E\xC4\x01\x95\x2B\x0E"
"\x1B\x00\x00\x01\x8A\x49\x44\x41\x54\x48\xC7\xED\x95\x51\x8E\xC3\x30\x08\x44\x99\x1B\xC0\xFD\x2F\xBB"
"\x89\x19\xC6\xB4\x8A\xDA\x50\xED\xC7\xAE\x54\x4B\x71\x70\xEC\xC4\xCF\x30\x10\xFB\xB6\xBF\xDF\xE2\x6C"
"\xC7\x1D\xAB\x3F\x86\xBE\x06\xCE\x19\x4E\xE5\xE3\xB4\xB8\x86\x8F\xB2\xFF\x25\x8E\x3B\x20\xE7\x93\x34"
"\x1E\x40\x0A\xD1\xD0\x80\x10\x63\xBC\x88\xDA\x4E\x7B\x6A\x93\x27\x90\xD0\xEA\xC5\x0C\x4D\x39\xBF\xD4"
"\x39\xA6\x24\xC8\x9D\x8E\x0E\xFB\xCC\xC4\x81\x3E\x8D\x1C\x39\xC8\xE7\xE7\x5D\x0E\x59\x2F\xD7\x98\x26"
"\x4F\x30\x72\x88\xDD\x03\xB1\x04\xC9\x51\xB3\xCF\x40\xAD\x77\xC1\x98\x2E\xCE\x29\xC8\xDE\xCB\xE8\x4D"
"\x85\xA0\x83\x74\x47\x2C\x10\xF9\x7E\xAD\x73\xC6\x4B\x1E\x4A\xAF\xCC\x40\x14\x49\x1E\xE9\x15\x48\x7D"
"\x7C\x59\x72\x65\x49\x08\x5B\xCD\x3E\x06\xD9\x92\x42\x07\x41\x81\x54\x86\x46\x65\x4B\x03\x51\x72\x51"
"\x42\x4E\xB7\x65\xE8\x62\x0A\xD2\x2C\xA4\xEA\x56\x08\x24\xB9\x06\xE2\xD8\xF9\x41\x6F\x55\x38\xCE\x8E"
"\x20\x69\x0E\xB2\xA6\x1F\xF1\x63\x90\xD6\x2F\x10\x82\x79\xB4\xF4\x7F\xD3\xB6\x47\x28\xF9\x72\x7E\x9A"
"\x50\xD9\x32\x4A\x1A\x25\x47\x6B\x73\x2F\x40\x6C\xD4\x2E\x40\x34\xB6\x96\xBD\x59\x6B\xD0\x2B\xC5\x25"
"\x88\xA5\x60\x3D\xA6\xF5\xAC\x34\xC9\xCC\x7F\x0B\xA2\x9F\xC0\x13\x08\xC5\x8A\x63\x09\xF3\x7C\xE8\x92"
"\x87\x2D\xC0\x3B\x13\xF8\xA9\x9E\x29\x7D\xB9\xC6\xFB\x4C\xD4\x61\x54\x52\x86\x2E\xA9\x9A\x7D\x03\x44"
"\xCA\x88\x07\x10\x0A\x2A\x58\x5B\xBC\x54\x8D\x79\x89\x0F\x65\x47\x94\xD8\x9B\xE2\xF7\x89\xAB\xB2\xEC"
"\x1F\x5E\x4D\x31\x5B\x65\x76\x15\x0D\x5C\x92\xAF\xDB\x06\x41\xD8\x25\x48\x2D\xB7\x06\x82\x62\x30\x95"
"\x63\x57\x85\xB3\x31\xC9\x2D\x10\xBB\x02\xA9\xDF\x77\x9A\xFA\x6A\xF0\xFA\xB6\xFF\xDB\xCC\x7E\x00\xC4"
"\x05\x3F\x02\xE0\xBA\x86\x15\x00\x00\x00\x00\x49\x45\x4E\x44\xAE\x42\x60\x82"
}
};

static const binfile_t banner_gg = {"banner_gg.png", 452, {
"\x89\x50\x4E\x47\x0D\x0A\x1A\x0A\x00\x00\x00\x0D\x49\x48\x44\x52\x00\x00\x01\x10\x00\x00\x00\x18\x04"
"\x03\x00\x00\x00\xC0\x00\xBF\xFF\x00\x00\x00\x01\x73\x52\x47\x42\x00\xAE\xCE\x1C\xE9\x00\x00\x00\x04"
"\x67\x41\x4D\x41\x00\x00\xB1\x8F\x0B\xFC\x61\x05\x00\x00\x00\x06\x50\x4C\x54\x45\xFF\x00\xFF\xF8\xFC"
"\xF8\x2F\x1E\xE2\x05\x00\x00\x00\x09\x70\x48\x59\x73\x00\x00\x0E\xC4\x00\x00\x0E\xC4\x01\x95\x2B\x0E"
"\x1B\x00\x00\x01\x47\x49\x44\x41\x54\x48\xC7\xED\x95\x6B\x6E\x03\x21\x0C\x84\x3D\x37\x18\xEE\x7F\xD9"
"\x16\xFC\xC0\x26\x9B\x46\xCD\xBA\x7F\xAA\x58\x89\x08\xF0\x2D\xCC\x82\x3D\x91\x4F\x3C\x8D\x31\x06\xAD"
"\x5D\xBF\x30\x3C\x74\x52\x67\x03\x43\xA6\x64\x3F\x76\x3B\x90\xBE\x22\x5C\x9F\x98\x81\x8D\x25\x84\x89"
"\x42\x7A\xEC\x76\xB0\xEC\x4F\x5B\xD9\xB6\xA1\x94\xAD\x18\x62\x90\x89\x16\x21\xD0\xB3\xD5\xA3\xE6\xF7"
"\x8A\xC4\x6C\xD7\x90\x4D\x66\x6C\x4D\xEB\xFC\x26\xD8\x21\xA4\x2C\x32\x65\xE8\x6B\xCE\x77\x5E\xBD\x03"
"\x43\xC2\xA1\x8C\x24\xEC\xFD\x40\x39\x56\x42\x4F\xDD\x84\x20\xEE\x29\xDD\x41\x16\x42\x1D\xEF\x11\x82"
"\xDA\x51\x0D\xD8\xA7\x53\xB1\x2C\xC4\x89\xB2\xC6\x2D\x21\xD0\x3C\x78\x25\x64\x62\xD7\x42\xD8\x24\x84"
"\xB6\xCD\x78\x14\x62\xC9\x1A\x18\xDD\x59\x34\x47\x95\x68\x38\x90\xB5\x03\x76\x0E\x9C\x42\x74\x2C\x61"
"\xB5\xC8\xD9\xE1\x22\xFA\xAE\x7A\x1B\x71\xCD\x59\x08\x92\x47\x38\x76\xDA\x87\xDB\xDA\x78\x3F\x4C\xCE"
"\xF2\x0D\xB7\x8F\x51\xAA\x37\xDD\x43\x60\x7E\x59\x6A\x1F\x46\xB0\xC7\x57\x59\xB2\xEE\x10\xC2\x2B\x2C"
"\xFA\x8D\x36\x52\x77\xE0\xAF\x84\x6C\x3F\xEB\x32\xD6\x48\x88\x9F\x85\x28\xB6\xB3\xB4\x5B\x88\xFD\x83"
"\xEC\x7A\xBC\xCE\x11\xC7\x34\x47\x98\x8A\xBD\x45\x08\xBC\xD9\xA5\x71\x56\xAF\xF0\xC0\xBC\x78\x9A\x8D"
"\xF5\xA5\x10\xC8\x83\x10\xFE\x81\x10\x2F\xE6\xDD\x52\x1D\x7F\x56\x67\x14\xFA\x81\xF9\x0C\x17\x89\xF0"
"\x82\x4F\xFC\xA7\x10\xF9\x02\x0F\x4F\x1E\x64\x34\x6D\x13\x09\x00\x00\x00\x00\x49\x45\x4E\x44\xAE\x42"
"\x60\x82"
}
};

static const binfile_t banner_gw = {"banner_gw.png", 429, {
"\x89\x50\x4E\x47\x0D\x0A\x1A\x0A\x00\x00\x00\x0D\x49\x48\x44\x52\x00\x00\x01\x10\x00\x00\x00\x18\x02"
"\x03\x00\x00\x00\x4F\x40\x4A\x5F\x00\x00\x00\x01\x73\x52\x47\x42\x00\xAE\xCE\x1C\xE9\x00\x00\x00\x04"
"\x67\x41\x4D\x41\x00\x00\xB1\x8F\x0B\xFC\x61\x05\x00\x00\x00\x09\x50\x4C\x54\x45\xFF\x01\xFF\xFF\xFF"
"\xFF\xFC\xF6\xFC\x2E\x26\xB7\x2C\x00\x00\x00\x09\x70\x48\x59\x73\x00\x00\x0E\xC4\x00\x00\x0E\xC4\x01"
"\x95\x2B\x0E\x1B\x00\x00\x01\x2D\x49\x44\x41\x54\x38\xCB\xE5\xD3\x3B\x72\xC4\x30\x08\x06\x60\x28\xE8"
"\x53\x84\xFB\xE0\xC2\x3D\x9A\x81\x4B\xFA\x94\xF9\x41\xEB\x8C\x9B\x44\xDA\x7A\x55\x68\xF6\x21\xBE\x01"
"\x81\xE8\x03\x97\xEE\x1C\x4A\xC3\xE6\x44\x42\xEC\x89\x2F\x1C\x1D\xC9\x4E\x2A\x67\x86\x64\xB0\x89\xFD"
"\x6F\xE0\x10\x55\x44\xC7\x15\x22\xA5\x2A\x89\x53\x2A\x10\xCD\x5C\x23\x38\x44\x15\x41\x89\xBD\x91\xF3"
"\x46\x22\x81\x24\xE9\xB1\x44\x70\xC8\x2A\x82\xF1\xC1\xAB\x12\xE1\x46\xD4\x91\x98\x29\x8A\x93\xB1\x42"
"\x50\x48\x55\xFF\x44\x66\x26\xE9\x32\x0A\x41\x8E\xBC\x81\x54\x3A\x8E\xAB\xC0\xDE\x08\xEE\x60\x22\x07"
"\x90\x0A\x5F\x22\xF3\xEF\x00\x72\x72\x34\xC2\x89\xDF\x94\x87\xA3\x39\x2F\x24\x73\x03\x61\xAF\x7E\x62"
"\x9F\xDD\x11\x94\x23\xC3\x13\xC2\x0E\x72\x5D\x62\x8C\x59\x00\x12\x22\xD6\x08\xFA\x5A\xC8\xE1\xF1\x44"
"\xAE\x3F\x57\x67\x52\x88\x15\xA2\x2F\x84\x0B\xA9\x7A\x42\xB6\xEF\x84\x6B\xA0\xD0\x4F\x51\xEA\x3B\xF9"
"\xA6\xA8\xE9\xE1\x1C\xF9\x4E\x77\x50\x85\x8B\x4B\xDC\x48\x65\x12\x9C\xC7\x3B\x08\x37\x62\x0F\xA4\x06"
"\xA7\x9A\x84\x72\x90\xD6\xD6\xC4\xE2\x0E\xC9\x7B\xCE\x1D\x39\xA0\x92\x11\x8D\x68\x23\xB9\xF9\x76\x66"
"\x38\x0E\xDE\x0F\x10\x99\x18\x07\x5C\x20\xBB\xAF\xB8\xC2\xE3\x17\x41\x73\xBE\xFA\x49\x47\x23\x9C\xB6"
"\x46\x28\x57\x07\x3E\x69\x11\xFD\x00\x02\x5C\x70\xBB\x77\x13\x7A\x02\x00\x00\x00\x00\x49\x45\x4E\x44"
"\xAE\x42\x60\x82"
}
};

static const binfile_t banner_lnx = {"banner_lnx.png", 367, {
"\x89\x50\x4E\x47\x0D\x0A\x1A\x0A\x00\x00\x00\x0D\x49\x48\x44\x52\x00\x00\x01\x10\x00\x00\x00\x18\x04"
"\x03\x00\x00\x00\xC0\x00\xBF\xFF\x00\x00\x00\x01\x73\x52\x47\x42\x00\xAE\xCE\x1C\xE9\x00\x00\x00\x04"
"\x67\x41\x4D\x41\x00\x00\xB1\x8F\x0B\xFC\x61\x05\x00\x00\x00\x06\x50\x4C\x54\x45\xFF\x00\xFF\xF8\xFC"
"\xF8\x2F\x1E\xE2\x05\x00\x00\x00\x09\x70\x48\x59\x73\x00\x00\x0E\xC4\x00\x00\x0E\xC4\x01\x95\x2B\x0E"
"\x1B\x00\x00\x00\xF2\x49\x44\x41\x54\x48\xC7\xED\x95\x5D\x0E\x84\x20\x0C\x84\xDB\x1B\xC0\xFD\x2F\xBB"
"\xC8\x4F\x3B\xAD\xBA\x89\x9B\xD1\xEC\x83\x7D\x30\x80\x05\xBE\xD0\x19\x90\x37\xFE\x3C\xB4\xB6\x28\xAD"
"\x51\x57\x03\x7F\x88\x8C\xEF\x8C\x2D\xA1\x8F\xAF\x4C\x4D\x93\x18\x20\x1A\x49\xD6\xB8\x22\x89\x8F\xC0"
"\x1C\x0E\x07\xAC\x35\xD6\xF7\x3D\x7B\x67\x9C\x40\x41\x10\x27\x61\x72\xE0\x62\x48\xB2\x9A\xED\x17\xEC"
"\x36\x1B\x48\xC2\xE2\x40\x10\x28\x0E\x28\x07\x65\x12\x33\x37\x12\x1A\x47\x38\x5E\x23\x09\xF5\x02\x99"
"\xA4\x4C\xDE\x71\x48\xD6\x9B\x3B\x05\x4A\xE4\xD5\x09\x62\x2E\x4A\x45\xD1\xEC\x95\xA8\xC1\x1A\x4C\xEC"
"\xC3\x2D\x4B\x84\x4A\x92\x94\xAF\xC9\x0B\x13\xC4\x2E\x15\x53\x50\x19\x8E\x62\x20\x9C\x59\xF0\xC8\xC5"
"\x56\x22\x17\x6B\xAB\x0C\x9A\xED\xF7\x38\x3E\x91\xC4\xE1\xBD\x9E\x76\xA7\x58\x73\x24\x30\x03\x49\x5B"
"\xDF\x4F\x72\x06\x12\x9E\x00\x2D\x7C\x12\xC5\x72\x95\x2F\x20\xF0\x2A\xEA\xEE\xF1\x7B\x14\xC4\x6E\x93"
"\x99\x42\x26\xB9\x00\xA2\x29\x83\x4B\x72\x01\x64\x77\xDD\x3D\xE0\x9D\x37\xDE\x10\x91\x0F\x80\xB7\x29"
"\xE7\xAD\xA8\xF4\x26\x00\x00\x00\x00\x49\x45\x4E\x44\xAE\x42\x60\x82"
}
};

static const binfile_t banner_md = {"banner_md.png", 308, {
"\x89\x50\x4E\x47\x0D\x0A\x1A\x0A\x00\x00\x00\x0D\x49\x48\x44\x52\x00\x00\x01\x10\x00\x00\x00\x18\x01"
"\x03\x00\x00\x00\x08\xE0\x30\x8F\x00\x00\x00\x04\x67\x41\x4D\x41\x00\x00\xB1\x8F\x0B\xFC\x61\x05\x00"
"\x00\x00\x01\x73\x52\x47\x42\x00\xAE\xCE\x1C\xE9\x00\x00\x00\x06\x50\x4C\x54\x45\xFF\xFF\xFF\xFF\x00"
"\xFF\xC6\x58\x08\x1E\x00\x00\x00\xCC\x49\x44\x41\x54\x28\xCF\x95\xD2\x3B\x0E\xC2\x30\x0C\x00\x50\x57"
"\x48\x09\x43\x14\x33\x32\xA0\xFA\x28\xB9\x12\x23\x5B\x23\x55\x4A\xC7\x1C\x81\xAB\x80\xB8\x48\xB9\x45"
"\x87\x88\xE2\xA2\x06\x8A\xD2\xD0\xE2\xC1\x43\xF4\xE4\xC8\x1F\xE8\x17\x03\x7A\x80\x03\x28\x40\xA0\x00"
"\x64\xA5\x32\x37\x90\x39\x82\x81\xD3\x26\x43\x14\x6C\x41\xAF\x21\xF2\x45\x34\xD5\x3F\x89\x84\x42\x53"
"\x93\x92\x15\x1D\x79\x1F\xCC\xE4\xE1\xDC\x50\x42\xD0\x2B\xD3\x55\x0F\x6A\x82\x71\x74\x47\xC4\x15\x04"
"\x70\x86\xC0\xFE\x58\x2E\x13\x1D\x89\x48\x89\x1C\x09\x37\x6D\xDC\xAE\x40\x47\x3C\x9E\xEF\x18\xAB\x88"
"\x29\x99\xFB\xE8\x14\xC9\x06\x2D\xE5\x3A\x72\x91\x5C\xCC\x02\x91\x39\x42\x5D\x25\x3E\x55\x70\x8E\xF0"
"\x1A\x07\x02\x82\x6A\x26\xE9\x1A\xD1\xEB\x81\xF0\x5C\x38\x5D\xB1\xAD\x6C\x86\x0C\xA3\xE3\x94\x27\x2A"
"\x92\x36\x43\x90\x49\xF9\x26\xBD\xC5\xBF\x4F\xEA\x09\x59\x06\xFF\x02\x83\x2A\xD2\x87\x00\x00\x00\x00"
"\x49\x45\x4E\x44\xAE\x42\x60\x82"
}
};

static const binfile_t banner_msx = {"banner_msx.png", 299, {
"\x89\x50\x4E\x47\x0D\x0A\x1A\x0A\x00\x00\x00\x0D\x49\x48\x44\x52\x00\x00\x01\x10\x00\x00\x00\x18\x01"
"\x03\x00\x00\x00\x08\xE0\x30\x8F\x00\x00\x00\x04\x67\x41\x4D\x41\x00\x00\xB1\x8F\x0B\xFC\x61\x05\x00"
"\x00\x00\x01\x73\x52\x47\x42\x00\xAE\xCE\x1C\xE9\x00\x00\x00\x06\x50\x4C\x54\x45\xFF\xFF\xFF\xFF\x00"
"\xFF\xC6\x58\x08\x1E\x00\x00\x00\xC3\x49\x44\x41\x54\x28\xCF\x85\xD3\xB1\x11\xC3\x20\x0C\x05\xD0\xCF"
"\xA9\xA0\xC9\xC5\x23\x90\x11\x5C\xBA\x0A\x19\xC5\x23\xA4\x4C\x17\x46\xD3\x28\x8C\x40\x49\xC1\x59\x11"
"\x76\x1B\x81\x5A\xBF\xC3\xF0\xF9\x40\xA6\x03\x11\x6A\x5E\x00\x2C\xCD\x59\xE4\x70\x95\x9A\x12\x5F\x69"
"\x44\x8A\x12\x2A\xDE\x22\x0D\xD5\x65\x25\x2E\x2F\x36\x29\x8E\x3B\xE1\x60\x93\xF7\x49\x90\xA2\x45\x2A"
"\x76\xB0\x7E\x05\xBE\x36\x79\x9C\x24\xC1\xCC\xA5\x9F\x86\x41\xC2\x6E\x48\x5E\x80\x64\x9A\x91\x68\xC5"
"\x22\xA0\x9E\xC9\xAE\x44\x57\x49\xF8\x3B\xD2\xC9\xA6\x57\x34\xD8\x4B\xCF\xE4\xA9\x64\x70\xA2\x4E\x82"
"\xE4\x65\x90\x0B\xAF\xD0\xE8\xF9\xAE\xDB\xB1\x48\x52\xA2\x0B\xDD\x90\xC2\x84\x6C\x8E\xCD\x9B\x4E\x9F"
"\xB3\x0B\x2B\x65\xB3\x2F\xB8\xC8\xEE\x8B\xD9\x3A\xB4\x5E\x3A\xFD\x4D\xB5\xBA\x7B\x5C\x24\x22\x34\x98"
"\x2F\x60\x36\x3F\x29\x07\x73\x29\x5B\x6D\x9C\xB9\x00\x00\x00\x00\x49\x45\x4E\x44\xAE\x42\x60\x82"
}
};

static const binfile_t banner_nes = {"banner_nes.png", 332, {
"\x89\x50\x4E\x47\x0D\x0A\x1A\x0A\x00\x00\x00\x0D\x49\x48\x44\x52\x00\x00\x01\x10\x00\x00\x00\x18\x04"
"\x03\x00\x00\x00\xC0\x00\xBF\xFF\x00\x00\x00\x01\x73\x52\x47\x42\x00\xAE\xCE\x1C\xE9\x00\x00\x00\x04"
"\x67\x41\x4D\x41\x00\x00\xB1\x8F\x0B\xFC\x61\x05\x00\x00\x00\x06\x50\x4C\x54\x45\xFF\x00\xFF\xF8\xFC"
"\xF8\x2F\x1E\xE2\x05\x00\x00\x00\x09\x70\x48\x59\x73\x00\x00\x0E\xC4\x00\x00\x0E\xC4\x01\x95\x2B\x0E"
"\x1B\x00\x00\x00\xCF\x49\x44\x41\x54\x48\xC7\xED\x94\x59\x0E\xC3\x20\x0C\x44\xED\x1B\x30\xF7\xBF\x6C"
"\xBD\x01\xA1\xA2\x52\x55\xB9\xC0\x07\x4E\x14\x5B\x30\x0A\x8F\x89\x09\xDD\xB8\xF1\x55\xA0\xC8\x2D\x8F"
"\xD9\xC4\xD2\x00\x1A\x08\x63\x98\xD8\x01\x42\x06\x03\xBD\x83\x4B\x8A\xC2\x58\x09\x03\x43\x50\x02\xB0"
"\x5C\x54\x4B\xE3\x19\x3D\xFA\x33\x48\x09\x14\x36\x10\xD4\x72\x03\x08\x3F\x41\x62\xE4\x00\x90\x8D\x8E"
"\x50\x07\x21\x6F\x56\x2F\xD6\x35\xAB\x76\x65\xCE\x9B\xB4\xB7\x7E\x0F\x3A\x2B\xEC\xAC\x22\x52\x89\x0F"
"\x22\x6D\xC3\x51\xE3\xA1\x08\xB9\xCD\x85\xDC\x0E\x5A\x0E\x88\x18\x2B\x6F\x96\xCC\xFA\x5F\xF3\x2C\x49"
"\x16\xB3\x87\xE6\xAA\xE8\x72\xAD\x7D\xC8\x24\x29\x20\xBE\x45\x05\xD0\x2D\xCE\x40\x9A\x82\xA8\x3B\xE7"
"\x3A\x20\x0F\x64\x74\x44\xCE\x49\x5B\x60\xE6\x08\x85\xB0\x02\xE7\x39\xC2\x7D\xBF\x1F\x1C\xE1\x37\x47"
"\x82\x54\x13\x27\x3A\x72\xE3\xC6\xF1\x41\xF4\x02\x21\x3A\x1B\x2A\xFF\x2D\xA5\xD2\x00\x00\x00\x00\x49"
"\x45\x4E\x44\xAE\x42\x60\x82"
}
};

static const binfile_t banner_ngp = {"banner_ngp.png", 465, {
"\x89\x50\x4E\x47\x0D\x0A\x1A\x0A\x00\x00\x00\x0D\x49\x48\x44\x52\x00\x00\x01\x10\x00\x00\x00\x18\x04"
"\x03\x00\x00\x00\xC0\x00\xBF\xFF\x00\x00\x00\x01\x73\x52\x47\x42\x00\xAE\xCE\x1C\xE9\x00\x00\x00\x04"
"\x67\x41\x4D\x41\x00\x00\xB1\x8F\x0B\xFC\x61\x05\x00\x00\x00\x21\x50\x4C\x54\x45\xFF\x00\xFF\xFF\xFF"
"\xFF\xFB\xFB\xFB\xF7\xF7\xF7\xCF\xCF\xCF\xF8\xFC\xF8\xF4\xF8\xF4\xBF\xBF\xBF\xF3\xF3\xF3\xE3\xE3\xE3"
"\xEB\xEB\xEB\xAD\x8C\x96\xDD\x00\x00\x00\x09\x70\x48\x59\x73\x00\x00\x0E\xBF\x00\x00\x0E\xBF\x01\x38"
"\x05\x53\x24\x00\x00\x01\x39\x49\x44\x41\x54\x48\xC7\xED\x96\xC1\x6D\xC3\x30\x0C\x45\x3F\x9B\x05\xC8"
"\x5B\xAE\xD9\xA4\x4B\x38\x7B\x74\x84\x6E\xD0\x11\x3A\x6A\xC4\xFF\x69\x5B\x45\x7B\x28\x50\x39\xD6\xA1"
"\x0C\x22\x84\xA1\xAD\xFF\x4C\x52\x84\xF1\x7B\x73\x84\x63\x0A\xB3\xC0\xE9\x76\x8B\x98\x22\x21\x91\x86"
"\x19\x38\xDA\x72\x3B\x9F\xA3\xF5\x86\x85\xDB\x04\x20\xAD\x3D\xA6\x01\xE1\x7A\xBA\xC5\xD3\x40\x52\xC4"
"\x2C\x4F\x86\x05\x0F\x69\xAE\x56\xCB\x0E\x42\xA7\x82\x79\x07\x2F\x31\x9E\xA8\x51\x20\x29\xC4\x47\x0E"
"\xFE\xE6\xD0\xA0\x56\xE0\xD2\xFE\x72\x56\xC7\xF6\xE0\x6B\x06\x1B\x8E\xEE\x06\x86\x83\xD4\x37\x91\xDC"
"\x4A\x43\x18\x21\x59\x03\x83\x61\x74\x47\x82\x2C\xCB\x72\x27\x04\x41\xDE\x40\x04\x5F\xF7\xBF\xA2\x7A"
"\x95\xA9\x10\xD5\x07\xB0\xD2\xEE\x20\xCB\x5F\xAD\x32\x92\x52\x29\xCF\x62\x5F\x6B\x7F\xD7\xD3\xAB\x45"
"\x50\x8E\xAF\x41\x73\x1C\x50\x9A\xFC\x64\xE7\x49\xB8\xF6\xDF\xFC\x3A\x31\x5F\x41\xA2\x2E\x19\x0D\xE2"
"\xB6\x67\x80\xC7\x21\xBA\x8C\xFC\x00\xC2\x93\x72\x40\x46\x9A\xFA\x56\x1A\x65\x84\xEB\x0A\x10\xDF\x41"
"\x0E\x2A\x4D\xB7\xB3\xCA\x2F\x90\x77\xA8\x57\x04\xD8\x07\x35\x6D\x0F\x03\x79\x91\x28\xE7\x97\x75\x10"
"\x54\xB7\x3E\xC8\x99\x36\x1E\x24\x25\x38\x59\x43\xED\xB7\x0D\x59\xF9\xD5\x24\x7D\xD0\x35\xFC\x06\x37"
"\x6B\x67\xF1\x49\xB2\x6D\x68\xD7\x6B\x99\x77\xCE\x0C\xAF\x8C\xFF\xF6\x2C\x03\x1E\xE2\xEA\x29\x72\xF3"
"\x48\x1E\x12\x00\x00\x00\x00\x49\x45\x4E\x44\xAE\x42\x60\x82"
}
};

static const binfile_t banner_openlara = {"banner_openlara.png", 299, {
"\x89\x50\x4E\x47\x0D\x0A\x1A\x0A\x00\x00\x00\x0D\x49\x48\x44\x52\x00\x00\x01\x10\x00\x00\x00\x18\x01"
"\x03\x00\x00\x00\x08\xE0\x30\x8F\x00\x00\x00\x04\x67\x41\x4D\x41\x00\x00\xB1\x8F\x0B\xFC\x61\x05\x00"
"\x00\x00\x01\x73\x52\x47\x42\x00\xAE\xCE\x1C\xE9\x00\x00\x00\x06\x50\x4C\x54\x45\xFF\xFF\xFF\xFF\x00"
"\xFF\xC6\x58\x08\x1E\x00\x00\x00\xC3\x49\x44\x41\x54\x28\xCF\xCD\xD2\xBB\x0D\x83\x30\x10\x06\xE0\x1F"
"\x6C\x01\x85\x85\x3D\x41\x2C\x36\x20\x3D\xCA\x59\xCA\x42\x4C\x90\x10\x65\x31\x46\x61\x04\xCA\x14\x11"
"\xE4\xEC\x50\xC5\x8E\x68\xB9\xFA\xD3\xBD\xB1\xEE\x06\x8E\x44\x16\x68\xCC\x24\x41\xD0\xE3\xEC\xCA\x31"
"\x07\xC5\xA4\x46\x7F\x92\xB0\x28\x99\x08\x26\x36\x26\x0A\xAD\xF2\x44\x0C\xBD\xCB\x98\xE8\x98\x54\x30"
"\x95\xEC\xBE\x04\x29\xB2\x4E\x73\x07\xC8\x8B\x15\x4F\xB4\x6E\xBA\x2E\x3A\x45\x6E\x4C\x3A\x0A\x64\x76"
"\xC5\x5F\x82\x3B\x84\x0A\x24\x2E\x94\x6D\x84\x50\x28\x13\x88\xC5\x4F\x84\x2C\x0D\xF7\x82\x7A\x23\x94"
"\x6C\xB7\x91\xC4\x04\xC6\xB7\x9B\x22\x2F\x18\x9F\x25\x97\x80\x1F\x5A\xD9\x98\xBC\xD1\x9E\x79\x75\x82"
"\xAB\xFA\xD5\xA9\xC4\x44\x0B\x7A\x0A\x84\xE0\x0F\x90\x22\xEB\x23\x9C\x51\x0C\x4C\xF8\x8C\xB5\x3E\xF2"
"\xD7\xED\x93\x0F\xBF\xC4\x5D\x89\xBC\xE9\xEE\x82\x00\x00\x00\x00\x49\x45\x4E\x44\xAE\x42\x60\x82"
}
};

static const binfile_t banner_opentyrian = {"banner_opentyrian.png", 286, {
"\x89\x50\x4E\x47\x0D\x0A\x1A\x0A\x00\x00\x00\x0D\x49\x48\x44\x52\x00\x00\x01\x10\x00\x00\x00\x18\x01"
"\x03\x00\x00\x00\x08\xE0\x30\x8F\x00\x00\x00\x01\x73\x52\x47\x42\x00\xAE\xCE\x1C\xE9\x00\x00\x00\x04"
"\x67\x41\x4D\x41\x00\x00\xB1\x8F\x0B\xFC\x61\x05\x00\x00\x00\x06\x50\x4C\x54\x45\xFE\xFF\xFE\xFF\x00"
"\xFF\xB5\xB8\xBC\xDE\x00\x00\x00\xB6\x49\x44\x41\x54\x28\xCF\x63\xF8\x4F\x10\x30\x10\xAD\xE4\x0F\x3F"
"\x41\x25\x3F\xD8\xF1\x29\xF9\xC3\x00\x34\xE1\xC7\x73\x7C\x4A\x7E\x30\xC8\x03\x69\xFC\x4A\xFE\x18\x34"
"\x38\x14\x3C\x7E\x60\x8F\x5B\xC9\xC7\x1F\x09\x13\x0E\x18\x1E\x3E\x20\x8F\x4F\xC9\x81\x09\x3D\x86\x07"
"\xF1\x29\xF9\xF9\xA1\xE1\x63\x8F\xF2\xCC\x63\x72\x78\x3C\xFD\xB1\x25\x59\x22\x59\xA2\xCF\xAE\x1E\xB7"
"\x92\x87\x3D\xE9\x02\xCF\x2C\x7A\xEC\x71\xB9\x97\x81\xE1\xFF\x03\x3E\x3E\xC3\x23\x15\x32\xF5\xF6\x0C"
"\x38\xC0\xFF\xFF\x1F\xF8\xF8\x0C\x78\x78\x2C\xEA\xEC\x71\x5B\xF4\x43\x5E\xC6\x82\x83\xE5\xC7\x9F\x7A"
"\x7C\x71\x04\xF2\xEF\x07\x06\x7C\x4A\xFE\x81\x94\x3C\x60\xC0\x17\xD3\x7F\x40\xAE\x78\xC0\x8C\x4F\xC9"
"\x3F\x7B\x82\x49\x8A\x08\x25\xFF\xA9\xA3\x64\x3E\xA5\x39\x00\x00\x04\x12\xDB\xC0\x22\x19\x9F\xAC\x00"
"\x00\x00\x00\x49\x45\x4E\x44\xAE\x42\x60\x82"
}
};

static const binfile_t banner_pce = {"banner_pce.png", 339, {
"\x89\x50\x4E\x47\x0D\x0A\x1A\x0A\x00\x00\x00\x0D\x49\x48\x44\x52\x00\x00\x01\x10\x00\x00\x00\x18\x04"
"\x03\x00\x00\x00\xC0\x00\xBF\xFF\x00\x00\x00\x01\x73\x52\x47\x42\x00\xAE\xCE\x1C\xE9\x00\x00\x00\x04"
"\x67\x41\x4D\x41\x00\x00\xB1\x8F\x0B\xFC\x61\x05\x00\x00\x00\x06\x50\x4C\x54\x45\xFF\x00\xFF\xF8\xFC"
"\xF8\x2F\x1E\xE2\x05\x00\x00\x00\x09\x70\x48\x59\x73\x00\x00\x0E\xC4\x00\x00\x0E\xC4\x01\x95\x2B\x0E"
"\x1B\x00\x00\x00\xD6\x49\x44\x41\x54\x48\xC7\xED\x56\x5B\x0E\xC3\x30\x08\xB3\x6F\x00\xF7\xBF\xEC\x30"
"\x0F\x4D\x93\xB6\xCF\x86\x4A\x9D\x85\x28\x55\x3E\xE2\x1A\x87\x14\x7F\xFC\x00\xDD\x3D\x1E\xCA\x2A\xDD"
"\xB0\x04\xE6\xE6\x99\xA9\xF7\x35\x22\xA5\x42\x66\x11\x21\xB6\x20\x16\xC6\x0C\xEB\x36\xAD\x80\x8E\x24"
"\xA2\xDA\xF6\xE4\x48\x22\x11\x65\x51\x5B\xF3\x07\xCA\x22\x4D\x84\x50\x35\xD6\xAD\x05\x1E\xEB\x55\xB9"
"\x34\x77\xA3\xC2\x3A\x55\x9F\xA4\xD1\x19\x99\xD8\xDF\x1D\x61\x43\x04\xD2\x05\x7D\x86\xFC\x90\x71\x58"
"\x4D\x49\x5D\xF2\xF8\x34\x07\x06\x25\x1D\xA5\xAC\x2E\x46\x99\xA3\x9A\x92\x75\x4B\x42\x35\xC4\xAA\x60"
"\xAC\x10\x7E\x29\x86\xCD\x90\x92\x2B\x3C\xE9\x68\xE7\xC8\xC5\x68\x61\xC4\xD5\x80\x67\x4F\x93\x91\x64"
"\xE1\xF2\xF9\x46\x44\x7A\x9D\x27\xE2\x33\x53\xFA\xF2\x09\x39\xEA\x46\x5C\xC4\xEA\xB0\x7F\x43\x93\x05"
"\x37\x40\x8E\x54\xDC\x00\x06\xAC\xFD\x0C\x7C\xC0\xFD\x1E\x3C\x1E\x0A\xE0\x05\x8E\xB4\x13\x4B\xA6\x5B"
"\x35\xA2\x00\x00\x00\x00\x49\x45\x4E\x44\xAE\x42\x60\x82"
}
};

static const binfile_t banner_pico8 = {"banner_pico8.png", 222, {
"\x89\x50\x4E\x47\x0D\x0A\x1A\x0A\x00\x00\x00\x0D\x49\x48\x44\x52\x00\x00\x01\x10\x00\x00\x00\x18\x01"
"\x03\x00\x00\x00\x08\xE0\x30\x8F\x00\x00\x00\x01\x73\x52\x47\x42\x00\xAE\xCE\x1C\xE9\x00\x00\x00\x04"
"\x67\x41\x4D\x41\x00\x00\xB1\x8F\x0B\xFC\x61\x05\x00\x00\x00\x06\x50\x4C\x54\x45\xFE\xFF\xFE\xFF\x00"
"\xFF\xB5\xB8\xBC\xDE\x00\x00\x00\x76\x49\x44\x41\x54\x28\xCF\x63\xF8\x4F\x10\x30\x50\x4B\x09\x03\x1F"
"\x83\x7C\x43\x3D\x83\xFC\xFF\x03\xCC\x38\x94\xFC\x03\x29\x61\xA8\xC3\xA7\xE4\x0F\x50\x89\x1C\x43\x0D"
"\x3E\x25\x3F\x64\xF8\x0F\xFC\x91\xFF\x61\x23\xFF\xFF\xF8\x63\x6A\x28\x69\x27\xAC\x84\x1D\xA7\x12\x06"
"\x88\x12\x19\x3E\x06\x66\xB2\x95\x30\x20\x2B\xF9\xC0\x80\x0D\x10\x65\x11\x30\xCC\xC0\xCE\xFD\x87\xDB"
"\xB9\xF4\x53\xF2\x8F\x41\x86\xA1\x82\xC1\xFE\x1F\x1E\xE7\x42\x94\xD4\x13\x56\xF2\x1F\xB7\x12\x3A\x25"
"\x6F\x00\x99\xCC\xA1\x47\x10\x73\xC9\x57\x00\x00\x00\x00\x49\x45\x4E\x44\xAE\x42\x60\x82"
}
};

static const binfile_t banner_quake = {"banner_quake.png", 235, {
"\x89\x50\x4E\x47\x0D\x0A\x1A\x0A\x00\x00\x00\x0D\x49\x48\x44\x52\x00\x00\x01\x10\x00\x00\x00\x18\x01"
"\x03\x00\x00\x00\x08\xE0\x30\x8F\x00\x00\x00\x04\x67\x41\x4D\x41\x00\x00\xB1\x8F\x0B\xFC\x61\x05\x00"
"\x00\x00\x01\x73\x52\x47\x42\x00\xAE\xCE\x1C\xE9\x00\x00\x00\x06\x50\x4C\x54\x45\xFD\xFE\xFD\xFF\x00"
"\xFF\x1C\xF9\x48\x2E\x00\x00\x00\x83\x49\x44\x41\x54\x28\xCF\x63\xF8\x4F\x10\x30\x0C\x39\x25\x07\x3F"
"\x3E\xFE\xFC\xF1\x19\x23\x3E\x25\x0D\x1F\x1F\x3F\xFC\x78\x0C\xAF\x12\x99\xC2\xC7\x07\x3E\xF6\xD9\xE3"
"\x51\xF2\xCF\xCE\xF0\xF1\x99\x8F\x72\x78\x95\xD4\x03\x95\x7C\xB0\x23\xA4\xA4\xA7\xC0\x8E\x19\xB7\x12"
"\x06\x98\x92\x7F\x0C\xB8\x00\xD8\x94\x86\x42\x39\x42\xCE\x65\x30\xC4\xEB\xA3\xFF\x32\x05\x87\xE5\x0C"
"\x8F\xE1\x55\xD2\x50\xC1\x26\x27\x78\x08\x6F\xD0\x1D\xF8\xC3\x67\x2F\xF8\x08\xAF\x92\x0F\xF5\x04\xA3"
"\xF1\x8F\x3D\x41\x25\xFF\xE4\x09\xA7\x17\x79\x7A\xA4\x3A\x00\x35\xF0\xE5\x16\x1E\x3D\x08\x4E\x00\x00"
"\x00\x00\x49\x45\x4E\x44\xAE\x42\x60\x82"
}
};

static const binfile_t banner_recent = {"banner_recent.png", 441, {
"\x89\x50\x4E\x47\x0D\x0A\x1A\x0A\x00\x00\x00\x0D\x49\x48\x44\x52\x00\x00\x01\x10\x00\x00\x00\x18\x04"
"\x03\x00\x00\x00\xC0\x00\xBF\xFF\x00\x00\x00\x01\x73\x52\x47\x42\x00\xAE\xCE\x1C\xE9\x00\x00\x00\x04"
"\x67\x41\x4D\x41\x00\x00\xB1\x8F\x0B\xFC\x61\x05\x00\x00\x00\x09\x50\x4C\x54\x45\xFF\x00\xFF\xFF\xFF"
"\xFF\xFD\xFD\xFD\x77\xBD\x34\xD8\x00\x00\x00\x09\x70\x48\x59\x73\x00\x00\x0E\xBF\x00\x00\x0E\xBF\x01"
"\x38\x05\x53\x24\x00\x00\x01\x39\x49\x44\x41\x54\x48\xC7\xED\x94\x6D\x12\x84\x20\x08\x86\xE1\x06\x72"
"\x85\xEE\x7F\xC8\x55\xBE\xC4\x4A\xB7\x74\xDA\xD9\x1F\xBD\xD3\xB8\xAD\x04\x3E\x02\x0A\xAF\xFE\x5C\x48"
"\x59\x5F\xBE\xA1\x14\xDE\xB3\x52\x3B\xD5\x86\x5B\x02\x49\x23\x8A\x23\x08\x3D\x06\x42\x23\xFB\x09\x48"
"\x7A\x00\xA4\x44\x1C\x79\x67\x7B\x34\xF3\x3B\xA5\xAE\xC7\x30\xB9\x97\x40\x90\xD3\x12\xC6\x3C\x49\xE5"
"\xE1\x55\xBD\x2D\x02\x88\x97\x88\x59\x79\x9E\xD2\x1A\x48\x8E\x52\x2A\x94\x0E\x63\x0E\xEC\x20\x92\x84"
"\x0A\x22\x5D\x2E\x86\xE8\x31\x0D\xE2\x35\xB7\x14\x78\x70\x9E\x55\x43\x04\xC1\xC0\xD6\x8C\xE5\x59\x06"
"\x81\x10\xD0\xEA\xA2\x35\x40\x23\x02\xEF\x6D\xD4\x3F\x6A\x88\xDE\x93\xD2\x6B\x44\xE2\xDB\xA6\x9B\xA4"
"\x83\x2C\xA6\x4B\x84\x43\x83\xF2\x95\x55\x89\x24\x59\x13\x0C\x5B\x96\xAD\x75\x0F\x44\xA6\xA8\x03\xB2"
"\xDD\x94\x65\x04\x76\x9D\x68\xBB\x6A\x40\xD0\x8E\x83\xFF\x68\x0B\xB1\x21\xB6\x0F\x4C\x4A\xBD\x6B\xA8"
"\xBA\x77\x6B\xC3\x1E\x08\x9C\x80\xD0\x2A\x88\xA7\xBF\x29\x85\x1F\x1A\xBD\x27\x1C\x44\x3E\xC4\x7A\x81"
"\x88\x07\xA7\x69\x52\xEC\xA9\x15\x87\x38\xA2\x77\x82\x9E\x58\xE7\x36\x10\xBD\x3B\x38\x80\xFB\x2D\x83"
"\xC8\x0D\xA0\x1B\x27\xCD\x83\xEC\xF8\x1C\x44\xAF\x51\x35\x90\x78\x2F\x5C\xAC\x17\xD5\x6D\xC2\xF9\xEE"
"\x9C\x53\xB7\x09\xE9\xB7\x20\xDD\xDA\xD3\xE3\xB5\xD8\xAF\x77\xD7\xF0\x6A\x5A\x00\x1F\xFB\x48\x28\xD1"
"\xF5\xFD\xB3\x15\x00\x00\x00\x00\x49\x45\x4E\x44\xAE\x42\x60\x82"
}
};

static const binfile_t banner_rott = {"banner_rott.png", 363, {
"\x89\x50\x4E\x47\x0D\x0A\x1A\x0A\x00\x00\x00\x0D\x49\x48\x44\x52\x00\x00\x01\x10\x00\x00\x00\x18\x01"
"\x03\x00\x00\x00\x08\xE0\x30\x8F\x00\x00\x00\x01\x73\x52\x47\x42\x00\xAE\xCE\x1C\xE9\x00\x00\x00\x04"
"\x67\x41\x4D\x41\x00\x00\xB1\x8F\x0B\xFC\x61\x05\x00\x00\x00\x06\x50\x4C\x54\x45\xFF\xFF\xFF\xFF\x00"
"\xFF\xC6\x58\x08\x1E\x00\x00\x01\x03\x49\x44\x41\x54\x28\xCF\xAD\xD2\x3F\x4E\xC3\x30\x14\x06\xF0\xCF"
"\x72\xD4\xD7\x01\xC9\x20\x16\x86\x88\x94\x1B\x64\xCC\x60\x15\x21\xD8\xB9\x02\x59\x3A\x33\x76\xA3\x51"
"\x86\x72\x08\xEE\x82\xB3\x71\x0C\x5B\xBD\x80\xD9\x3C\x54\x98\x97\x8C\xE8\xA5\x30\xF0\xE6\x9F\xFC\xFE"
"\xF8\x43\xFE\xB5\xF0\x47\x82\xFC\x7E\x92\x38\x53\x00\xEB\xB3\x73\x2C\x55\x48\xD7\x20\x89\x10\xAE\x60"
"\x1F\x98\x60\x24\x5A\x20\xBE\x87\x45\xE3\x9F\xB1\x5C\x85\x58\x51\x27\x91\x01\x96\x1A\x7F\x81\xD7\xBA"
"\x8D\x86\x9C\x4C\x4A\x4A\xFE\xB2\xFB\xA8\xDB\xCF\x59\x62\x98\xBC\x74\xA9\x0E\x07\x43\x5E\x26\xC4\x8D"
"\x98\xAC\x66\x49\x5F\x68\xDE\x88\x09\xC2\x81\x64\xA2\x49\xF1\x5D\x98\xA8\xE0\x44\x02\x4F\xB4\xC3\x6D"
"\xCE\x5D\xD2\x13\x39\xE2\x67\x65\x26\x6E\x51\x2F\xEE\xE6\x5F\x19\x89\xA7\x38\x12\x84\x5E\xCF\xCC\x52"
"\x44\x7A\xDB\x3C\x8E\x1B\xED\x35\x0D\xF2\x07\x24\x2A\x9F\xEE\xF9\x2E\xED\xBE\x93\xC9\x80\x84\x89\x34"
"\x37\xB4\xA3\x5E\x22\x1E\x5B\x26\xDC\xC8\x2A\xE3\xC4\x30\xF8\xC8\x7B\x95\x1B\x1E\xD7\x82\x89\x91\xF2"
"\x92\xA0\x26\x92\xBF\xAA\xB9\x60\x1E\xD7\x3A\x57\xFF\x10\xEF\xD3\xF5\x0D\x82\x3D\x6B\xF9\x8F\x32\x69"
"\x62\x00\x00\x00\x00\x49\x45\x4E\x44\xAE\x42\x60\x82"
}
};

static const binfile_t banner_sm64 = {"banner_sm64.png", 1087, {
"\x89\x50\x4E\x47\x0D\x0A\x1A\x0A\x00\x00\x00\x0D\x49\x48\x44\x52\x00\x00\x01\x10\x00\x00\x00\x18\x08"
"\x03\x00\x00\x00\x05\xF0\x52\xFE\x00\x00\x00\x3C\x50\x4C\x54\x45\xFF\x00\xFE\xFF\x00\xFF\xFF\xFF\xFF"
"\xFC\x01\xFF\xFE\x01\xFC\xFD\x02\xF9\xFF\xF9\xFF\xFA\xFE\xFD\xFA\xFE\xF8\xF8\x03\xFB\xFF\xF4\xFF\xF6"
"\x07\xF5\xF9\xF9\xFA\xF7\x04\xF8\xFF\xFD\xF9\xF3\x05\xF0\xF5\xF8\xF2\xEE\x59\xEC\xF0\x0F\xF2\xE0\x6F"
"\xDC\x31\x06\x0C\xA5\x00\x00\x03\xBE\x49\x44\x41\x54\x58\xC3\xCD\x98\x8B\x92\xDB\x20\x0C\x45\x05\x42"
"\x60\xC0\x8F\xB4\xFD\xFF\x7F\xED\x15\x32\x89\x89\xD3\x76\x32\x9B\xED\xF8\x7A\x1D\xB3\xBC\xD6\x3A\x91"
"\x84\x66\xC9\x39\x47\x8E\x48\xA4\x66\xCE\xCB\x52\x97\xBA\xFD\xDC\x2A\x24\x55\xD0\xE3\x84\x73\xDE\xEA"
"\x86\x7E\xDE\x44\x30\x6F\xC9\x99\x75\x91\x84\xB6\x96\x28\x38\xB4\x28\xEB\xEF\x2C\x0B\x73\x16\x74\x4A"
"\x45\x13\x13\x99\x45\xC4\xB9\x2C\x75\x71\x0E\xCD\xE0\x28\x08\xE9\x06\xDA\xD0\x35\x17\x53\x07\x12\x36"
"\x97\x97\x4A\xFF\x4D\xED\xAF\x8A\xE8\xF3\x4B\xD7\xC7\x45\xDF\x26\xE6\xBF\xF0\x5D\xD8\x41\x21\xA8\x9F"
"\x7C\xE9\x82\xDC\x47\x2F\x0A\x41\x7F\x9C\x99\xE0\x9F\xC4\xA4\xBA\x77\xD3\xAE\x71\xBC\x77\x9D\x17\x67"
"\x82\xC9\x88\xC1\xE7\x09\x0A\x44\x83\x85\x99\x01\xE4\x6B\xE2\x0F\x8B\xB0\xA5\x02\x11\xE0\xE0\x17\x46"
"\xA9\xFE\x09\x84\x5B\xCF\x19\x48\x65\x27\x82\x40\x3C\x03\x91\x45\x32\x5C\x04\x3C\xF8\x3D\x85\x20\x83"
"\xBE\x05\x08\xCC\x72\x0C\x95\xD9\x8F\x8A\x45\x89\xC0\x43\x12\xAE\xA6\x6E\x5B\x9B\x59\xEE\x40\x74\x6E"
"\x2C\x27\x20\x0B\x8B\x3C\xDC\xA3\x94\x18\x53\x4A\x51\x77\x61\x52\x20\x2D\x60\xDE\x54\x78\x12\x7D\x5E"
"\x1D\x88\x2F\x49\x11\xF8\x7B\x77\x2C\xC5\x7C\xC4\xCF\x31\xAE\xAB\x87\xBA\x3B\x24\x3F\x63\x72\x03\xC2"
"\x66\xAF\x5A\xFA\xBC\x6D\xFB\x42\x3B\x90\x35\xC6\x07\x10\x31\x14\x41\x84\xBE\x9A\xF3\xBE\x21\xA9\xEA"
"\x83\xA9\x01\xB1\x6F\xBD\x9B\xD3\x83\x06\xD6\xAE\xEB\x3A\xA5\x46\x04\xBD\x51\xED\x4F\x3A\x77\xC8\x3C"
"\x58\xF3\x50\xAD\x2C\x92\x97\x7B\xB0\x4C\x29\xB2\x8F\x09\xD2\x4D\xB2\xD3\xCC\x85\xFB\xED\x73\xF7\x9B"
"\x79\xD8\x7B\xED\x40\x22\x5E\x38\x1A\x90\x9F\xB0\xF3\x47\x53\x03\x33\x4D\x00\x92\x6E\xC6\xC7\x47\x34"
"\x6E\x53\xF3\x90\x1E\x2F\xCA\xE8\x74\x90\x54\x57\xEF\xF1\x92\x26\x4C\xC6\xFE\xE0\xD2\x80\x70\x10\x2B"
"\x67\x2E\x29\xBC\x58\xF3\x10\xE4\x86\xDD\x43\xA0\xFD\x69\x40\xA0\x9B\x65\x0E\xF3\x87\x39\x1D\x80\xAC"
"\xC0\x75\x06\x42\x2C\xDB\x90\x80\x01\x04\x1B\xCD\x2D\x28\x6B\x16\x0E\xEC\xAE\x48\x04\x2C\xD8\x80\x74"
"\xD7\xA7\x5F\x34\x48\x81\xAC\x13\x00\x80\x80\xA9\xF8\x74\x00\xD2\xCC\x8C\x7E\x14\x77\xA2\x87\x0E\x82"
"\x6F\x4D\x86\xAE\x72\xCE\x5A\xD9\x5E\xB0\x90\x72\x26\x6E\x41\xF3\x2C\xE6\x1D\x08\x04\xF7\xE8\xD6\xC1"
"\xB2\x19\x3D\xFE\x01\x04\x78\x0E\x2A\xC8\xCD\x96\xAC\xC7\x9D\x3C\x52\xF3\x6D\xB5\xD4\xBC\x5C\xAE\x68"
"\x37\xD1\x50\x63\xF8\x72\x22\x02\x4E\xED\xD8\x4D\xDE\x80\x44\x03\x92\x0E\x40\x22\x9A\x71\x00\x52\x22"
"\xC6\x3A\x90\xDB\x1A\x4B\xAF\x5F\x66\x80\x34\x20\x08\xA0\x4B\x8A\x46\xD7\x1B\xC6\x22\x52\xCA\x0E\x64"
"\x6E\x44\x6C\x1C\x0F\x30\x18\x81\x0C\x39\xC4\xC7\x88\x23\xA9\xEC\x40\x6E\xED\x30\x37\x4D\xB6\x0F\xC4"
"\x7C\x55\x0F\xB9\x37\x98\x46\x79\x28\x15\x6F\x40\x60\x49\x39\x00\xB1\x28\xE9\x40\x12\x34\x00\x29\x2B"
"\x7C\xCA\x80\x94\x82\x04\x5C\xF0\x69\x40\x74\xA3\xCB\x03\x11\x7D\x56\xE2\x2E\xDA\x35\x00\x49\x93\x99"
"\xAC\x3C\x0C\x48\xBA\x03\x81\xF5\x4F\x40\xE2\x3C\xCF\xB1\x01\x19\xD4\xC0\xA6\x1E\xA1\x72\x49\x24\x84"
"\x9F\x76\xF7\x94\x7A\x04\x12\x71\x35\x20\x70\x82\x79\x30\x19\x63\x73\x3A\x26\xD5\x11\x08\x88\x98\x87"
"\xF0\x41\x6D\xD5\xD1\x97\x3E\x74\x4A\xB8\x0F\x5E\x06\xC3\x3E\xB8\x13\xE9\x66\xA9\xCA\x0E\x04\xD6\xF7"
"\xA2\x7E\x59\x74\x2C\xC5\x18\x77\x20\x56\xBA\x8E\x1E\xD2\xC8\xBE\x08\xC2\x78\x28\xE1\x9C\xBB\x64\x1D"
"\x12\x44\x42\x30\x17\xB1\x9A\x73\x14\xEF\x40\x7C\xDA\x0B\xAA\xCC\xD9\x4C\x7B\x00\xC1\xF8\xA8\x36\xD4"
"\x80\x6C\x27\x20\x53\xB4\x7D\x28\x63\x42\xA0\xEB\x49\xA0\x40\x2E\xA0\xF9\xAA\x10\x21\x03\x62\x82\x21"
"\xC2\x24\x63\xB5\xA5\xB7\x3F\x69\xAF\x55\xAB\xF2\x26\x25\x8E\x69\xC3\x60\xBE\x2A\x90\x00\x49\x7F\x31"
"\x3E\x99\x35\x02\xA9\x8B\x04\x79\x01\xE4\xC7\x19\xA4\x01\x09\x0E\x40\x20\xC4\x47\x3E\x00\xA9\x2E\x64"
"\xA1\xEB\x4A\xDF\x18\x76\x2F\xF4\x5A\x4C\x7F\x52\x07\xF2\xF6\x42\xA8\x01\xB9\x60\x0E\x19\x5E\xE9\x6D"
"\x20\x8C\x5B\x86\x1D\x6A\xDD\xEA\xCF\x36\x96\x33\x6B\xA8\x70\x68\xA2\xCC\xC3\x3F\xB1\xB3\x5C\x34\xAB"
"\x3A\x95\xC6\x81\xB0\x13\xE1\x45\x16\x81\x42\xBB\xD1\x21\x6A\x49\xCE\x0E\xF7\x92\x45\xC3\x8B\x33\x0B"
"\x1A\xFC\x67\x56\x5C\x6B\x95\x97\xA3\xAD\xD7\xD2\xE9\x55\x81\xFC\x06\x62\x4B\x28\xE1\xDF\x6E\x27\x03"
"\x00\x00\x00\x00\x49\x45\x4E\x44\xAE\x42\x60\x82"
}
};

static const binfile_t banner_sms = {"banner_sms.png", 495, {
"\x89\x50\x4E\x47\x0D\x0A\x1A\x0A\x00\x00\x00\x0D\x49\x48\x44\x52\x00\x00\x01\x10\x00\x00\x00\x18\x04"
"\x03\x00\x00\x00\xC0\x00\xBF\xFF\x00\x00\x00\x01\x73\x52\x47\x42\x00\xAE\xCE\x1C\xE9\x00\x00\x00\x04"
"\x67\x41\x4D\x41\x00\x00\xB1\x8F\x0B\xFC\x61\x05\x00\x00\x00\x06\x50\x4C\x54\x45\xFF\x00\xFF\xF8\xFC"
"\xF8\x2F\x1E\xE2\x05\x00\x00\x00\x09\x70\x48\x59\x73\x00\x00\x0E\xC4\x00\x00\x0E\xC4\x01\x95\x2B\x0E"
"\x1B\x00\x00\x01\x72\x49\x44\x41\x54\x48\xC7\xED\x96\x51\x8E\xC3\x20\x0C\x44\x3D\x37\xB0\xEF\x7F\xD9"
"\xC5\x33\x36\x41\x51\x55\xAD\x16\x1A\xED\x47\xFD\xD1\x06\xD2\xE2\x97\x19\x6C\x62\xDF\xF8\xE7\x11\x19"
"\x86\xFC\xF4\x1A\xD8\x18\x3E\xCE\x01\xE5\xE6\xA7\xA3\x41\x12\xEA\xE1\x50\xC6\x52\xA0\xD3\x23\x34\x91"
"\x50\x78\xC1\x84\x0F\x70\x4A\x0C\x50\x0C\xD7\x80\x40\x4C\x85\x58\x5D\x8A\xF5\x4F\x8D\x7C\x8C\x28\x20"
"\x10\xEE\x11\x0D\x32\x91\x43\x20\x4E\x55\x6E\x20\xE3\x1E\x3E\x00\xC2\x8C\x43\x8C\x39\x20\xDD\x0A\x52"
"\x5F\x25\x55\x30\x7B\x5E\x8D\xF9\x64\x8A\xBC\xB2\x5D\xB7\x28\x82\x51\x91\x5C\xDA\x55\x42\xB5\x49\xC6"
"\x3D\x90\xA0\xBC\x83\x13\x11\x13\x89\x7E\xE6\x04\xC2\x37\x0B\x4D\x8B\xDD\x40\x32\x15\x41\x32\x4B\x83"
"\xF0\x82\x33\xA5\x4A\xD4\x3C\x85\x8C\x5D\x97\x52\x51\x5C\x96\xA4\xE8\x9D\x9F\x20\x7A\xD2\xBA\x11\xE5"
"\x61\x2A\xA5\xDD\x73\x04\x64\x76\xB2\x52\x42\x8A\xE4\x83\x13\xC4\xAD\xA5\xA1\x3D\x51\xE2\xD1\x01\x94"
"\x23\xDE\x96\x99\x74\xFC\x53\x5C\x38\x7E\x07\x29\xC9\x1B\x44\xC0\x2E\xBB\xBA\xE3\x48\x93\xFE\xDD\xBE"
"\x35\x66\x97\x13\x73\x2B\x94\xDC\xB9\x76\x0B\x6F\xB8\x40\x50\x88\x66\x07\x41\xE2\x52\x44\x7D\x44\x85"
"\x11\x2C\x1B\xAE\x2D\xAC\x06\xF1\xA8\x3E\x32\xEE\x7B\x81\xE0\x14\x88\xAD\x9D\xD5\x25\x4B\xD8\x04\x31"
"\x15\xAE\x73\x1B\xB8\x9A\x2D\xBB\x9E\xDA\x4D\x9C\xA9\x9A\x8C\x3E\x5A\xD4\x94\xA6\x4F\xF3\xAC\x91\x44"
"\xCC\x1F\x50\x99\xB1\xB7\xB2\xD1\xE5\x96\xE5\x74\xEC\x35\x92\x58\xCE\xFF\xDE\xF6\x75\xE6\xBC\x7F\x42"
"\x1C\x3E\xF7\xAA\x80\xD6\xF7\x91\xDF\x80\xC0\x9F\x7F\x63\x79\x19\x78\xFE\x85\xE5\x1B\x4F\x87\xD9\x0F"
"\x61\xA4\x28\x20\x7F\x8C\x90\xBB\x00\x00\x00\x00\x49\x45\x4E\x44\xAE\x42\x60\x82"
}
};

static const binfile_t banner_snes = {"banner_snes.png", 479, {
"\x89\x50\x4E\x47\x0D\x0A\x1A\x0A\x00\x00\x00\x0D\x49\x48\x44\x52\x00\x00\x01\x10\x00\x00\x00\x18\x04"
"\x03\x00\x00\x00\xC0\x00\xBF\xFF\x00\x00\x00\x01\x73\x52\x47\x42\x00\xAE\xCE\x1C\xE9\x00\x00\x00\x04"
"\x67\x41\x4D\x41\x00\x00\xB1\x8F\x0B\xFC\x61\x05\x00\x00\x00\x0C\x50\x4C\x54\x45\xFF\x00\xFF\xFF\xFF"
"\xFF\xF8\xFC\xF8\xF4\xF8\xF4\xFC\x2A\x4F\xA6\x00\x00\x00\x09\x70\x48\x59\x73\x00\x00\x0E\xC4\x00\x00"
"\x0E\xC4\x01\x95\x2B\x0E\x1B\x00\x00\x01\x5C\x49\x44\x41\x54\x48\xC7\xCD\x96\x61\x92\xC3\x20\x08\x85"
"\xE1\x06\x70\x85\xEC\xFD\xEF\xB8\x02\x0F\xD4\xB4\x93\xFD\xB1\xB8\x5B\xA6\xA3\x2D\xB1\x79\x5F\x88\x3E"
"\xA5\x4F\x0B\x1D\x41\x2A\xE3\xC3\xF6\x6D\x34\xE2\x29\xBB\x44\x96\x95\xE8\x35\x2E\x20\x89\xA1\xE3\x7F"
"\xCD\x20\xA6\xAA\xA5\x15\x0A\x6C\x78\xAE\xEA\xBD\xAA\x41\xD6\x8F\xA0\xE9\x04\x19\x82\x68\x42\x97\xA2"
"\x3E\x77\x90\x18\x53\x49\xD4\xEA\x3C\x08\xB9\x26\x03\x84\x7D\x00\x40\x72\x68\x2F\x88\xDF\x9F\x37\x1A"
"\x3C\xFB\x23\x08\x65\x59\x5A\x41\x5C\x47\xB2\x36\x77\x10\x9A\x20\xB2\x26\xB3\x70\xED\x20\x59\x9B\x7C"
"\x76\xB2\xF9\xE8\xAA\x3E\x1D\xB2\x5A\x48\x9E\x00\xC1\xB4\xFB\x09\x44\x5E\x40\x62\x58\x57\xF8\xFA\x48"
"\x10\x49\x10\x7B\xF7\xCA\x00\x61\x2C\x10\x07\xE1\x93\x20\xE5\x67\xC2\x8B\x3F\x0C\x4D\x05\x48\x50\xB8"
"\xC7\x20\x99\x34\x7D\xC1\xFA\x0C\x22\xEF\x40\xA4\x13\xE4\xBA\xAE\xAF\x05\x84\xCA\xE1\x39\x1D\xFE\x09"
"\x04\x65\xB1\xBB\xFC\x32\x0A\x08\x22\xE1\x09\x9B\xB1\x0E\x4D\x17\xB4\xBE\x8C\x35\x92\x94\x13\xB8\x31"
"\x54\xA6\x95\xDD\x40\x14\x20\xBA\x82\xE8\x1F\x38\x3C\xED\x0E\xBF\x82\xF0\x1D\xE4\xA0\xC3\x4F\x90\x30"
"\x56\x01\x88\xAC\x20\x91\x3C\xEC\xF0\x44\x9B\xC3\x43\x73\x82\xC8\x92\x3C\xEA\xF0\x44\x9B\xB1\xDA\x32"
"\x81\xE0\xDC\x0F\x91\xEC\x07\x91\xC5\xE1\x5F\x41\x72\xCB\x9F\x0E\x5F\x9B\x41\xB3\xB1\x72\x1D\xB5\x00"
"\x92\xFE\x70\x07\x49\x1B\x49\xEB\x8B\x53\xDA\x07\x80\xC8\x01\x10\x34\x92\x20\x58\x0D\xDB\xD1\xB9\x40"
"\x68\x05\x69\xF5\xB3\x7F\x0E\xA2\x6F\xD3\xF2\x39\xF4\xE0\x43\xB8\xA2\x00\x00\x00\x00\x49\x45\x4E\x44"
"\xAE\x42\x60\x82"
}
};

static const binfile_t banner_store = {"banner_store.png", 245, {
"\x89\x50\x4E\x47\x0D\x0A\x1A\x0A\x00\x00\x00\x0D\x49\x48\x44\x52\x00\x00\x01\x10\x00\x00\x00\x18\x08"
"\x06\x00\x00\x00\x32\x2E\xA2\xCC\x00\x00\x00\x04\x67\x41\x4D\x41\x00\x00\xB1\x8F\x0B\xFC\x61\x05\x00"
"\x00\x00\x01\x73\x52\x47\x42\x00\xAE\xCE\x1C\xE9\x00\x00\x00\x09\x70\x48\x59\x73\x00\x00\x12\x74\x00"
"\x00\x12\x74\x01\xDE\x66\x1F\x78\x00\x00\x00\x8A\x49\x44\x41\x54\x78\x5E\xED\xDB\x51\x0A\xC3\x20\x14"
"\x00\x41\xD3\x7E\xB4\xF7\xBF\xB0\x49\xC1\x0B\x74\x69\x09\x09\x33\x20\xEF\x06\x8B\x8A\x6E\x73\xCC\x39"
"\x00\x82\xC7\x9A\x00\x5F\x13\x10\x20\x13\x10\x20\x13\x10\x20\x13\x10\x20\x13\x10\x20\x13\x10\x20\x13"
"\x10\x20\x13\x10\xFE\xEB\xBD\x26\xB7\x74\xEE\x4B\xD4\xED\x58\xDE\xC1\xC2\x65\x9D\xBB\x03\x11\x0F\xB8"
"\x34\x47\x18\x20\x13\x10\x20\x13\x10\x7E\xEF\xB5\xE6\xC7\xF3\x58\x2E\x52\x6F\xCB\x77\x7E\x20\xB3\x03"
"\x01\x32\x01\x01\x32\x01\x01\x32\x01\x01\x32\x01\x01\x32\x01\x01\x32\x01\x01\x32\x01\x01\xA2\x31\x76"
"\x80\xE8\x0B\x3E\xDB\xDF\x1E\x4E\x00\x00\x00\x00\x49\x45\x4E\x44\xAE\x42\x60\x82"
}
};

static const binfile_t banner_wolf3d = {"banner_wolf3d.png", 311, {
"\x89\x50\x4E\x47\x0D\x0A\x1A\x0A\x00\x00\x00\x0D\x49\x48\x44\x52\x00\x00\x01\x10\x00\x00\x00\x18\x01"
"\x03\x00\x00\x00\x08\xE0\x30\x8F\x00\x00\x00\x04\x67\x41\x4D\x41\x00\x00\xB1\x8F\x0B\xFC\x61\x05\x00"
"\x00\x00\x01\x73\x52\x47\x42\x00\xAE\xCE\x1C\xE9\x00\x00\x00\x06\x50\x4C\x54\x45\xFF\xFF\xFF\xFF\x00"
"\xFF\xC6\x58\x08\x1E\x00\x00\x00\xCF\x49\x44\x41\x54\x28\xCF\xA5\xD2\x31\x0E\xC2\x30\x0C\x05\x50\x57"
"\x48\x30\xF6\x02\x3D\x04\x23\x1B\x57\x31\x13\x6B\x10\x4B\x27\xC2\xD1\x72\x03\xAE\xF0\x3B\xB1\x1A\xB1"
"\x74\xA8\x1A\x92\xA6\x05\x41\x93\x66\xC0\x19\xAC\x28\x4F\xB6\x62\x99\x6C\x36\x68\xCC\xDD\x2A\x4B\xA4"
"\x0C\x59\x27\x49\xCF\xE1\xAD\xD7\xB6\x4B\x90\x76\x24\x6D\x69\xCD\x9C\x5C\x45\x84\xC0\x6B\x62\x7F\x2A"
"\x32\x42\xBF\xC4\x04\x52\x05\xB2\xA3\xDB\x9C\x20\x10\x35\x10\x28\xEA\xE6\xC4\x09\x61\x30\x88\x99\x0F"
"\x50\xEC\xAA\xA6\x88\x72\x44\x43\xE1\x4F\x02\xAE\x37\x51\x42\x13\x39\x81\x2F\x05\x54\x33\xFC\xF0\x2B"
"\xDE\x55\xCE\x70\x7D\xA0\xEC\x42\x23\xED\x09\xE7\x48\xCD\x09\x02\xF8\xD1\xF9\xB9\xB8\xF1\x29\x8A\x11"
"\x63\x26\xC2\x29\xE2\x3E\x95\x25\x85\x27\xE1\xDA\x44\xB7\x4E\xC8\xED\x24\x8E\xE1\x7A\x8F\x93\xAD\xDB"
"\x49\xE8\xA5\xF5\x16\xD9\xC7\x1B\x7C\xC8\xF3\x91\x68\x30\xC5\x0B\xA7\xC9\xA5\x14\xEA\x35\x55\xC0\x00"
"\x00\x00\x00\x49\x45\x4E\x44\xAE\x42\x60\x82"
}
};

static const binfile_t banner_ws = {"banner_ws.png", 924, {
"\x89\x50\x4E\x47\x0D\x0A\x1A\x0A\x00\x00\x00\x0D\x49\x48\x44\x52\x00\x00\x01\x10\x00\x00\x00\x18\x08"
"\x03\x00\x00\x00\x05\xF0\x52\xFE\x00\x00\x00\x01\x73\x52\x47\x42\x00\xAE\xCE\x1C\xE9\x00\x00\x00\x04"
"\x67\x41\x4D\x41\x00\x00\xB1\x8F\x0B\xFC\x61\x05\x00\x00\x00\x42\x50\x4C\x54\x45\xFF\x00\xFF\xFB\xE1"
"\xFB\xFF\xFE\xFF\xFE\xFE\xFE\xFF\xFF\xFF\xFB\xF6\xFB\xFE\xEE\xFE\xFF\xFD\xFF\xFF\xF6\xFF\xFD\xF8\xFD"
"\xFE\xFD\xFE\xFF\xF7\xFF\xFF\xF8\xFF\xFD\xFA\xFD\xFE\xFB\xFE\xFE\x00\xFE\xF8\xFC\xF8\xFD\xFE\xFD\xFD"
"\xFC\xFD\xFF\x1D\xFF\xFF\x09\xFF\xFF\xFA\xFF\x48\xDF\x66\x80\x00\x00\x00\x09\x70\x48\x59\x73\x00\x00"
"\x0E\xC2\x00\x00\x0E\xC2\x01\x15\x28\x4A\x80\x00\x00\x00\x19\x74\x45\x58\x74\x53\x6F\x66\x74\x77\x61"
"\x72\x65\x00\x50\x61\x69\x6E\x74\x2E\x4E\x45\x54\x20\x35\x2E\x31\x2E\x31\x31\x8A\x08\x16\xCE\x00\x00"
"\x00\xB8\x65\x58\x49\x66\x49\x49\x2A\x00\x08\x00\x00\x00\x05\x00\x1A\x01\x05\x00\x01\x00\x00\x00\x4A"
"\x00\x00\x00\x1B\x01\x05\x00\x01\x00\x00\x00\x52\x00\x00\x00\x28\x01\x03\x00\x01\x00\x00\x00\x02\x00"
"\x00\x00\x31\x01\x02\x00\x11\x00\x00\x00\x5A\x00\x00\x00\x69\x87\x04\x00\x01\x00\x00\x00\x6C\x00\x00"
"\x00\x00\x00\x00\x00\xF2\x76\x01\x00\xE8\x03\x00\x00\xF2\x76\x01\x00\xE8\x03\x00\x00\x50\x61\x69\x6E"
"\x74\x2E\x4E\x45\x54\x20\x35\x2E\x31\x2E\x31\x31\x00\x00\x03\x00\x00\x90\x07\x00\x04\x00\x00\x00\x30"
"\x32\x33\x30\x01\xA0\x03\x00\x01\x00\x00\x00\x01\x00\x00\x00\x05\xA0\x04\x00\x01\x00\x00\x00\x96\x00"
"\x00\x00\x00\x00\x00\x00\x02\x00\x01\x00\x02\x00\x04\x00\x00\x00\x52\x39\x38\x00\x02\x00\x07\x00\x04"
"\x00\x00\x00\x30\x31\x30\x30\x00\x00\x00\x00\x5C\xED\x61\xFA\x09\xE8\xAA\xBB\x00\x00\x01\xFA\x49\x44"
"\x41\x54\x58\x47\xED\x57\xD9\x52\xC3\x30\x0C\x0C\x92\x20\x25\x1C\xE5\xFC\xFF\x5F\x65\xB4\x5A\xD9\x8E"
"\x5B\xA0\x0F\x6D\x86\x0E\xDE\x87\xB8\xF2\xB9\x5A\x4B\xB6\x3B\x4D\x03\x03\x03\x03\x67\xC5\x8D\xA0\x10"
"\xD1\x28\xAC\xEF\xF0\xCF\x70\xAB\x50\x40\xCC\xBC\x34\x33\xE8\x72\x3E\x98\xF8\xD4\x40\xDF\xF4\x27\x21"
"\xA1\x00\x09\xFB\xF7\x74\x41\xEE\xE6\xDD\x7D\x5F\xD7\x61\x51\x8A\x21\xB2\xF4\x6D\x7F\x12\x0B\x77\x0E"
"\xBC\x43\x9E\x93\x37\x52\xF5\x77\xF1\xAE\x27\x32\x88\x24\xBC\x2E\x4E\x82\x59\x9C\x3A\x3F\xE1\xEA\xF4"
"\x68\x85\x68\x05\x51\xF5\x20\x0F\x0B\x6D\xBA\x88\x49\xFA\x86\x9A\xE2\xAB\xA9\x98\x07\x98\x46\x4E\xB8"
"\x4E\xA5\x4D\xCD\xB4\x55\x8D\xD5\x3C\xB9\x05\xC7\xB9\x88\x88\x2D\x0F\x8F\x68\xF3\x75\x31\x7A\xDE\xFD"
"\xAA\xF6\x45\x40\xE6\x4E\x42\xEB\x11\x02\x3D\xD2\xE5\xEA\xBE\xD9\x3C\x4D\xD3\xA3\x9A\xB7\x33\xC9\x90"
"\x38\x61\xA0\x73\x9E\x19\x55\x60\x4C\x14\x62\x36\xB5\x45\x1D\x0C\x78\x7A\xF6\xDC\x25\x83\x66\xFC\xF6"
"\xE0\xC2\xCE\xAA\x16\xBC\x71\x9A\x08\xF1\xAE\xDE\x28\xDC\xF4\x7D\xEF\x1C\xDD\x4B\x47\x56\x25\x11\x43"
"\x57\x17\x5A\x33\x02\x31\x06\x0B\x91\x41\x26\x1B\xE0\x25\x40\x8B\x74\x92\x55\x5C\x39\x6A\xE2\x9E\xB3"
"\x36\xDB\x3A\x73\x1F\x25\x45\x3B\xD6\x97\x0B\x34\x97\x2E\x6B\xE9\x2C\xF4\xCD\x38\xE3\x71\x7E\x38\x01"
"\x7E\xAA\xBE\x92\xF7\xD9\xC1\x45\x12\x2B\x77\x90\x29\xB1\x91\xC9\x91\x4E\x36\x7D\xFD\xBB\xAF\xE6\x61"
"\x86\x1C\xDB\x58\xD6\xC7\xF6\xA7\x06\xB0\x18\x2D\x9C\xAE\x8E\x67\x30\x6D\x8E\x42\x14\xF1\x1A\x49\xC1"
"\xD4\x40\x0C\xA8\x55\xCA\xC1\xB1\x50\xC6\x8F\xEC\xBB\x9A\xEE\x10\xE1\xA8\x7F\xDE\xC2\x90\xD0\xE3\x7B"
"\x41\xBE\x99\xE8\xD2\xA8\x44\x9D\x1D\xE9\xC0\xC9\xF7\x8F\xB6\x31\x3B\x53\xB4\xFA\x6E\xC1\xC0\xD5\x7C"
"\x69\xC5\xA4\x0D\x8A\xFA\x31\x14\xC7\x76\x1E\x1D\xD9\x56\x12\x28\x83\x74\x6B\x74\x9C\x83\xC5\xA1\x55"
"\x3A\xD3\xCE\x3C\x39\xD6\xB7\xEE\x77\x07\x56\xC6\x58\x5C\x53\xE8\xA9\x7E\xEB\x7A\x9B\xCC\xE5\xB8\x6D"
"\x57\xDD\x18\xF9\xDA\x88\x22\x1F\x5A\xFE\x30\x08\x9E\x6B\x41\xA2\xC0\xBB\x21\xAB\x1B\x7F\xB1\xB1\x9C"
"\xA1\x54\x3B\x84\xFF\x1B\x71\x58\x0B\x6C\x99\x3F\x33\xD3\x8A\x96\xE5\x5B\xD7\x1A\x18\x18\x18\x18\x18"
"\xB8\x6A\x7C\x01\x98\x75\x15\xF7\xE4\xAB\x9C\x1F\x00\x00\x00\x00\x49\x45\x4E\x44\xAE\x42\x60\x82"
}
};

static const binfile_t logo_a26 = {"logo_a26.png", 966, {
"\x89\x50\x4E\x47\x0D\x0A\x1A\x0A\x00\x00\x00\x0D\x49\x48\x44\x52\x00\x00\x00\x2E\x00\x00\x00\x32\x08"
"\x03\x00\x00\x00\x14\x73\x19\xE5\x00\x00\x00\x04\x67\x41\x4D\x41\x00\x00\xB1\x8F\x0B\xFC\x61\x05\x00"
"\x00\x00\x01\x73\x52\x47\x42\x00\xAE\xCE\x1C\xE9\x00\x00\x00\x90\x50\x4C\x54\x45\xC8\xC8\xC8\xF6\xF6"
"\xF6\x27\x2B\x2D\xD0\xD0\xD0\xE3\xE3\xE3\xFD\xFB\xFB\x1B\x1D\x1E\x2E\x2F\x2F\xCB\xCB\xCA\xFF\xFF\xFF"
"\xEC\xEC\xEB\x46\x29\x14\x22\x23\x25\x14\x15\x16\x60\x61\x61\x48\x3E\x37\xF0\x37\x3E\x2D\x22\x19\x1C"
"\x05\x00\x55\x29\x09\x57\x36\x1E\x57\x5A\x5D\x02\x02\x02\xD5\xDA\xE1\x8A\x44\x12\x60\xA4\xF5\x65\x31"
"\x0B\xF6\x84\x88\xF3\x5C\x62\x08\x6E\xFC\xF9\xAB\xAE\xFD\xDF\xE0\xEE\x21\x29\xFE\xF0\xF1\x5C\x2D\x0A"
"\xFA\xBE\xC0\xF8\x99\x9D\x2E\x8B\xFC\xFF\xFF\xF3\x94\xC3\xFB\xEC\x0B\x12\xC3\xDE\xFF\xFB\xCC\xCD\xB8"
"\xB8\xB8\xA5\xA5\xA5\xC3\xC3\xC3\x8F\x8F\x8F\xFF\x3A\xFF\xCE\x58\xFC\xDB\x00\x00\x00\x30\x74\x52\x4E"
"\x53\xB2\xFF\xFF\xFF\xFF\xFF\xFF\xFF\xFF\xFF\xFF\xFF\xFF\xFF\xFF\xFF\xFF\xFF\xFF\xFF\xFF\xFF\xFF\xFF"
"\xFF\xFF\xFF\xFF\xFF\xFF\xFF\xFF\xFF\xFF\xFF\xFF\xFF\xFF\xFF\xFF\xFF\xFF\xFF\xFF\xFF\xFF\xFF\xB2\xD6"
"\xC0\x3E\x9C\x00\x00\x02\x98\x49\x44\x41\x54\x48\xC7\x95\x96\x8B\x96\xAA\x20\x14\x86\x1D\xD4\x14\xB3"
"\x11\x9B\xCA\xE3\x80\x80\x62\x47\xB3\xCB\xFB\x3F\xDE\xD9\xA0\x36\x86\xE6\x9A\xF3\x73\x49\xB6\x1F\xBF"
"\x9B\x5D\xAB\x72\x1C\x37\xFC\xB5\x5C\xC7\x71\x3F\xFC\x5F\x2B\x72\x1D\x17\xFF\x87\xC2\x1E\xF7\x05\x17"
"\x7E\x1F\x29\xB9\xC0\xAA\xE6\x9C\xFB\x58\x29\xB3\xAE\x39\xC6\x82\x63\xA1\xBA\x72\xC0\x4B\x2A\xA9\xE8"
"\x71\xDA\x52\xCC\x64\x2B\x49\x29\x5A\x69\xD6\x04\x22\xB5\x2C\x6B\x5E\xAB\x21\x99\xB2\x26\xB4\xEC\x71"
"\x46\x48\x89\x7D\x09\x8E\x35\x21\x60\x4F\x09\xEE\xA4\xE0\x30\xB3\x7A\x4C\x86\x53\x42\xB9\xA1\xB9\x14"
"\x80\xFA\xFD\x00\xF4\x89\x6B\xF7\x6E\x70\xA7\x8C\x30\xDA\x9B\x33\xDD\x35\xAE\xA4\x2F\xA4\x00\x5C\xA7"
"\x57\x13\x5F\x71\x3E\xE4\xEE\x13\x08\x4A\x9D\x4D\x49\x08\x23\xB2\xD4\x38\x6D\x19\x6B\x6B\xC0\x99\xD4"
"\x89\x95\x5C\x51\x61\xDC\x81\x01\x1F\x06\x39\x63\x0E\x0C\x6B\x15\x06\x1C\x36\xC2\x33\x01\x17\xB0\xAE"
"\x09\x94\x43\x19\x9C\x9A\x2A\x88\x92\x48\x5D\x13\xA8\xA7\x64\x58\xAA\xAE\xE5\xBA\x2C\x02\x72\x67\xC4"
"\x87\x64\xB8\x52\xA6\x32\xAC\xF6\xB1\x20\x50\xC7\x1A\xF2\xA6\xE6\x24\x98\x74\x9D\x7E\x18\x84\x21\xD8"
"\x11\xA1\x98\xAF\xC0\xFE\xF7\xEF\xAA\xAF\x5B\xF8\xC4\xA3\x55\x0D\x5B\x46\xDC\x4B\x76\xAB\x3A\x7E\xBC"
"\xE0\x9F\xA7\x4D\x90\xBC\x55\xB0\x39\x3D\x2C\x3C\x48\xB6\xEF\x74\x48\x82\x93\xB1\x9F\xE0\x49\x92\xC6"
"\x9B\x60\x83\xF4\x34\x08\x56\x08\xA6\x38\x4D\x92\xD3\xA7\x8D\x1F\x50\xBC\x0B\x76\x28\x40\x68\x4C\x38"
"\x40\x41\xAC\xA7\xF4\x30\xC3\x77\xC9\x16\x40\x04\xF4\x8B\x3B\xC4\x60\xDA\x26\xBB\xA3\x8D\xA7\x08\xC5"
"\xBA\x3D\xF1\x58\x27\x63\xA6\x74\x01\xDF\xAE\xE8\xB0\xB3\x73\x8F\xD3\x35\xCD\x8E\x1A\xAF\x6A\x86\x07"
"\xAB\x5A\xC4\xA1\x30\x33\xF5\xB1\x25\x1C\xAA\x31\xE3\x91\xAE\xD0\x22\xDE\xD7\x7A\x46\x1B\x7E\x8E\x9B"
"\x3B\xB6\x7D\x3C\x78\xBC\x73\x47\x0B\xEE\xCB\x38\xEA\x9F\xFB\xAA\xC1\x62\xE9\xA8\x68\x4E\xEB\x74\xD0"
"\xD2\x51\xD1\xAA\x6C\x7C\x7F\x58\xD5\xDE\xC2\xB7\x7F\x56\x95\x5A\x9F\xC8\xFD\xF7\x77\xF5\xD5\xAB\xFA"
"\x86\xEB\xAA\x32\x81\x21\x56\xD9\xEE\xFB\xE1\xDE\xB8\xA7\xA7\x2A\x58\x57\x7A\xB6\xF0\x23\xB8\xCF\x55"
"\x19\x7D\xC1\xD5\xFE\x35\x99\xDB\x69\xBF\xAA\xD3\x23\x9A\xE2\xF8\xF6\x79\x5C\xD3\xC3\x7D\xC5\x31\xFE"
"\x58\x53\xF4\xFC\x16\x83\x4B\xDD\x16\xF4\xD7\x52\x19\x85\x4E\xE8\x19\x65\xDE\x8F\x86\xEB\x2C\xB7\xD4"
"\x78\x4F\xDC\x8B\x32\x2F\xF2\x22\xE8\x23\x1D\xE5\xC5\x59\xF7\xBC\x18\xF1\x22\xFB\xC1\xB3\xDB\xF5\x7A"
"\xCB\xAE\xF7\xFB\xDD\x8D\x4C\x40\xE4\x45\x73\x29\x2E\x4D\x73\xC9\xCF\x97\x46\x8F\x09\x1E\x85\x8F\xDB"
"\x15\xDA\xE3\x16\x5E\xA3\xD1\x3D\xBF\x80\x3B\xEC\x69\x9A\xC2\x8C\xA9\xBB\xEB\xBA\x57\x70\x77\xB3\x70"
"\xE2\x7E\x2E\xF2\xE6\x5C\xC0\x8B\x19\x13\xDC\x33\xBF\x12\x7D\xF6\xFD\xBA\x39\x83\x0A\xE8\x05\x74\x3D"
"\xCE\x70\x54\x37\xB3\x0A\x32\xA9\x90\x25\xC8\xC0\x59\xF8\xFB\x73\x7F\xFF\xF7\xE7\x1F\xDB\x95\x7C\x70"
"\x51\x46\x76\x19\x00\x00\x00\x00\x49\x45\x4E\x44\xAE\x42\x60\x82"
}
};

static const binfile_t logo_c64 = {"logo_c64.png", 1573, {
"\x89\x50\x4E\x47\x0D\x0A\x1A\x0A\x00\x00\x00\x0D\x49\x48\x44\x52\x00\x00\x00\x2E\x00\x00\x00\x32\x08"
"\x03\x00\x00\x00\x14\x73\x19\xE5\x00\x00\x00\x01\x73\x52\x47\x42\x00\xAE\xCE\x1C\xE9\x00\x00\x00\x04"
"\x67\x41\x4D\x41\x00\x00\xB1\x8F\x0B\xFC\x61\x05\x00\x00\x01\x86\x50\x4C\x54\x45\xBF\xC0\xC3\xCA\xCA"
"\xCA\xBE\xB2\x90\xBA\xAE\x8C\xCE\xCE\xCE\xAC\xA0\x81\xFC\xFC\xFC\xC7\xC7\xC7\xFF\xFF\xFF\xE2\xE2\xE2"
"\xD3\xD3\xD3\xDF\xD0\xA9\xCC\xBF\x9C\x00\x10\x48\x39\x2E\x20\xC9\xC9\xC9\xAE\xA3\x84\xF7\xF7\xF8\x27"
"\x23\x19\xBB\xB0\x91\xFA\xFA\xFA\x4E\x40\x2D\xB0\xA5\x86\x2D\x2A\x20\x5E\x5F\x61\x57\x58\x5B\x51\x3D"
"\x26\xF5\xF5\xF5\xE9\xE8\xE8\xE6\xE6\xE5\xB8\xAC\x8B\x2C\x21\x14\xCF\xCC\xC8\x43\x3A\x2B\x3A\x34\x26"
"\xD6\xC9\xA4\xD3\xDA\xE3\x4B\x45\x34\x00\x16\x4C\x40\x32\x21\xCE\xD6\xE1\x00\x1B\x50\x16\x32\x61\x00"
"\x22\x55\x56\x57\x59\xD0\xC3\x9F\x00\x06\x3F\xDE\xD0\xA8\x71\x69\x54\x49\x36\x20\x2D\x49\x73\xA6\x9B"
"\x7D\x31\x25\x18\xB3\xA9\x8B\xC3\xC4\xC6\xA9\xAA\xAC\x79\x6E\x5B\xEB\xEB\xEB\x4B\x63\x87\xAA\xA4\x8D"
"\xCC\xCB\xCB\x0A\x28\x5A\xD1\xD1\xD1\xF0\xF1\xF2\xD8\xD8\xD7\x38\x2B\x1B\x6C\x60\x50\xA4\xB0\xC2\x60"
"\xA7\xFE\xFF\xFE\xF3\x1B\x81\xFC\xDE\xE2\xE9\x3A\x53\x7C\xB1\xB1\xB1\x4B\x9A\xFC\x22\x3C\x69\xA0\xA9"
"\xBD\x09\x75\xFB\xBE\xBE\xBE\xEA\xED\xF1\x29\x87\xFC\xC6\xBA\x98\x9E\x9E\x9E\x61\x58\x4B\xFB\xEC\xE4"
"\x32\x8E\xFC\xFF\x09\x07\x59\x6F\x90\x58\x45\x2E\x64\x77\x97\x58\x9C\xEE\x00\x61\xFD\x5E\x9F\xEE\xE6"
"\xD8\xAF\x57\x4F\x42\x9A\xC4\xF8\xBB\xDA\xFF\x78\xB4\xFE\xB8\xB8\xB8\xCD\xE4\xFF\x68\xA6\xEF\xCA\xCF"
"\xDA\x71\x85\xA1\xFF\xCB\xCB\x86\x94\xAD\x2B\x27\x1B\x8F\x80\x6C\x98\xA4\xB9\xFF\xFA\xEF\xE0\xE0\xE0"
"\xDC\xDC\xDC\xB6\x9D\xAD\x50\x51\x53\xF4\xF3\xF2\x74\xC1\x50\xFF\xF5\xF2\xD2\x67\x30\xAC\xD1\xFE\x62"
"\x63\x65\xFF\x55\x54\x94\x94\x94\xDD\xDB\xD8\x02\x02\x01\x86\x86\x86\x0D\x0C\x0C\x39\x2F\x4C\xB0\x32"
"\xC3\xDD\xC0\xCA\xBF\xCA\x90\xCA\xB2\x8C\xDD\x35\xA1\xD5\x00\x00\x00\x4F\x74\x52\x4E\x53\xFF\xFF\xFF"
"\xFF\xFF\xFF\xFF\xBC\xFF\xFF\xFF\xFF\xFF\xFF\xFF\xFF\xFF\xFF\xFF\xFF\xFF\xFF\xFF\xFF\xFF\xFF\xFF\xFF"
"\xFF\xFF\xFF\xFF\xFF\xFF\xFF\xFF\xFF\xFF\xFF\xFF\xFF\xFF\xFF\xFF\xFF\xFF\xFF\xFF\xFF\xFF\xFF\xFF\xFF"
"\xFF\xFF\xFF\xFF\xFF\xFF\xFF\xFF\xFF\xFF\xFF\xFF\xFF\xFF\xFF\xFF\xFF\xFF\xFF\xFF\xFF\xFF\xFF\xFF\xFF"
"\xF9\xE6\xD5\x7F\x4C\x00\x00\x03\xE2\x49\x44\x41\x54\x48\xC7\x85\x95\x0B\x43\xA2\x58\x14\x80\x09\xD3"
"\xB4\x44\x2D\x8C\x76\x32\x6D\x4C\x23\xC1\x95\x4C\xC5\xF7\x3B\xD7\x7C\xA6\x56\x96\x56\x66\xEA\xD4\x36"
"\xB5\x4E\xCF\x79\xEC\xE3\xC7\xEF\xB9\xE0\x28\xA2\x39\xDF\xB9\x72\xEF\x85\xCF\xE3\xE1\x02\x82\x1D\x2E"
"\x8A\x24\x81\xC5\x5F\x10\x5F\xC0\xE2\x46\xB5\x80\xC9\x64\x5A\x56\xFF\x82\xE5\x79\x6C\x5E\x18\x54\xEE"
"\x58\x36\xE6\x51\x89\x7B\x1D\xA5\x7D\x44\xC9\x21\x4E\x0F\x60\x5A\xF2\xA3\x91\x6A\x4E\xD4\x2B\x39\x8E"
"\x26\xB8\x98\x78\xF8\x86\xE5\x08\x0E\x11\xB3\xA3\xA9\xBD\xC8\x11\x04\x97\x43\x43\xA3\xA8\x9B\x3C\x04"
"\x13\x3B\x7B\xD8\x3F\x00\x1C\xC6\x30\xC1\x14\x4B\xA5\x52\xB8\xC8\xDE\x20\x9B\x25\x18\xC6\x49\x87\x25"
"\x7A\x09\xF6\xC0\xA1\x44\xCC\xE9\x24\x72\x89\x33\x82\xCE\x0D\xCB\x75\xB0\x34\xED\xF1\x30\x63\x3A\x08"
"\x67\xA8\x48\x27\x4D\xE4\x2A\xEA\x30\xE1\x8C\x79\x10\x4D\x13\x54\x02\x3F\x55\xB9\x25\x08\xA9\xDE\x24"
"\x68\x74\x5A\xA6\xC7\xC7\xC7\x90\x1A\xE9\x0C\x54\x4E\x30\xDC\xAD\xB1\x08\x5F\xC5\x2A\x61\x9A\xCE\x1D"
"\x24\xA4\xD9\x9B\xD0\x9D\x9C\x9E\x9E\x7E\x47\x3A\x53\x7C\x78\x78\xF0\x30\x44\x78\xD9\xC9\x38\x9D\x50"
"\x22\x40\xDC\x0D\xF5\x3B\x38\xD3\x03\x51\x3F\xFD\xFE\x1A\x16\x6B\x3F\x83\x0A\x96\x63\x34\x03\x20\x9D"
"\x1B\xE9\x15\x96\x66\xD8\xDB\x9B\x9B\x3F\x11\xAF\xB7\x1C\xED\x84\xCA\x63\x34\xD7\x54\x39\x04\x72\x04"
"\xE1\xB9\xA9\x0C\x75\xF5\x41\x91\xA3\x69\x82\x15\x17\x43\xB5\xEF\x61\x11\x9E\x7D\xD3\x60\x79\x6E\x59"
"\xB6\x29\x39\x55\xB8\x34\x4D\x38\x9E\x9B\x71\xFD\x8D\x63\xBA\xFA\x39\x00\x60\x03\xFC\x22\xD8\x68\xFE"
"\xAC\x1E\xD3\xE7\x57\xD6\xB6\xB6\x74\x6B\xEF\xB1\xB2\xA6\x19\xD3\x9F\xAC\xAD\xA5\x19\xB4\x3E\x7F\x53"
"\x49\xF5\x0F\x56\x05\x65\x50\x2A\x95\x86\x48\x24\x62\x90\x41\xF1\x94\x45\xF7\xBB\x69\x4C\xDF\x52\x50"
"\x11\x92\xE7\xBD\x6F\x6F\x6F\x54\x84\xA7\x94\x43\x2C\x91\xFB\x20\x6F\xF9\xFC\x41\xA6\xE3\xA0\x93\xA4"
"\xF7\xE5\xE5\x25\x22\xD7\xD3\xD4\xA4\x0E\x8A\x17\x02\x8A\x81\x92\x46\x36\x1A\x53\x14\x25\xD7\xB7\x5D"
"\xDA\x19\xB8\xE4\xB5\x6F\xEF\xD6\x48\x1C\x41\xE2\x62\x2F\x81\xAC\xD9\xB6\xE4\xBA\x96\xB2\xE0\x0A\x52"
"\x1E\x16\xDE\x42\xE2\x0A\x5E\x3B\xA1\x5B\x6A\x36\x03\x49\xC9\xC2\x50\xB3\x69\x95\x5E\xBC\x66\x99\xD4"
"\x5D\xF7\x56\xEB\xAA\x3C\xAE\x5C\xF7\xC7\xE9\x2B\x8B\x62\x52\xB7\x1D\xEF\x6C\xAE\xCB\x62\xCF\x87\x07"
"\x8F\x83\x56\x2F\x3E\x45\x4F\xEF\xAC\x6E\xAE\xFA\xC6\x62\x35\x85\x07\xAF\xD2\xD3\x74\x85\xEB\x6A\xAF"
"\xE1\x5B\x1F\x8F\x86\x90\x7D\x7B\x8A\x8E\x2B\xB7\x74\xBA\x1D\x69\xA4\x1A\xAB\x3E\xB7\xF6\x9D\xEC\xB8"
"\x72\x67\x0F\x85\x6E\x18\xA9\xC6\xBA\x8E\x5C\x72\xCF\xC8\xDE\x90\xFE\x40\x63\xD3\x9A\xE2\x97\xDC\xEF"
"\x64\xF7\xA6\x52\xBE\x46\x6A\x94\xDC\x87\x16\x86\x5F\x4A\x4F\x5F\x19\x05\x1E\x74\xBB\xDD\x41\x58\x7B"
"\x11\x5F\x1A\x4D\x49\x9B\x37\xED\x0E\x52\x53\xD6\x5D\x6B\x03\x5A\xE9\xD4\xBA\x00\xAC\xF8\x2E\xCC\xB5"
"\xC2\xDE\x69\x57\xB5\xE6\x02\x50\x32\x91\x20\xEE\x1A\x82\x4F\xEA\x36\x4A\x09\x0F\x9A\x92\x57\x58\x06"
"\x8C\x9E\x3E\x25\x3F\x79\x47\xB6\x5A\xBB\x02\xC3\xC7\x79\x77\x44\x6B\x57\x76\xBF\x3F\xE9\x28\xC5\x0C"
"\x0C\x2B\x4F\x63\x7A\xE0\x9F\x95\x99\xFC\xF7\x23\x34\xF6\x2F\x96\xFF\xF6\xDB\x2C\x7E\x24\x13\x63\x3A"
"\xBC\x05\x8D\x33\x48\x98\x06\x6F\xBE\x68\x42\xE4\x19\x5E\xAC\xA6\x67\x69\x2C\xFF\x21\xE1\x2F\xE0\x35"
"\xA4\xC7\xA2\xFD\xBE\xA6\x2F\xE5\xE7\x4C\xE3\xF8\x74\x79\x0E\xED\xFC\xF2\xF2\xFC\x52\xE8\xDB\x1A\xD0"
"\x35\xE6\xC5\x7E\xC8\xBC\x21\x34\xF3\x86\x79\xA3\x8F\x36\xE6\x90\xF9\xE4\xD3\x45\x3D\x73\x51\xCD\x64"
"\xB2\xD9\x4C\x01\x86\x99\x6C\xD9\xFE\x11\x8B\x9A\xA3\xF9\x64\x77\xB1\x1B\x48\x42\x9B\xC7\xFA\xDD\x40"
"\x1C\x8B\x1F\x26\xBB\x73\xA0\xB7\x7B\x17\xBD\x4E\xE7\xFA\xEB\x75\xA6\x5A\x28\x5C\x5F\x0B\x7A\xA8\xEB"
"\xF7\x07\x02\x47\x47\xA8\xE5\xF3\x81\xFC\x51\x1E\x9A\xFE\xDF\x43\xD0\x0B\x3D\xC8\x0E\x72\xA6\xD3\xC9"
"\xF6\xAE\x07\xD9\xFB\xDD\x24\xB6\x38\x37\xA7\xD7\xEB\xE7\x51\x76\x2C\xEE\x8F\x7F\xD1\x74\xBF\x9C\x9C"
"\x97\xDB\xBD\x42\x39\xD3\xAE\x16\x32\xED\xCE\xD7\x5E\xA7\x50\x76\x20\x1D\xEA\x84\xC2\x05\x50\xD1\x68"
"\x83\xF6\x6D\xB4\xB3\xF5\x6A\x35\x5B\xCF\x96\xB3\xF5\x7A\x39\x5B\xAD\x57\x0B\x9A\x28\x06\x99\x64\xAB"
"\xA2\x19\x74\x66\x3B\xBC\xF4\xE0\x63\xB7\x0B\x9D\xC3\xA1\xF9\x3B\x8E\x2D\xC4\xF5\xEF\xF1\x51\x46\x34"
"\xBE\xF0\x3F\x68\xF8\x2E\x5B\x7E\x71\xEC\x53\x00\x00\x00\x00\x49\x45\x4E\x44\xAE\x42\x60\x82"
}
};

static const binfile_t logo_cannonball = {"logo_cannonball.png", 2724, {
"\x89\x50\x4E\x47\x0D\x0A\x1A\x0A\x00\x00\x00\x0D\x49\x48\x44\x52\x00\x00\x00\x2E\x00\x00\x00\x32\x08"
"\x03\x00\x00\x00\x14\x73\x19\xE5\x00\x00\x00\x01\x73\x52\x47\x42\x00\xAE\xCE\x1C\xE9\x00\x00\x00\x04"
"\x67\x41\x4D\x41\x00\x00\xB1\x8F\x0B\xFC\x61\x05\x00\x00\x03\x00\x50\x4C\x54\x45\x5E\x77\xFF\x00\x01"
"\x02\x9C\x9C\x9C\x8E\x8E\x8E\x9D\x9E\x9E\x5F\x76\xFF\x97\x97\x97\x94\x94\x94\x99\x99\x99\x93\x93\x93"
"\x95\x96\x96\xA2\xA2\xA2\x9B\x9A\x9B\x85\x86\x87\x91\x91\x91\xA9\xA8\xA8\x5F\x79\xFF\x80\x80\x81\x70"
"\x71\x72\xE3\x26\x06\x76\x76\x76\xBB\xBA\xB9\x5D\x79\xF8\x89\x8A\x8A\x22\x01\xA5\x5B\x7C\xEE\xB1\xAF"
"\xAE\x5A\x76\xFF\x62\x78\xFF\x6B\x6A\x6A\xC0\xB7\xA5\x58\x7A\xE5\x7C\x7D\x7E\x62\x15\x08\x91\x94\x98"
"\x9E\x3A\x29\x54\x7F\xCF\x31\x69\x36\x7C\x23\x13\x21\x6D\x07\x16\x1B\x1C\x82\x85\x82\xD0\x88\x79\x4E"
"\x82\xA2\x2B\x25\x27\x75\x1B\x0C\xC0\xC1\xC1\x9A\x95\x96\x99\x55\x49\xA8\x71\x68\xD9\xA5\x9B\x4B\x49"
"\x49\x34\x70\x29\x30\x79\x19\x44\x77\x82\xAD\x9D\x94\xA4\x7E\x79\x35\x0F\x08\x61\x62\x63\x60\x32\x2A"
"\x8A\x29\x14\x3B\x78\x2C\xB8\xB0\x9B\x29\x65\x2A\xB6\x54\x43\x07\x0E\x0F\xE0\xE1\xDF\xB5\xB5\xB5\xCF"
"\xCD\xCD\x79\x79\x79\xCF\xC6\xB4\x5A\x83\xD8\x2A\x5B\x50\x2C\x6D\x20\xF4\xF4\xF3\xA0\x95\x8D\x38\x73"
"\x52\xC6\xBD\xB2\x41\x73\x45\xCE\xC2\xBC\xD9\xCC\xB5\x60\x7F\x32\x3D\x18\x11\xC4\x60\x4D\x52\x82\xC1"
"\x87\x69\x63\x80\x51\x43\x99\x94\x91\x3F\x29\x95\x3F\x7E\x67\xC7\xC7\xC7\xB7\xA9\xA4\x3D\x72\x70\xBB"
"\xA2\x87\xF1\xE5\x00\x75\x43\x38\x70\x6D\x53\x5C\x5A\x57\x9B\x69\x60\xD8\x8C\x80\x33\x11\x9A\xA4\x47"
"\x35\x4A\x86\x7B\x7A\x8D\x64\x1F\x01\x93\xFD\xFE\xFF\x47\x8A\x67\xAC\x50\x3E\xA9\x60\x54\xBB\x59\x47"
"\x53\x81\x8C\x32\x33\x33\xDE\xD3\xC4\x66\x71\xCD\x3C\x75\x5D\x8D\x80\x69\x3A\x7E\x54\xD7\xD6\xD6\xB4"
"\xA7\x93\x9E\x9F\xA8\x72\x84\x5A\x36\x74\x43\xA5\x6C\x5E\x35\x6D\x08\xA7\x90\x6E\x9C\x60\x56\xD9\x7D"
"\x6E\x67\x43\x3D\x6A\x3C\x33\xDB\x27\x09\x95\x9A\x9E\xB2\xA5\x7B\x82\x7E\x60\xA5\x9E\x89\x6B\x7C\xB6"
"\x2B\x61\x3D\x46\x7B\x97\x53\x77\xDC\x92\x89\x7A\x54\x84\xAD\x9C\x4A\x3E\x9B\x8A\x87\x3D\x81\x42\xB2"
"\x93\x8D\x3B\x32\x3B\x33\x63\x64\x41\x8E\x41\x7D\x3B\x25\x9D\x72\x6A\x7D\x58\x52\xBF\xA2\x99\x54\x79"
"\xC7\xD5\x71\x5F\x9F\x82\x6A\xDA\x9B\x8E\x8B\x73\x4A\x4D\x4A\x4A\xB7\x8C\x7F\xB9\x7F\x65\x93\x80\x8D"
"\x47\x77\xA4\x8B\xA0\xB5\x7F\x54\x0E\x91\x6B\x2F\x6F\x47\x00\x7D\x40\x69\x4F\x14\x0B\x3D\x7B\x02\x73"
"\x7C\x9D\x4C\x70\xC4\x69\x7E\xF6\x38\x85\x20\x5F\x6E\x70\x47\x70\xAD\x76\x80\xD8\x74\x7D\xC8\xAC\xAD"
"\x9D\x84\x8C\xA7\xA7\x81\x47\xD0\xA5\x7F\x58\x86\x56\x9E\x9D\x94\x94\xA2\xA3\x6B\x67\x9E\xD6\xAF\xA9"
"\x42\x6F\x9B\x98\x7C\x76\x6C\x7A\x79\x2F\x7E\x02\x51\x7D\xB7\x8C\x82\x76\x81\x48\x32\xC5\x72\x6D\x6F"
"\x4D\x47\x61\x83\x82\x46\x0F\x71\x3A\x8F\x28\x7B\x6E\x4E\x21\x0A\x82\x86\x79\x74\x94\x99\x8B\x98\x8D"
"\x60\x47\x1D\x17\x37\x67\x42\xB2\xA8\x62\x44\x80\x38\x44\x8C\x14\x40\x42\x42\xFB\xE3\xB4\x8A\x83\x9C"
"\xBB\x6C\x5F\x20\x0C\x0A\x38\x5A\x0B\xAA\x7A\x71\x8A\x8F\x90\x49\x6C\x2C\xCD\xAD\xA7\x9A\x8D\x6C\xF2"
"\xD1\xA3\xCC\x29\x12\x6A\x1F\x60\x7A\x5A\x75\xA7\xA0\xB6\xBB\x2A\x1A\x9C\x6F\x04\x65\x4A\x7C\xA0\x1F"
"\x1D\x5B\x44\xAD\xB8\xC2\xC7\x99\x9A\x78\x89\x98\x6D\xC2\xAA\x1B\xE3\xD5\x07\xD3\xC6\x13\x53\x51\xC7"
"\x83\x5C\x32\xE8\xDB\xD1\xBA\x85\x31\xB5\x45\x81\xB6\x6B\x00\xB0\x61\x00\xCA\xBB\x8F\x6D\x74\xDA\x88"
"\x61\x93\x7D\x9B\x2C\x4E\x36\x5B\x8C\x92\xD9\x52\x50\x4F\x9E\x49\x00\xBF\x75\xAC\x9A\xB2\xA3\x3B\x61"
"\x56\x56\x6C\x5D\x1A\x10\x6D\x60\x4A\x98\x00\x9C\x8E\xCE\x01\x94\xF6\x00\x00\x07\x42\x49\x44\x41\x54"
"\x48\xC7\x85\x94\x05\x5C\x1B\xD9\x16\xC6\x2F\x99\x64\x66\x92\x09\x13\x21\x42\x12\x22\x1B\x12\x20\x04"
"\x0B\x0B\x09\xC5\x5D\x8A\x17\x77\x5B\xDC\xAD\x85\x22\xED\x22\x55\x68\x8B\xB4\x40\x59\xA4\xEE\xEE\xD4"
"\xDD\xDD\x6D\xDD\xBD\xCF\xFD\xF7\x6E\x02\xEF\xBD\x7D\x7D\x7D\xDB\x2F\x99\x3B\xE7\x9E\xFC\xE7\xCE\x77"
"\xCE\x9D\x09\x70\x57\xDB\xEE\x08\x13\x2C\x51\xD1\xC0\xB4\xFE\x75\x7E\x93\x68\x6C\xE0\x13\x1E\xA1\xAD"
"\x2A\x5A\x2A\x00\x6F\x13\x8D\x06\x44\x45\xE0\xBA\xDA\xCF\xE7\xE6\x52\x91\xD5\x5B\x71\x91\x80\x56\x76"
"\x02\x84\x47\x2C\x76\x53\x87\xDF\xD4\x0A\x68\x6F\x31\x92\x58\x15\x36\x19\x03\x16\xBB\xC5\xF8\xB8\xAB"
"\xFD\x22\xFA\x13\x69\x34\xD1\xAF\x9A\x51\xF5\x57\x35\x83\xBA\x5B\x31\x11\xB7\xDC\xDC\xA2\xDC\x7C\x44"
"\xCB\x97\xFF\x5A\x95\x89\x7D\x7F\x8D\x0F\x07\xCD\x2B\xFE\xE6\x53\xE6\x13\xDE\xA7\x5E\x9C\x56\x24\xB7"
"\xFA\x7F\x55\xD2\xC2\xD2\xD4\x7E\x6E\xD7\x7D\xC0\xB1\xDA\xDC\x86\xBA\x66\xBF\x4C\xFD\x62\x9F\xF0\x18"
"\xED\x1B\x69\xB6\x5C\xC0\x2E\x52\x87\xBB\x5F\xA8\x7B\x0C\xE4\x8B\x7E\x97\x56\xB7\x42\xEF\xDE\xA0\x76"
"\x53\xB7\xEC\x28\x13\xBC\xA1\x5C\x5A\x58\x91\x36\x2A\x33\xDC\xEF\x56\xC3\x4E\x20\xD9\x77\x3C\x73\x45"
"\x99\x48\xEF\x96\xA9\x76\x8F\xF0\x4B\x63\x0B\xFE\x67\x07\x68\x02\x6D\xDD\x8A\xC5\xDB\xEA\x9A\xDD\x76"
"\x74\x01\xC9\xA9\x5A\xD5\x12\x15\x5B\xA4\x3D\x9E\x16\x11\x95\xB9\x2B\x51\xF5\xBA\x7F\x9A\x7C\xC5\x96"
"\xEB\x6A\xB7\x25\x2A\x6D\x8C\x4F\x31\x90\xF3\x44\xB0\x12\x1A\xB0\xDA\x79\x2C\x2D\xEC\x64\x9F\xBB\x7E"
"\xE8\xB5\xF6\x5B\x09\x1A\x22\x76\x44\xC5\x44\x59\xA9\xB4\xDB\x6A\xC1\xA2\x5C\x09\xDB\x98\xDD\xB3\x48"
"\x1E\x26\xDA\xD6\xDC\xA7\x76\x57\x59\xD1\x7E\xE9\x64\xF9\xB1\x93\x99\x31\x45\x55\x2A\xD8\x1F\xB6\x00"
"\xEC\xA9\x37\x99\x95\x6C\x3D\x02\xE7\x43\x75\x55\x37\x27\x8F\xE9\xFF\xB3\x5D\x56\xAA\x4C\xBF\xA8\xA5"
"\xF2\x93\x43\xDB\x4C\x1E\x25\x60\xF7\x3E\x89\xD1\x8C\x64\xCF\x22\x63\xCB\x96\xEB\xCB\xD8\xBB\xFC\xA2"
"\x44\x33\xEB\x0B\x54\x43\x7D\xB6\x51\x4B\xAD\xD8\x60\xF7\x4C\xCB\xCE\xED\x4B\x4C\x14\xC9\xB5\xDA\xAD"
"\xDB\xD9\x6C\x2B\xAB\x5A\xF8\x8C\x56\xC5\x4C\xB2\x01\x9B\x66\xBC\xF9\x92\x66\x89\x68\xF2\x9C\x28\x91"
"\x2D\xD9\xBD\x5D\xCE\x86\x39\xB0\x65\xF4\xC1\x09\x77\xF7\x13\xB6\xB9\x07\x1B\x1A\x76\xE9\xF5\x4B\x26"
"\x45\x43\x72\x00\xF4\x4B\x55\xEC\x30\xED\xF2\xC4\x83\x61\xF2\x93\xE7\xFA\x4F\xF4\xF7\x37\x1D\xBC\x70"
"\xA1\x4C\x2E\x01\x8F\x47\x47\x73\xE3\x5B\x1E\x5C\xCC\x8D\x87\x7A\xF0\x38\xFE\xE0\xB9\xE3\x7F\xD8\xBE"
"\x5D\xFF\x9B\x45\xBB\x6C\x6D\x6D\xFD\x5A\x6C\x23\x6C\x5B\x5A\x60\x14\xDF\x62\xBB\x65\x8B\x7B\x2D\x38"
"\x35\x32\x66\x18\x8B\x6C\x6D\xED\xEA\x3D\x6A\x58\xB6\x20\x09\x73\x9E\x48\x5A\xD3\x61\xB8\xFB\xE1\x87"
"\x9A\xE2\xE2\x2F\x8B\x9B\xBE\x6C\x6A\xCA\xCD\x6D\x2A\x2E\xEE\x6A\xFA\xA2\xB3\xB3\x33\x03\x8C\xB6\xEE"
"\xFF\xAE\x7E\x64\x64\xB0\x35\xAB\x35\xE9\xEA\xFE\x11\xDF\x57\xFB\x23\x7D\xE7\x76\x23\x2C\x94\x10\xB3"
"\xC4\x19\xB1\x35\x35\xDF\xCF\x95\x05\xC7\x7E\xDF\x1D\xC9\x27\x82\xA2\xBB\x41\xFD\xD3\x1F\x46\xBE\xB8"
"\x71\xD5\x63\xAA\xF5\xE9\x84\xF8\x55\x56\x7A\x74\x2C\x95\xC3\x21\xC5\x38\x8E\x52\xC5\x18\x82\x06\xC5"
"\xCA\xE2\xE2\x42\x6B\x6A\x3A\x65\x71\xA1\xC1\x7C\x03\xD0\x70\xE7\xEE\x3D\x7C\x45\x36\x77\x59\xA7\x6F"
"\x68\x74\xAC\x98\x85\x08\xCD\x11\x0A\x8B\xC0\x71\x9C\x42\xB0\x98\x0C\x84\x44\x59\xD1\xA1\x32\x59\x96"
"\x2C\x34\x34\x34\xCE\x00\x5E\x1D\x49\x9D\xF8\x4B\x77\x56\x34\x5C\x43\xCC\x67\x09\x85\x24\x49\x32\x1A"
"\xC5\x08\x86\x61\x74\xC4\x29\x1D\xC1\x18\x08\x8F\x43\xA5\xA6\xEC\xF5\x95\xF9\xFA\x46\xE7\x81\xFA\xBF"
"\x97\xFC\xC3\xD7\x37\x23\x83\x08\x51\x70\x84\x1A\x8D\x10\x63\x62\x84\x18\x65\x1A\x85\x33\xC5\x38\x66"
"\x0C\x84\x1C\xF3\x10\x0D\x4B\xE6\x6B\xC8\x03\x9E\xF3\x5E\xBE\xBC\xEB\x14\xC4\xE1\x85\xF0\x38\x9E\x9E"
"\x04\x93\x81\x3A\x51\xE8\xF8\xB4\x50\x92\xC5\x27\x51\x1C\xA7\x93\x24\xBC\x0B\x4B\x9C\x64\x06\x5E\x3E"
"\x7B\x26\x3B\x4C\xA0\x24\x46\x32\x59\x0E\xD5\x28\x89\x06\x3B\x21\x24\x7D\x46\x24\x3D\xD8\x09\x0E\x18"
"\x84\x15\x3C\x2E\xC7\x70\x1B\x3C\x7F\x31\xE1\xEF\xB2\x93\xCB\x51\x60\x08\x97\x13\x42\x47\x59\x7C\x06"
"\x8A\xFF\x5B\x28\x85\x4F\x18\xA7\x4C\xBA\x10\x41\x84\x88\x27\xB0\x78\xF1\xE2\xD3\xE7\x2B\x23\x4F\x19"
"\xE2\x64\x79\x0A\x4F\x2A\x85\x89\x52\x7F\x29\x0A\x4A\x41\x4D\x19\x82\x20\x84\x8A\x9D\xE0\xB9\x85\x85"
"\xC5\x47\x77\xEE\x3C\xBB\x13\x37\xDB\x89\x4F\x04\x07\x31\xD0\xFF\x16\xC3\xE8\x6E\x3A\x84\x2D\x06\xF7"
"\x86\x2D\x2C\x2A\xF7\x66\xAD\x31\x68\xF2\x78\x1F\x78\xAE\x72\x32\x5A\xEE\xE8\xC0\x4C\xD6\x31\xA5\x12"
"\xA3\x93\xFC\xD9\x7C\xC4\x34\x65\xA4\xAC\x03\xEF\xC3\xD5\x2B\x95\x08\xA2\x14\x9A\xBD\x6B\x57\xCD\x73"
"\x62\x60\x18\x5A\x5F\x9F\xE2\xEC\xEC\xCC\x74\xC6\xC8\x2B\x74\x67\xF4\x51\x50\xA9\x93\x71\x1F\x30\x3A"
"\xFA\x39\xC4\xE1\x05\x0F\x0F\xE3\x68\xA0\xB4\xB1\x91\x68\xAC\xC6\xA9\xC4\xFC\x8D\xEB\x37\x54\xDC\x73"
"\xE9\xA9\xA8\xF8\xEA\xEB\x1F\x7A\xDA\x22\x3B\x58\x2C\xDC\xD8\x7E\x2A\xB2\xD5\xB4\xFA\xFB\x1E\x87\x89"
"\xE0\xD2\x20\x69\xF0\x9A\x58\x17\x0F\x42\xB7\x1E\xE2\x91\x97\x97\xF5\x4E\xEC\xCF\xCE\xFE\x66\xD9\x60"
"\xC5\xA1\x95\x4F\x62\x0D\x14\x0A\x85\x29\x5E\x07\x36\x7D\x64\x61\x61\xDD\x01\x4B\x4F\xE7\x99\xE5\x25"
"\x3D\x99\x5F\x71\x4F\xF7\x74\xE3\xC6\x51\xD6\x23\x6A\xFA\xBC\xAF\xB2\xB3\xB3\x6F\xAC\x1B\x4C\xD0\xAD"
"\x5C\x13\xC9\xC0\xA9\x38\x7F\x1D\xB0\x2C\x39\x7F\xBE\x64\x2B\x15\x13\x07\xA1\x9E\x41\x8D\x81\x81\x53"
"\xF3\xE7\x11\x1B\xBE\x4B\x21\x28\xB8\x52\xF9\x4D\x76\xF6\xD7\x37\xE6\x31\x7B\xE6\x63\x4A\x16\x9F\x45"
"\x12\xFC\x7D\xC0\xD2\xB2\xC4\xD2\xF2\xC8\x15\x7E\x69\x20\xCE\x08\x0A\x92\x06\x1E\xC8\xDA\xF3\xED\xEE"
"\xDA\x6F\x8F\xCC\x3D\x74\x68\xEF\xCA\x03\x07\xC6\xD7\x74\x47\x96\x9F\x59\x39\x35\x6F\xF6\x6C\x82\x41"
"\xAD\x86\xF8\x7B\x97\x4A\x52\x21\x4D\x92\xF4\x14\x67\x8F\xB5\xF9\x0E\xAB\x3E\xF9\xED\xA6\x4D\x9B\xC6"
"\xC7\xC7\xED\xCF\xFC\xF8\xE3\x9F\xA5\x01\xAB\xDB\xED\x8F\xDA\x4F\xE1\x90\xD7\x68\x80\xE5\x7B\x77\x2F"
"\x5D\xFA\xAC\x34\x90\x81\xF4\x8E\xB9\xBA\x16\x9C\xF1\x72\xF0\xCA\x49\x3E\x9D\x9C\x7C\x36\x27\x27\x67"
"\x61\x4E\x4E\xD2\xAA\xFB\x5E\xED\xF6\x4F\x6A\x8E\x66\x88\x21\x8F\x41\x1C\x4F\x2D\xF9\x2C\x90\x4A\x52"
"\xEC\xDB\x0B\x0A\x86\x87\x87\xD7\xBA\xC2\xAB\xE0\x30\x76\xC6\xDE\xA8\xF6\xF6\xB5\xAE\xF6\xF6\x05\xAE"
"\x47\xC7\x58\x81\xE9\x46\x9C\x92\x6A\x99\x7A\x88\x49\x4D\x59\x9D\x7C\xFA\x74\x72\xD2\xEA\x05\x67\xE1"
"\x67\xE1\x42\xAF\xFC\x64\x2F\x38\x7A\x2D\x5C\xE0\xB5\x60\x75\xF2\xC0\xC0\x80\x17\x1D\xC5\xA9\x10\xA7"
"\x42\x9C\xA0\x12\xBD\xEF\x78\xFF\xF4\xF3\x78\x7A\x9E\xD9\xB4\x02\x1E\x79\xCE\x44\x66\x0E\xB1\x59\x3F"
"\xFF\xF4\x27\x47\x67\x2A\x85\x02\x71\xF3\xDF\x9F\xFF\x44\x43\x52\x2E\xBF\x63\xD2\xAC\x19\xC6\x0E\xC7"
"\xEC\x66\xC2\xFB\xD3\xBF\x98\xF0\xF5\x17\x15\x1B\x3E\xFE\xF8\xA2\x22\x84\x33\xD5\xD6\x96\xEF\xD2\xA6"
"\xF3\xF0\x78\xA8\x6B\x73\xD1\x0D\xEA\x74\xF9\x0F\x75\xF3\x5D\xDA\xF2\xE1\x00\xA5\xCB\x4F\x31\xE2\x57"
"\x97\x71\x14\x5D\x5D\x97\x15\x8A\xCB\x95\x09\x95\x09\xC3\xC6\x22\x0B\xDA\xFD\xCB\xA3\x33\x64\x86\x8C"
"\xE8\x0A\xEB\xCA\x84\x84\x84\x4A\xFF\x4A\x7F\xFF\x84\x42\x21\x7C\x19\x40\x69\x30\x49\x57\x2A\x95\x74"
"\x65\xAF\x7F\x65\x61\xA1\x7F\x79\xCF\x94\xC7\xA0\xCB\x40\x72\x3A\x95\x2F\x24\x3E\x5F\xED\x78\x3A\xDF"
"\xE3\x6C\x52\x8F\x7F\x79\x61\xB9\xB7\x54\xC8\x60\x80\x46\xF8\x2A\x32\xA0\xE8\x9C\x1C\x6B\xEB\xC2\x72"
"\x6B\xEF\x80\x80\x00\xE8\xDC\x9C\x9B\xC7\x3D\xAE\xBC\x0D\x4B\x36\x0B\x70\xB0\x2E\xB4\xB6\xF6\xB6\xE1"
"\x72\x35\x0C\x40\x98\x1E\x65\x8C\xA1\xE0\xD9\x6D\xF6\xFE\x14\xA6\x37\xCF\x9A\x35\x67\xCE\x1C\x38\xCC"
"\x32\x1E\xC6\x70\xC0\xDA\xDB\xDB\xDB\xE6\x9A\x94\xC7\x45\xC0\x0C\x4D\xF2\x42\xAA\x03\xEE\x6F\xF6\xB2"
"\x71\xB4\xB1\x76\x74\xB4\xB1\x81\x67\x47\xD3\x17\x06\x9B\xAF\x5D\x73\x58\x65\x67\x07\x71\x0D\xC0\xA6"
"\x71\x84\xCB\xE5\xC2\x54\xB5\x83\x43\xB5\xF4\x8F\x1F\xCC\xE8\x5D\xD3\xE0\x69\x67\xE7\x70\xDB\x2E\xC0"
"\x01\xE2\x9C\x19\x1C\xC3\x48\x0D\x27\x84\x27\x95\x86\x70\x79\x1C\xF3\xD7\xC4\x85\x79\x9E\x14\xFE\xB7"
"\x98\xD3\xFF\x09\x8E\x53\x37\x39\x1A\xD2\xD5\xC6\x00\x00\x00\x00\x49\x45\x4E\x44\xAE\x42\x60\x82"
}
};

static const binfile_t logo_celeste = {"logo_celeste.png", 600, {
"\x89\x50\x4E\x47\x0D\x0A\x1A\x0A\x00\x00\x00\x0D\x49\x48\x44\x52\x00\x00\x00\x2E\x00\x00\x00\x32\x08"
"\x03\x00\x00\x00\x14\x73\x19\xE5\x00\x00\x00\x04\x67\x41\x4D\x41\x00\x00\xB1\x8F\x0B\xFC\x61\x05\x00"
"\x00\x00\x01\x73\x52\x47\x42\x00\xAE\xCE\x1C\xE9\x00\x00\x00\x63\x50\x4C\x54\x45\x00\x00\x00\xFC\x5D"
"\x40\x9F\x15\x34\x8C\x0F\x35\xF3\x30\x2D\x84\x0C\x37\xE3\x2B\x29\x00\x00\x00\xFF\x00\xFF\xDE\x29\x29"
"\x73\xD0\x30\xE6\x2D\x29\xBC\x20\x30\x70\x15\x15\x49\x0C\x14\x43\x0E\x7C\x49\x84\x21\xD1\x25\x2D\x7F"
"\x0B\x38\x33\x5B\x19\x32\x93\x71\x69\xBD\x2E\x74\x1E\x62\x5D\x17\x62\x1E\x08\x30\x4C\xA5\x54\x5B\x77"
"\x4C\x27\x05\x0B\x0E\x02\x12\x4C\x1A\x81\x8A\x1A\x1A\x45\x49\x70\x16\x28\x09\xCB\x48\xF5\xDD\x00\x00"
"\x00\x01\x74\x52\x4E\x53\xF3\x64\x52\x7B\xC0\x00\x00\x01\x86\x49\x44\x41\x54\x48\xC7\xD5\x95\x09\x6E"
"\x83\x30\x10\x45\x89\xC7\x36\x25\xDE\x6A\x53\x96\xB2\x94\xDC\xFF\x94\x1D\x1B\x1A\x4A\x02\x86\xA8\xAD"
"\xAA\x3C\x21\x34\x91\x9E\xC6\x1F\x07\xC6\xC9\xCB\x43\x24\xCF\xA0\x27\xA9\xE7\xAF\xF4\xD7\xC0\x9E\x9E"
"\x7E\x51\x9C\x3D\x97\xDB\x05\xB6\xF5\xA2\x28\x76\xF5\x10\x21\x47\xFD\x3D\x70\x97\x27\x59\xB4\xCE\x43"
"\x84\x02\xF5\xB7\x00\x46\xCA\x17\x0B\xFC\x48\xBF\xE4\x79\xDE\x34\x0D\xDE\x31\xC9\x30\x0C\x58\x5C\x22"
"\x3A\xD2\x19\xD3\xFB\x15\x8A\xA2\x32\xA6\xBB\xDD\xFD\x7B\xBD\x37\x43\x88\x74\x1E\x4C\xBF\xA3\x77\x75"
"\x5D\x57\x55\xD5\x04\xB0\xC0\x9F\x5D\x44\xAF\xFB\xBE\x02\xC2\x4C\x80\x01\xA9\xFA\xBE\x8E\xE9\xC6\x54"
"\xC0\xDC\xA8\x3B\x60\x95\x89\xE8\x6D\xAB\xCB\xB2\x24\x84\x94\x81\xB1\xD0\x6D\xBB\xA6\xA7\xA9\x26\x4C"
"\x9E\x4E\xA7\x8C\x73\x11\xE0\xDC\x57\x12\x88\x9E\x17\xF8\xAE\x83\x0B\xFA\x02\x4E\x1C\x6C\xE8\x04\x26"
"\x1D\x5B\x4F\x72\xA4\xBB\xA2\x53\x47\x71\x5D\x03\x0B\x9A\x51\xF5\x80\x2E\xE2\x3A\xC7\xEB\x68\x77\x1A"
"\x76\xC6\x02\x90\xE9\x39\x01\x24\xDF\xD5\x19\x83\x49\x67\xEE\x80\x0E\xB3\xCE\x22\x3A\x97\x84\x48\xD4"
"\xAC\xB5\x47\x74\x21\x9D\x23\xFE\x59\x39\x9F\x75\xB1\xA9\x53\xAF\x87\x3F\x7F\x44\x10\xE7\x24\x5D\xD5"
"\x11\xAD\x95\xB5\x98\x67\x46\x5A\xAB\xB4\xDE\x7C\x81\x35\x15\xD6\xB1\x2B\xCE\x0A\xAA\x23\xEF\xBB\xA6"
"\xD4\xEB\x10\xF0\x3A\x8D\xE8\x63\x1E\x29\x25\x6E\x24\x5E\x58\x2C\x93\xAC\x0D\xBD\x16\xF3\x78\x19\x20"
"\x13\xB4\xDD\x9D\x91\x98\x27\x1B\x93\x67\xB7\x49\x56\x07\xB6\x52\x3E\x8F\x4F\xA2\xD4\x81\xF9\x8E\xE3"
"\x63\xFC\xEE\xBA\x43\xC7\x81\x8F\x1F\x68\x8F\x9E\x1E\x1F\x81\xC3\x47\x59\xBA\x7E\x30\xFD\x92\xFE\xE4"
"\x87\xFC\xBF\xE8\x9F\xE6\xC7\x50\x04\xEC\x2D\xAB\x1A\x00\x00\x00\x00\x49\x45\x4E\x44\xAE\x42\x60\x82"
}
};

static const binfile_t logo_classicube = {"logo_classicube.png", 800, {
"\x89\x50\x4E\x47\x0D\x0A\x1A\x0A\x00\x00\x00\x0D\x49\x48\x44\x52\x00\x00\x00\x2E\x00\x00\x00\x32\x08"
"\x03\x00\x00\x00\x14\x73\x19\xE5\x00\x00\x00\x99\x50\x4C\x54\x45\x14\x17\x36\x2B\x2E\x59\x2A\x2E\x58"
"\xDC\xA5\x41\x9F\x71\x28\x0B\x11\x37\x5F\x4A\x33\x21\x28\x5B\xD2\x9E\x43\xAD\x83\x3C\xD2\xA1\x45\x11"
"\x15\x36\x10\x19\x4D\x01\x09\x38\xB6\x88\x3B\x56\x46\x3A\x1B\x23\x59\x5C\x41\x22\x07\x0F\x39\x8D\x6C"
"\x38\xD7\xA1\x41\x73\x5A\x38\x08\x0F\x36\xE2\xAA\x44\xD6\xA1\x41\x1D\x1D\x33\xCB\x99\x41\x2E\x27\x31"
"\xA7\x78\x28\xB8\x86\x35\x96\x6B\x22\xD9\xA4\x44\x84\x5C\x1D\xEA\xB0\x44\x0D\x11\x32\x3E\x34\x36\xB0"
"\x80\x2F\x90\x63\x19\x7D\x56\x18\x27\x26\x3B\x00\x01\x34\x57\x3F\x23\xBF\x8F\x3A\x4E\x3B\x28\x65\x49"
"\x23\x72\x51\x1F\x67\x4E\x2F\x8B\x64\x28\x12\x1C\x5A\x20\x24\x51\xA0\x6C\x15\x46\x19\xA3\x2C\x00\x00"
"\x02\x42\x49\x44\x41\x54\x48\xC7\x95\xD3\x8D\x72\xA2\x30\x14\x86\xE1\x4F\x93\x40\x24\x4D\xB7\xA6\x5D"
"\x42\x00\x41\x8A\xF8\xDF\xDA\xF6\xFE\x2F\x6E\x0F\x88\xD6\x9D\x5A\x89\xAF\xA3\x8E\xF8\xCC\x21\x04\xC5"
"\xE8\xAE\x3A\xFE\xF9\xE0\xD1\xE7\x89\x87\xF5\xF6\x71\xB0\x6D\x7D\xE2\x2B\xC6\xE4\x60\x8C\xAD\x8E\xFC"
"\xE9\x99\x71\x8F\xEC\xDF\xB0\xE7\x09\x0F\x82\x60\xFA\x5B\x9B\xCD\x66\x1A\x04\x3C\x39\x73\xC9\x03\x23"
"\x2E\xD2\x5D\x97\x87\xCC\x25\x2F\x79\xA0\xF0\xB3\x18\xE7\x54\xC0\xD9\x99\x33\x1E\x5C\x28\x95\x1D\x0A"
"\x8A\xBF\x67\x02\xE7\x7E\xE7\xF1\x57\x2A\xA5\x4C\x25\x9B\x68\x63\xC4\x20\x57\xEE\xB0\xC8\xA9\xED\x0C"
"\xC8\xDF\xC5\x10\x87\x41\xD7\x6C\x56\x34\xDC\x83\xF7\x02\x32\xCA\xE7\x9B\x61\xAE\x00\xE7\x80\x1D\x97"
"\x69\x01\x33\xC4\x29\xA5\x94\xC8\xA6\xC5\x2C\x5D\xEC\x33\x35\xCC\x29\xFD\x96\xF3\x65\x94\xCE\xE6\xC6"
"\x83\x2B\xCC\x8B\x62\xAE\xE8\x72\x97\x3E\xDC\x65\x05\x5D\xA6\xF6\xE4\x26\x6B\x16\xCD\xCE\x18\x2C\x7C"
"\x16\x23\x76\xF3\xBC\xC9\x00\x3F\xAE\xB2\x7D\xC1\xDF\x9C\x6A\xB9\xC7\x62\xF4\x32\xCF\x1B\xAD\x7C\xA7"
"\xBF\xF1\xA2\x9D\xDD\xF1\x6D\x23\x6E\x73\x97\x35\xA7\x7B\x2F\x70\xC8\xA7\xB7\xB9\xC8\x9A\x59\x53\x1B"
"\x1C\xDB\x2D\x35\x6E\x71\xDA\x14\x3E\xAF\x1D\xBE\xBB\xC9\xDD\xBE\xC8\xF7\x0E\x9E\x9C\x36\x85\xCF\xB5"
"\xBA\xC1\xC3\x8F\x0B\xDE\x6F\xF8\x75\xFE\x11\x8E\x10\x32\xEA\xC4\xD5\xD7\xE2\x40\x5B\x71\x9D\x53\x21"
"\x71\xAC\x6A\x27\x44\x8B\x62\x5D\x67\xAF\x3A\x86\x88\x63\x45\x07\x62\x7A\x8B\x11\xAB\xEE\x23\x21\x74"
"\xFC\x15\x9E\x9D\x78\x62\x23\x44\x34\x95\xC9\xCA\xD9\xC4\xD6\x69\xC2\x14\x22\xB0\xC4\xBA\x4A\x55\x88"
"\xCA\x52\x45\xAC\xEC\xB9\xA0\x6F\xD0\xF1\x14\xD6\x59\xC0\xA5\x40\xC7\x81\x55\xF5\x6A\x41\xB3\x54\xF4"
"\x3D\x9D\xA8\x3E\x73\x32\xEB\x9E\xDB\xB5\xCE\xAE\x72\x71\xE4\x49\x24\x91\x48\x5B\xD3\xD9\x3B\xAE\xD5"
"\x91\x4B\xE2\x92\xFD\x3F\x7D\xAD\xDB\xE9\x02\xB0\xED\xD2\xCE\xD3\xF5\x95\xE9\xDD\xB9\x81\x2D\xAA\xF6"
"\x60\xCB\x4F\x6B\xB7\x60\x3F\x79\x15\xA1\xB4\x96\xA6\x57\xAE\x4A\x58\x96\xB2\x23\x4F\x2A\xC8\x92\x78"
"\x49\xBC\x64\x3D\xC7\x9D\xFB\xAE\xD7\x5A\x21\x36\x02\x02\x7D\xC6\x28\x21\xE8\xB5\xBD\xC1\x02\xB1\x30"
"\x0A\x84\x8E\xDC\xA6\xF2\x5D\x60\xA0\x38\x48\xA5\x25\x3E\x0A\x1F\x9E\x59\xE0\xC1\xD9\xE4\x23\xEC\x7E"
"\xEF\x93\xD2\x87\x97\x93\x70\x7C\xE2\x5A\x0C\xA4\x83\x97\x49\xFB\xF7\x18\x8F\x9F\x26\x32\xF8\x33\x58"
"\x20\x69\xFA\xF8\xC8\xE5\xCB\x4B\xD2\x3D\xA8\xA4\x7F\x52\xE7\x8F\x54\xFA\xCD\xBD\x7A\xEC\xF9\x68\xEC"
"\x1D\xF1\xBB\xFA\x07\x5A\xDF\x47\x68\xDD\x1C\xE8\xDC\x00\x00\x00\x00\x49\x45\x4E\x44\xAE\x42\x60\x82"
}
};

static const binfile_t logo_col = {"logo_col.png", 1225, {
"\x89\x50\x4E\x47\x0D\x0A\x1A\x0A\x00\x00\x00\x0D\x49\x48\x44\x52\x00\x00\x00\x2E\x00\x00\x00\x32\x08"
"\x03\x00\x00\x00\x14\x73\x19\xE5\x00\x00\x00\x01\x73\x52\x47\x42\x00\xAE\xCE\x1C\xE9\x00\x00\x00\x04"
"\x67\x41\x4D\x41\x00\x00\xB1\x8F\x0B\xFC\x61\x05\x00\x00\x00\xC3\x50\x4C\x54\x45\xC7\xCA\xCD\xC5\xC7"
"\xBF\xD0\xD0\xD1\xC4\xC2\xBF\xE9\xE9\xEA\xF5\xF8\xF4\xF8\xF8\xF8\xF1\xF0\xEF\xF8\xFC\xF8\xA5\xA3\xA7"
"\x6C\x65\x65\x60\x60\x62\x76\x4E\x48\x87\x81\x7A\xBA\xB6\xB1\xC3\xBE\xB8\xCF\xCF\xD0\xAF\xB0\xB0\x28"
"\x26\x26\x0B\x0A\x0A\x24\x17\x14\x3E\x1B\x0C\x66\x44\x1E\x4D\x4B\x4A\xE9\xE6\xE0\x3F\x42\x19\x27\x30"
"\x0C\x49\x53\x26\x20\x20\x1F\x3E\x41\x43\x0A\x2A\x3B\x27\x2A\x30\x8F\x98\x9E\xAA\x7A\x80\xBA\x68\x44"
"\x9B\x4F\x2C\x30\x2B\x27\x68\x93\x52\x44\x6D\x7E\x33\x86\xA8\x97\x99\x86\x4F\x33\x1D\x61\x5D\x1B\x17"
"\x17\x15\x1E\x1C\x21\xAE\xA8\x8D\xE0\xE4\xE8\xC1\xD5\xE8\x30\x31\x33\x17\x1B\x1C\x70\x6C\x20\xDA\xDD"
"\xDB\xE0\xE2\xE0\x56\x57\x59\x20\x22\x28\x10\x14\x18\x75\x76\x77\xE0\xE0\xE8\x71\xAB\xEF\x92\xCA\xF8"
"\x5A\xA7\xF4\x26\x75\xD3\x37\x90\xF6\x1C\x7C\xF2\xB0\xB4\xB8\xB5\xA8\x6B\x94\x00\x00\x00\x09\x70\x48"
"\x59\x73\x00\x00\x0E\xC4\x00\x00\x0E\xC4\x01\x95\x2B\x0E\x1B\x00\x00\x03\x8F\x49\x44\x41\x54\x48\x4B"
"\x8D\x96\x89\x7A\xA2\x4A\x10\x85\x81\xAB\x08\x02\x1A\x1B\xB0\x65\x13\x8C\x26\xC1\x40\x62\x33\x8A\x66"
"\xC4\x60\xDE\xFF\xA9\x6E\x55\xB3\xB8\xCF\xCC\x39\x1F\xD8\xE2\xF1\xEF\xEA\x02\x41\x41\x10\x05\x41\x42"
"\xA3\xAA\xD1\x43\x0B\xFF\x41\xB6\xD3\x95\xBB\xB2\xDC\xED\x80\x7A\xB2\xC2\xDD\xAD\x5F\x15\x59\xAE\xF7"
"\x98\xE9\x49\x10\xEF\x28\xA8\xAE\xDA\xEF\x6B\xBA\x31\x18\x0E\x45\x51\x94\xE4\x9E\x00\x2F\x5C\x02\x57"
"\x8F\x87\x7A\x4F\x82\xD4\xC5\x81\x3C\x22\xA6\x65\xD9\x63\xDB\xB6\xAC\xF1\x98\x4E\x44\xC7\x75\x5C\xCF"
"\x73\x7D\x37\x98\x4E\xC3\xE9\x34\xE2\x71\xB9\x89\x2B\x91\x19\xCC\x66\xCF\x73\x5B\x9F\xCF\xAD\x45\x30"
"\x11\x7D\x08\x7B\xAE\xF7\xF2\xF2\x3A\x7D\x7B\x7B\x9D\xF6\xAB\x54\x4B\x8F\xCD\x85\xAE\xCF\xC7\xF6\xFC"
"\x79\x6E\xD9\xCB\x38\x76\xDD\x77\xCF\x4B\xEA\xF8\xDB\x54\xAB\x52\x2D\x5D\xA0\xA9\x95\xDA\x4B\x1B\xB4"
"\x84\x92\xBC\x77\xC7\x71\x3C\xC7\x75\xB1\x18\x50\x74\x45\x97\xA5\x58\xD3\x8C\x8F\x99\xAE\xCF\x3E\x4E"
"\x8A\xE3\x38\x52\xA3\x28\x52\x3F\x79\xFA\x44\x57\x64\x21\x98\x1A\xBD\xD8\x75\x8C\x0F\x03\x15\xC7\xB8"
"\x9F\xE1\x4E\xAD\xFA\x02\x3A\xC5\x95\xC9\xAB\xE9\xC4\x9E\xE9\x41\x4B\x9C\x25\x16\xC4\x05\xFD\xB2\x2C"
"\xB5\x8E\x9C\xD1\x15\x65\x15\x98\x9E\xC9\xB4\xC4\x81\x55\x8E\xC7\x96\x35\x7F\x7E\x86\xB6\xC6\xAA\x6E"
"\x56\x6D\x04\x9D\xC7\xBB\x51\x66\x26\x71\x9C\xFC\xFA\xF5\xFE\x6E\x2D\xA1\xFF\x73\x1D\xE2\x82\xAC\xB5"
"\xF1\x0B\xBA\xD2\x79\x71\xB5\xF5\x87\xE7\x41\x53\xC6\xFA\x78\x6C\x2F\xEC\xA5\xBE\x94\x64\x23\x68\x8A"
"\x39\xD1\x7B\x1B\x90\x30\x10\xD6\xD2\xE0\x52\x6B\x38\x2A\x6D\xAA\xC5\xB6\xF4\x49\xEE\x6F\xFD\x2D\xB9"
"\xE3\xEA\x68\x5E\x75\xB2\x89\x1B\x09\xF1\x53\xEE\x2C\xCD\xD2\x14\x33\xF8\xFD\xDA\x3E\xD9\x19\x32\xA4"
"\x5A\xBA\x91\x61\x2E\xD9\x92\x0C\x3F\xCF\x76\xB0\x87\x23\xAD\x43\x5F\xE3\x17\x6E\x13\xFF\xF2\x53\x16"
"\x90\x8C\x10\xA6\xE5\xB9\x16\x5A\x90\x49\x92\xAC\x35\x49\x35\xAC\xE6\x9C\x1E\xD2\x2F\xB6\x0B\x59\x9E"
"\xD3\x9C\x06\xD9\xA9\x92\xCA\xDA\x04\x63\x27\xBA\x9F\x04\x5F\x41\x02\x71\xCA\xE3\x84\x2C\xC2\xD6\xE4"
"\x0E\x1D\x19\x61\x55\x0C\xCB\xB2\x2D\x09\x4F\x22\x50\xFB\x15\x1D\x7B\xE1\x2F\x42\x9F\x81\x88\xFF\x0F"
"\x74\xB6\xCD\x42\x16\xD2\x20\x80\x35\xFF\x95\x9E\x32\x4A\x49\x4A\x78\xED\x0C\x7B\xF4\x37\x3A\x35\x28"
"\x74\x06\x6B\xCF\x29\xD2\xEB\x9E\xE0\x8A\x6E\xE9\xBE\x45\xE8\xF6\x9C\x4E\xF8\x32\x40\x3E\x8C\xEF\xF4"
"\x1D\xCE\x28\xD4\x8E\x7D\x67\xDB\x14\x57\x1E\xD2\x1C\xDE\xC1\x2C\xDB\x5B\x7A\x78\x7E\x45\x91\x70\x01"
"\x1B\x8B\x86\x83\x61\xC4\xE0\x13\x76\x43\x67\x75\x17\x42\x98\x01\xCC\x65\x8C\x46\x23\x83\x8F\x6E\xE8"
"\x24\xD9\xD5\xC6\xBA\xA1\xF3\x14\x7E\xD3\xA3\x91\x1A\x19\x14\x8E\xDC\xD0\x49\xD6\xE4\xD3\x6A\x92\xBC"
"\x0F\x77\x4D\x4D\xEB\xF7\xE9\x2E\xB9\xBD\x66\x48\xD2\x28\x5D\xE0\xEC\x26\x5D\xDA\x78\xFD\xDB\xCB\x07"
"\xF4\xD3\xD5\x8D\xD5\x13\x38\xBB\xB5\xEE\xF4\x3D\xE1\x2B\x7A\xA8\xE4\x8A\x6E\xD6\xA4\x07\x32\xAF\xE9"
"\xFD\xAF\x3F\xA8\xBF\xBB\xA2\xEF\x68\x80\x26\x8C\x05\x38\xB9\x9F\x65\x4D\xA7\x92\x74\xCB\x68\x72\x45"
"\x37\x29\x57\x10\xF0\x0D\xA6\xF7\x4D\x73\x57\x9B\x50\x6A\x5E\xD2\x47\x99\x59\x77\xBD\xB1\x79\x26\x78"
"\x1F\x5D\xD0\x95\x11\x9E\x92\x2B\xF5\x5B\x6B\x86\x84\xF7\xB1\x96\x0E\x77\xBD\xCF\xCE\x1F\x3C\xA9\x9E"
"\x8F\x4F\xF0\x0C\x7C\xA8\xEE\x95\x7B\x1D\x88\xAF\x37\xBF\xEF\x7B\xB5\xBF\x52\xB1\x81\xF8\x66\x33\x41"
"\xAF\xD7\xB0\xF1\x51\xE3\xC3\x77\x79\x38\x96\x87\x7D\x59\x1E\x4A\xFE\x7A\xC4\xA7\xF6\x86\xB3\xA4\x81"
"\x24\xC2\xFD\x7A\xB8\x16\x25\x51\xE2\x47\x3E\x0F\xDF\xFB\xE2\xBB\x00\x68\x51\xE0\x57\x8A\xE2\x5B\x6A"
"\xE9\xF0\x4F\xE2\x67\x30\x52\xD5\xE1\x40\xFC\x19\x34\xF4\x43\x71\x2C\x21\x0D\x75\x1C\xCA\xD5\xEA\x9C"
"\x8E\x54\x78\xF6\x8B\x17\xF4\xA2\x38\x1C\xF7\x05\xD4\x51\xEC\x8B\x15\x16\xC3\x97\xCA\x59\xB7\x2E\xBE"
"\xCB\x12\x8A\x2E\x8F\xB8\xC1\xB0\x3C\x20\x1D\xF2\xF7\xF5\x7B\x75\x29\x69\x85\xF1\x08\x7E\x91\xFF\xA4"
"\x1F\x55\x7D\xFA\x1F\xCF\x5D\xEB\xAF\x0B\x98\x6F\xC1\x00\x00\x00\x00\x49\x45\x4E\x44\xAE\x42\x60\x82"
}
};

static const binfile_t logo_doom = {"logo_doom.png", 2869, {
"\x89\x50\x4E\x47\x0D\x0A\x1A\x0A\x00\x00\x00\x0D\x49\x48\x44\x52\x00\x00\x00\x2E\x00\x00\x00\x32\x08"
"\x03\x00\x00\x00\x14\x73\x19\xE5\x00\x00\x00\x01\x73\x52\x47\x42\x00\xAE\xCE\x1C\xE9\x00\x00\x00\x04"
"\x67\x41\x4D\x41\x00\x00\xB1\x8F\x0B\xFC\x61\x05\x00\x00\x02\xF7\x50\x4C\x54\x45\xFF\x00\xFF\x59\x04"
"\x04\x68\x03\x04\x77\x03\x03\x87\x03\x04\x49\x04\x04\x80\x5E\xAB\x8B\x64\xA2\x85\x59\x99\x8B\x15\x34"
"\xA9\x0F\x0F\xA7\x04\x05\x7B\x60\x9F\x7B\x5F\xA2\x8A\x2D\x5D\xAC\x0E\x2F\xC5\x04\x06\x76\x50\x94\xAA"
"\x75\xA1\x78\x57\x99\x75\x15\x2B\x51\x0F\x5C\x6D\x5A\xA0\x78\x3B\x96\x57\x18\x15\x19\x09\x28\x18\x07"
"\x1C\x09\x03\x1D\x06\x03\x28\x30\x15\x14\x92\x14\x15\x35\x15\x25\x05\x03\x38\x6B\x1A\x14\x53\x22\x5D"
"\x31\x13\x25\x34\x0E\x50\x50\x0B\x2D\x7A\x16\x16\x47\x1B\x18\x77\x19\x0C\x37\x19\x1A\x66\x19\x08\x06"
"\x04\x46\x56\x26\x27\x88\x29\x0B\x53\x25\x0C\x1E\x13\x22\x77\x2A\x13\x46\x28\x17\x43\x1B\x23\x79\x2A"
"\x0A\x6A\x36\x18\x57\x18\x0B\x6A\x23\x09\x7C\x35\x0D\x6A\x44\x1C\xB5\x58\x19\x1A\x0A\x36\x96\x23\x0B"
"\x2E\x21\x0F\x58\x27\x17\x88\x36\x0C\x57\x38\x1B\x74\x36\x29\x19\x0F\x44\x88\x39\x16\x83\x46\x24\x96"
"\x39\x0D\x7B\x49\x1A\x68\x28\x13\x76\x49\x27\x05\x05\x55\x76\x3C\x17\x9C\x47\x0D\x68\x45\x26\x98\x65"
"\x3B\x97\x44\x15\xA6\x48\x0E\xAA\x57\x19\x08\x06\x67\x96\x57\x1B\x35\x28\x26\x27\x27\x18\xB8\x48\x0E"
"\xA6\x4B\x17\x86\x59\x25\x8A\x57\x1C\x36\x2A\x18\xA6\x58\x2B\xC6\x64\x1B\x47\x34\x1A\xBF\x66\x15\x7E"
"\x56\x1D\x47\x27\x26\x88\x4B\x17\xA8\x66\x24\xCE\x4D\x17\xAF\x72\x33\x96\x5D\x28\x65\x3B\x23\xD5\x84"
"\x29\x4D\x30\x38\xB5\x87\x2B\x58\x2B\x38\xE7\x64\x1D\xAA\x89\x35\x56\x3C\x23\x97\x6A\x27\xBB\x92\x2E"
"\xCD\x71\x29\xA6\x6C\x44\xB4\x8B\x35\xC7\x8E\x4C\xA7\x78\x27\x97\x63\x1C\xC5\x71\x51\xC2\x99\x34\x98"
"\x76\x35\xC8\xA8\x49\xA1\x6A\x1B\xB3\x97\x46\x79\x57\x34\xB1\x92\x68\x2D\x29\x24\x9C\x75\x28\x88\x5B"
"\x37\xDA\xC2\x4E\xAD\x72\x47\x57\x44\x28\xD6\xB7\x4A\x96\x83\x46\xB9\x96\x35\xAA\x89\x43\xBA\xA3\x49"
"\xE6\x79\x3E\x48\x38\x26\xB7\xAC\x70\xAB\x93\x50\xCC\xB2\x53\x88\x69\x36\xB8\xA4\x59\x9B\x88\x32\xAB"
"\x94\x35\xE5\xB2\x4A\x7B\x55\x27\x8C\x64\x27\x65\x4D\x38\x57\x46\x37\x8C\x79\x65\x8A\x74\x59\x95\x8F"
"\x74\xAB\x84\x2A\xCF\xB1\x3C\xCC\xB2\x6D\xC7\xA7\x38\x8A\x75\x2F\xE2\xBC\x53\x6A\x53\x37\x6D\x5D\x4A"
"\x92\x6F\x4C\xD9\xC7\x5A\xE4\xCE\x56\xAB\x9C\x8D\x73\x8D\x30\x34\x67\x28\x50\x8E\x3D\xA8\x36\x24\xB2"
"\xAF\xAE\x26\x3A\x18\x1B\x36\x13\x24\x47\x1A\x50\x96\x43\x98\x04\x04\xB6\x04\x05\xAA\x2D\x12\x37\x34"
"\x29\x5B\x54\x49\x77\x68\x5B\x86\x7B\x72\x68\x58\x48\x37\x49\x24\x1E\x44\x16\x2C\x59\x23\x7A\x6B\x33"
"\x57\x53\x39\x29\x55\x1D\x34\x48\x1E\x39\x74\x2C\x4D\x73\x32\x44\x16\x0B\x1C\x25\x13\x3D\x82\x2F\x53"
"\xA8\x48\x44\x88\x38\x65\x53\x2C\xEC\xDD\x61\x14\x29\x0D\x15\x2F\x0E\x1D\x1E\x16\x24\x17\x0C\x1B\x18"
"\x0C\x37\x35\x1B\x38\x6F\x2B\xF3\xB4\x8C\x93\x51\x34\x38\x05\x03\x48\x47\x23\x2D\x4E\x23\x0C\x18\x08"
"\xD8\x8E\x61\xE8\xA3\x79\xB6\x70\x48\xE6\x9B\x6E\x28\x08\x04\x1A\x0C\x07\x90\x2A\x16\x33\x58\x25\xD4"
"\x8B\x5D\xD1\x4E\x29\xD4\x0A\x0C\x55\x58\x29\x89\x2A\x28\xA9\xA7\x91\xDD\x9A\x72\xF2\xD5\xB4\x47\x44"
"\x1E\x4D\x4B\x44\x4B\x44\x38\x6D\x69\x50\x33\x31\x2B\x3E\x3B\x34\x4C\x04\x1D\xDC\xB0\x93\x53\x55\x46"
"\x51\x4B\x41\x6A\x65\x56\xDE\xE9\x24\x7B\x75\x6A\xF5\xF7\x14\x7D\x8A\x63\x67\x9E\x45\x93\x89\x4F\xDB"
"\xE3\xB0\xF7\xEB\x8B\xCD\xC1\xB1\xFD\xF7\xCF\xFD\xF4\xB2\xDD\xD1\xC8\xE4\xDC\xD3\xFE\xFE\xF0\xCC\x3B"
"\x18\xE9\x51\x18\x00\xA8\x67\x58\x00\x00\x00\x09\x70\x48\x59\x73\x00\x00\x0E\xC4\x00\x00\x0E\xC4\x01"
"\x95\x2B\x0E\x1B\x00\x00\x07\xC7\x49\x44\x41\x54\x48\x4B\xB5\x96\xFD\x5F\x53\xD7\x1D\xC7\xEF\x4D\x72"
"\xBB\x4A\xB0\xE2\xD6\x39\xD0\x2B\x5C\x46\xDB\x08\x97\x60\x02\x68\x42\x8C\x44\x22\x34\x81\xA0\x08\x99"
"\x90\x12\x11\x2B\xD8\x58\x42\x0A\x06\x21\x10\xC2\x43\x04\x59\x14\x6D\x7D\x88\x0A\xB5\x1A\x9F\xD2\x2D"
"\x09\x37\x23\x5A\x83\xA2\x82\xC5\x25\x20\xB8\xEB\x53\x49\x26\xD3\xF9\x80\xE2\xAA\x4C\x37\xB7\xD9\x6D"
"\xF6\x87\x7D\xE3\xF6\x0F\xEC\x87\x7E\x72\x5F\x37\xE7\xF5\x3A\xEF\x7C\xCE\x39\xDF\xF3\x79\x9D\x13\xE4"
"\x87\x15\x8A\x32\x40\xCC\xFF\xBE\x98\xA1\x87\xC9\x64\xC1\x27\xF4\x0A\x7D\x87\x3A\x18\x0C\x14\xC5\x5E"
"\xEB\xFF\xC5\xDF\xF8\xD1\x6B\xBD\x39\x23\x8C\xCD\x9E\xF1\x66\x78\xF8\xCC\xF0\x99\x6F\xCD\x8A\x88\x98"
"\x35\x1B\x9A\x33\xC3\xDF\x9A\xF5\xE3\xD9\x6F\x84\x87\xFF\xE4\x6D\xD6\x4F\x67\xCF\x99\x33\xE7\x67\x48"
"\x64\xD4\xDC\x79\xF3\xF0\x79\xF8\xFC\x19\xD1\xD1\xF3\x43\xAD\xA8\x79\x73\xDF\x66\x45\xC7\xE0\x04\x4E"
"\x10\x78\x54\xEC\xCF\x23\xE3\x70\x1C\x67\xBC\xF3\xEE\x5C\x1C\x9F\xFB\x1E\x12\x8B\xBF\xEE\x20\xF0\x58"
"\xCE\x02\x68\x81\x08\x22\x3E\x21\x96\x20\x48\x78\x70\x22\x26\x21\x36\x06\x3A\x13\xC9\x44\xE8\x8B\xE2"
"\x22\xB1\x04\xCE\x49\x8A\x5C\x48\x92\x3C\x3E\x17\x27\xA2\x22\x93\x38\x04\x9E\x9C\x90\x42\x12\x51\xF3"
"\xE3\xE2\x70\x22\x39\x81\xC7\x01\x87\xE4\xE4\x54\xB0\x01\x3C\x81\x20\x52\x16\x2D\xE6\x10\x24\x2F\x89"
"\x8B\xE3\x31\x02\xA1\x60\x1E\xC1\x49\x10\x10\x64\x3C\x57\x20\x20\x00\x4F\x09\xE1\x78\x5A\x32\x0C\x26"
"\x5A\x02\xEE\x04\x4F\x9C\xC4\x01\xF7\xA5\xE9\x04\x1E\xCF\x13\xA7\xCC\x05\x9C\x4B\x12\x31\x49\x12\x1E"
"\x41\x70\x16\x0B\x38\x30\x55\x62\x99\x08\xF0\x0C\x2E\x22\xC0\x71\x29\x7F\x29\x87\x24\x04\xCB\x33\x89"
"\x8C\xF8\x2C\x49\xC8\x7D\x71\xBA\x88\x8C\x7F\x5F\x26\x8D\x22\x92\x53\xD2\x39\x84\x48\x14\x5A\x08\x29"
"\x17\x65\x22\x30\xAC\x54\x92\xCD\x21\xE5\x99\xA9\x39\x72\x22\x26\x47\x91\x09\x96\x29\x99\xB8\x3C\x3E"
"\x35\x37\x93\x20\x39\x29\x2B\x92\x88\xB8\xB8\xD0\x00\xA4\x7C\x61\x26\x22\x25\xC9\x1C\x61\xF6\x52\x51"
"\xFC\xCA\xE5\x69\x71\x44\x4C\x9E\x62\x05\x4E\xF0\x33\x57\x12\xAB\x92\xA5\xF9\x2B\x89\x02\x41\xFA\x4A"
"\x81\x92\x93\x08\xD6\x20\xD1\x2F\x90\x15\x72\x72\x75\x61\x91\x44\x25\x49\xFB\xA0\x58\xAD\xE2\xAF\x29"
"\x59\x1D\x45\x24\xE6\xA4\x91\xF2\xB5\xA5\xEB\xD2\xD4\x92\x9C\xF4\xE2\x15\x92\x54\x29\x29\x07\x9E\x5C"
"\xF8\x21\xB2\x5A\x2E\x4F\x5B\x5F\x96\x2D\x91\x14\xE7\x15\x0B\xCB\x25\x1B\xCA\xF2\x08\x79\xE2\xCA\x62"
"\xB9\xFC\xA3\x7C\x4D\xB1\x24\x2B\x2F\x67\xCD\xEA\x2C\x41\xF1\x5A\x42\x2E\xDF\x48\x88\x3E\x46\x3E\x58"
"\xB5\x2A\xAD\x62\x5D\xB6\x56\x52\xBC\xAE\xB8\x34\x6B\xE9\x86\xCA\xBC\x0C\x79\x62\x5E\xB1\x68\x55\x62"
"\xBE\x6E\x4D\x69\x7E\x5E\xDE\x27\xA5\xA5\xA5\x1B\x96\x6B\x33\x32\xAA\x44\x21\x5C\x9E\x91\x56\xBD\xAE"
"\x54\x5B\xBE\x49\xBF\xA9\x06\x3A\x2A\xF2\x16\x92\x1B\xD7\x6D\x26\x32\x14\x79\xB5\x9F\x54\xEA\x35\x75"
"\x06\x7D\x7D\x59\xC3\xFA\x52\xA1\xB1\x91\x8C\x02\xDC\xA4\x5E\xDF\xD4\x5C\x28\x2C\x6A\x69\x6A\xA9\xAF"
"\x2F\xDA\x24\x6C\xD5\x16\x98\x1B\x0C\x05\x8A\xE6\xB2\x92\x4D\x35\x3A\x5D\xDD\x16\x8D\xBE\xB0\xAD\xBD"
"\xBE\x66\x6B\x47\x86\xE8\x97\x48\xB5\xD6\xD2\xD1\x51\x5D\x54\xA3\xDF\xB6\x7D\x5B\x63\xB5\xA6\xAE\xB1"
"\xB3\x44\xB8\x63\x67\x67\x59\x7D\xC5\xCE\x6D\xFA\x5A\x8D\xEE\xD3\x2D\xB5\x1A\x7D\xDB\x67\xF5\x45\x0D"
"\x06\x45\xC1\x2E\xA4\x41\x62\xFE\xAC\x70\xF7\x9E\xBA\xBD\xD6\x7D\xFB\xF7\x1D\xD8\xAE\xEB\xEA\xD6\xEB"
"\xDB\x1A\x3F\xAF\xD6\x77\x1D\xAC\x3D\xD8\xDD\xB5\xAB\x6D\xAB\x46\xD3\xD4\x56\xD1\x54\xF1\x45\x67\xB9"
"\xEC\x10\x62\x10\xCA\x2A\x77\x57\xD6\x1D\x3E\xBC\xD6\x6C\xDD\x6B\x3B\x62\x68\xEF\xEE\xEA\x3C\xDA\xDC"
"\x71\xAC\xB6\xBD\x5B\xD7\xDE\x5D\x7B\xD4\xB8\xBD\xB6\x61\x6B\x5B\x53\x85\x41\x68\x50\xEC\x01\x7C\x77"
"\x91\x5E\xD3\x55\x61\x15\x5B\xD6\x5A\x6C\xFB\x8F\xEF\x3C\x78\xF0\x68\x47\xAD\xAC\xBA\xFD\x98\xAE\x7B"
"\x8B\xCE\xD0\x99\xBF\xA7\xA9\xBB\xA3\xB6\x2D\xB5\xA1\xA3\xC4\x50\x54\x03\xB8\xA6\x52\xA7\xD7\xD5\x59"
"\x55\x56\xAB\xCD\x66\xDB\xB7\xFF\x84\xFD\xCB\x13\x5D\xD2\xFC\x7A\x7D\x4B\x4B\x43\x4B\x45\x66\xD8\xAF"
"\xF2\x35\xD5\x9D\x6D\x25\xDB\xB7\x57\x1A\x8A\x2A\x43\x78\x93\x4E\xD7\xD1\x6C\x55\x59\x54\x56\xE3\xBE"
"\x5F\x5B\x1D\x4E\x97\xBD\x47\xB8\x40\x5A\x54\xD3\xD1\x59\xC6\xA5\xD8\xEE\xDF\xE4\xD7\x54\x1E\x2E\xD9"
"\xB9\x43\xBF\x45\x07\xEE\x5B\xF4\x7A\xDD\xD6\x4E\xA3\xA5\xD7\xB6\xD7\x73\xF8\xE4\xA9\xAF\x4E\xBB\x5C"
"\xDE\xBE\x1E\x1E\x83\x97\x55\x24\x8D\x66\x51\x54\x04\x3B\x4C\xCA\xE3\x17\x9E\xD9\x5D\x62\xD0\xD5\x1F"
"\x42\x5A\x6A\x75\x2D\x1D\x5D\x25\x16\x8B\xC5\xA6\xB5\xD9\x3C\x67\xFB\xFB\x9D\xE7\x5C\xE7\x2F\x30\x99"
"\xEF\xBD\x0F\x47\x01\xE5\x8E\x70\x47\x50\xE8\x40\xF9\xA2\xF2\x12\xA8\xE8\x21\x64\x57\xFB\xD1\x8A\xA6"
"\x3D\x8E\xC1\xC1\xD0\x6C\x2C\x96\x0B\x17\xBF\x1E\x72\x9C\x3E\x7D\x29\x74\x7E\xC0\xE1\x41\x51\x6C\xB6"
"\x9B\x15\x3A\x32\xCC\x3B\x8E\x1D\xD4\x1F\x42\x7E\xDB\xD9\x54\x53\xE2\xF5\xF9\x7D\xC3\x23\x97\x55\xA3"
"\xAE\xFE\xB1\xA1\x1E\xFB\xE8\x91\x2B\xBF\x83\x63\x07\x70\x16\xC5\xA0\x98\x28\x8D\xA1\xA8\xB1\xA9\xEE"
"\x68\xDD\x55\x64\x6B\x61\xBD\xF0\x9A\xCF\xE7\x74\xF8\xAF\x5F\x77\x5E\x73\xF6\xDB\x2F\x8E\xF5\x98\x6F"
"\x5C\xB9\xB9\x00\x70\x16\x08\xA5\x51\x6C\x04\xC3\xE8\xC8\xEC\xC2\xB3\x4A\x25\xA2\xC8\x4A\x3D\xE7\xF3"
"\xF6\xD9\xBD\x2E\xA7\xB7\xBF\xCF\xDB\x6F\x3F\x6F\x1F\xBA\xF0\xCD\xF8\x95\x6F\xC0\x99\xCD\xA6\x98\x01"
"\x9A\x46\x03\x74\x20\x48\xAB\xCD\x36\xA5\x09\xF9\x3D\x8F\xEB\x74\x7A\x6F\x8D\x0D\x39\x7C\xAE\x7E\x58"
"\x67\x9F\xDD\xEE\xED\x31\xB6\x4E\xDC\xD8\x1C\xC6\x76\x53\x2C\x2C\x08\x3C\x1D\x0C\x8A\xD5\x2A\xD5\xE8"
"\xA8\x02\x71\x33\x2E\xF9\xFC\x8E\x5B\xF6\x5B\x3D\x7E\x67\x5F\xBF\xCB\xE9\xF7\x39\xED\x43\xA7\x25\xB2"
"\x89\x1B\x37\xFF\x70\x1B\x26\x41\x07\x02\x23\xC1\x11\x15\xC0\xAA\xF9\x03\x34\x82\xD2\x77\xFC\x7E\xC7"
"\x35\x97\xC3\x65\xF7\xB9\x60\x42\xDE\xBE\x31\xFB\xC5\x2F\xCB\xF9\xB9\x13\xE3\x57\xFE\x18\xC0\x68\x0C"
"\x70\xB1\x4A\xA9\x52\x8A\x69\x1A\xA3\x11\x3A\x30\x70\xDE\xE7\x77\x8E\x56\x8D\xDF\x75\x5C\xF7\x79\x1D"
"\x57\x6D\xEA\x73\xF6\xAF\xF9\x5A\x75\xEB\xC4\xF8\xBD\x01\x30\x1F\x51\x0E\x8A\x1D\xCA\x11\x3A\x54\x4D"
"\x14\x09\xD2\xD8\x55\x97\xD3\x9C\x9B\x3B\x71\x7F\xFF\xA0\xD3\xDC\xDA\xBA\xB9\x6A\xE9\x88\x18\x5D\x54"
"\xAE\xA8\xDA\x7C\xE3\x88\xC7\x34\xAC\x1C\x1E\x56\x5E\x0E\x80\x33\xB8\xA3\x08\x1A\x08\x04\xEC\x0F\xD4"
"\xCD\xB2\xAA\xF1\x7B\x4A\x75\x6E\xEB\xA6\xD6\x09\x99\xA5\x77\x19\x23\x41\x21\x33\xEE\x9D\xEC\x05\xB8"
"\x77\x24\x78\x19\x16\x8C\x31\x50\x06\xE0\xF0\x2B\xFE\x61\x85\x4A\x9B\xBB\xF9\xA6\x59\xD5\xDC\x6A\x54"
"\x18\xCD\x0F\x2D\x8F\x12\x99\xE8\x00\x7F\x4A\xA9\x54\x4E\x3D\x9E\x0A\x06\x82\x41\x34\x74\x2F\xFC\xE9"
"\x5D\x04\x2E\x06\xD0\x72\xAD\xAA\xF9\xC6\xCD\x6F\xB5\x6A\x63\xAE\xCC\xDA\xFB\xE8\x89\xE9\x2C\x13\xA3"
"\x47\x1D\xCA\x61\xA5\xC9\x12\x04\x8D\x84\xF6\x98\x91\x71\x02\x61\xB2\x61\x56\x28\x33\x5A\xA2\x6A\x85"
"\xBD\xB4\x98\x3D\x4F\x3D\x93\x83\xD3\xA6\x6B\x6A\xBA\x7C\x74\x38\x18\xC9\x8F\x76\x33\xA1\xF6\x18\xC5"
"\xA6\x58\xAC\x77\xFE\x8C\xB8\x23\x18\xB0\x06\x2A\x62\x89\x5A\x52\x35\x31\x6E\x9C\xFA\xEA\xA9\xE7\xD9"
"\x01\x65\xBF\x7D\xE8\x9C\x76\x98\x66\x45\xB8\xD9\x90\x49\x0C\xB2\xC6\x0E\xA3\xA8\x4B\x27\x10\x8A\x0D"
"\x8B\x05\xDC\x9D\xAA\x96\xE5\x56\xED\xED\x7D\x32\x3D\x39\x3D\xFD\x04\xC2\x30\x26\x1E\x70\xBB\x21\x92"
"\x90\x32\x06\x2B\x1A\x76\x98\xA2\xBE\x78\x8E\x50\xB7\x61\xB1\x18\x3B\x2C\x1B\xCA\xA3\x55\x3E\x7E\x38"
"\x39\x3D\x39\xF9\xEC\xD4\x5F\xFA\x6F\x9D\xE7\x87\xC6\x67\x87\x66\x01\x24\x3B\xCC\xED\x8E\xF8\xE8\x39"
"\x72\x9B\x62\x60\x34\x53\x7A\xA1\xCF\xA1\x52\x88\x4D\x05\x0F\x3D\x8F\x9F\x79\x3C\x07\xA6\x1F\x9D\x1F"
"\x5A\xC1\x86\x40\x32\x99\xE0\x1F\x8A\xA6\xDB\xCD\x0E\x9B\x7A\x8E\xC0\x4D\x8A\x61\x77\xEC\x2E\x7E\xB9"
"\xA2\x59\x65\x9A\x9A\x7A\x3A\x09\xFC\xF4\xC9\xBB\x63\x7F\x35\xC8\x96\xA5\xB3\x50\x06\x45\xBD\x0E\x3E"
"\xC4\x8D\xF5\x29\xE0\x18\x8A\x69\xED\x5E\xC5\xEE\x66\x85\x6C\x14\xF0\xE1\xA9\x27\xD3\xD3\x9E\xE9\x17"
"\xDB\xFE\xF6\xF7\x7B\x9F\xE7\xC6\x32\x50\x16\x1B\x86\x40\x19\x2C\x36\x3B\xCC\x78\x06\xC1\x30\x06\xEF"
"\xAC\xDF\x79\xE7\xC1\x83\x07\x0E\xC7\xE0\x94\x49\x39\x7C\xF2\xA4\xE7\xD4\xB3\x7F\xDC\x7F\xF9\xF2\xFE"
"\x77\x8D\xCD\x18\xD8\xC3\x10\x50\x48\x28\xD1\x46\x2B\x02\x45\x8F\xB4\x0C\x5E\xF7\x43\x8A\xFD\x3E\x71"
"\x81\xD2\xE4\x01\xF8\x9F\xFF\xFA\x37\xE8\xE5\x77\xDF\xBE\x58\x06\x17\x3C\x44\x6B\xD1\xAB\x57\x1F\x7E"
"\xFF\xFD\xAB\x8F\x01\x87\x84\x5E\xBE\x0E\x1A\x84\xF4\x04\x02\x26\xD3\xE3\x02\xEB\xC9\xE3\xC7\xEF\x82"
"\x1A\x5F\x9C\x91\x84\x12\x0F\x39\x59\xBC\x80\xBB\x84\xCB\xE5\xFE\xEF\x7F\xC7\x0F\x22\x04\xF9\x0F\xF4"
"\x96\x4C\x21\x0D\xB5\x69\xDC\x00\x00\x00\x00\x49\x45\x4E\x44\xAE\x42\x60\x82"
}
};

static const binfile_t logo_duke3d = {"logo_duke3d.png", 1740, {
"\x89\x50\x4E\x47\x0D\x0A\x1A\x0A\x00\x00\x00\x0D\x49\x48\x44\x52\x00\x00\x00\x2E\x00\x00\x00\x32\x08"
"\x03\x00\x00\x00\x14\x73\x19\xE5\x00\x00\x00\x04\x67\x41\x4D\x41\x00\x00\xB1\x8F\x0B\xFC\x61\x05\x00"
"\x00\x00\x01\x73\x52\x47\x42\x00\xAE\xCE\x1C\xE9\x00\x00\x01\x41\x50\x4C\x54\x45\x33\x23\x22\x54\x3E"
"\x32\x83\x6E\x60\x32\x1F\x20\x61\x4B\x3E\x67\x51\x40\x9C\x82\x63\x57\x43\x3C\x92\x74\x53\x79\x63\x56"
"\x2B\x1A\x1B\x95\x82\x77\xA8\x98\x90\x2D\x1D\x18\x49\x32\x2C\x5B\x45\x3B\x6F\x54\x43\x75\x60\x53\x31"
"\x20\x1E\x33\x21\x21\x45\x2F\x28\xA1\x95\x8D\x00\x00\x00\xFF\x00\xFF\xE1\xA5\x3F\xC7\x88\x34\xE6\xA9"
"\x40\xC2\x7F\x2F\xDE\x9F\x3C\xD8\x99\x38\xDB\x9D\x3C\xD2\x95\x3A\x3E\x2D\x29\xBC\x87\x41\x4B\x37\x33"
"\x83\x6C\x5E\x0D\x07\x08\xCC\x90\x3B\x7B\x5E\x47\xF6\xD7\x8A\xCA\xA6\x5F\xFA\xD4\x73\x29\x1C\x1F\xC7"
"\xA8\x71\xB6\x87\x49\xD5\xA0\x4A\xC2\x92\x49\xEC\xB2\x46\x21\x14\x15\xBD\x79\x2A\xCC\x8C\x36\xAC\x7A"
"\x3B\xFB\xC2\x4A\x69\x5A\x53\x4F\x40\x3D\xFF\xD1\x53\xEB\xCB\x80\xF0\xD0\x86\xF7\xC8\x5D\x60\x4B\x42"
"\xF3\xC1\x57\x68\x52\x47\xB9\x99\x6A\xF2\xB9\x48\xA4\x8C\x73\xE8\xAC\x43\x27\x17\x1A\xEC\xBB\x58\xE2"
"\xB1\x52\xE8\xC2\x70\xBA\x75\x29\xB6\x72\x29\xAD\x62\x15\xB3\x6E\x26\xFE\xE0\x8F\xEA\xE0\xD4\x66\x4B"
"\x37\x17\x0F\x10\xBB\x97\x58\x97\x67\x3B\x56\x3A\x25\xCE\x97\x44\xBD\x82\x36\xD5\x9C\x43\x86\x6A\x4A"
"\x8E\x79\x6A\xDD\xA7\x51\xD9\xAB\x58\xAC\x8D\x5C\xA8\x71\x33\xA8\x82\x4E\xE1\xB6\x65\x6F\x4A\x28\xA0"
"\x75\x41\xC8\x99\x52\xBE\xA3\x7D\xD1\xB5\x89\xD8\xB5\x6C\xD3\xAE\x63\xD6\xB7\x74\xDE\xBF\x96\xC4\xBA"
"\xAF\xFB\xEB\xB6\x83\x5A\x2A\xC6\xA1\x58\xB8\xA2\x8B\xD7\xC8\xB2\x14\x23\xE4\x47\x00\x00\x00\x16\x74"
"\x52\x4E\x53\xFE\x6E\xC8\xE0\xC1\x9F\xFD\xFE\xFE\xFD\xAF\xFB\xFC\x7B\xD4\xE7\xEA\x84\x96\xCE\xB7\xCD"
"\xAE\x1B\x32\x2A\x00\x00\x05\x07\x49\x44\x41\x54\x48\xC7\x95\x96\x67\x77\xDA\x58\x10\x86\x45\x4C\x75"
"\x77\x92\x55\x24\xA1\x2E\x24\xA3\x0E\xC8\xC8\xF4\x5E\x0C\x06\x4C\x2F\xEE\x35\xED\xFF\xFF\x80\x1D\xC9"
"\x60\x93\xC4\xC9\x66\xDF\x73\xE0\xC3\xCC\x33\x73\x47\x57\x33\xF7\x0A\xF9\xF4\xBF\x84\xFC\x6A\xF2\x79"
"\xF7\xF6\x43\xA1\xD0\xBE\xD7\xF7\xDF\xF8\x47\x96\xCF\x4A\xC1\x79\xAF\xD0\x9B\xFB\x05\x69\xDF\xF7\x47"
"\x7C\x97\x0F\x8C\x7B\xB5\xDC\xD1\xD1\xD1\xF1\xF1\x71\xA6\xF6\x35\x28\xE5\x7D\xBF\xC5\x37\xD9\xE4\x79"
"\x0D\xD0\x23\x93\x28\x9B\x45\x27\xE2\xB8\x76\x9E\x0F\x78\xDE\xC6\x37\xD8\xA0\x4E\x10\x04\x36\x30\x0C"
"\x4E\xE3\x38\x43\xAF\x39\x11\xB3\xB1\xFD\xF1\x2D\x5C\xE1\x35\x92\xA4\x13\x9C\x66\xE8\x3A\x49\xD1\xF4"
"\x08\xC2\xF4\x22\x04\x9C\x07\x76\x7F\xC5\x91\xBC\x41\x92\x24\xA7\xE9\x44\x99\xC0\x30\x8A\xA2\x48\x8C"
"\x30\x75\x4E\x87\xC7\xF8\x9A\xDF\xF8\x19\x47\xF2\x3A\x89\x89\xE3\x59\xB1\xE8\xD0\x24\x4D\xD3\x18\x86"
"\x41\x24\xF7\x98\x31\x8F\xEE\x5F\xF8\x25\x8E\x04\x74\x0C\xB3\xFA\x93\xBB\xA3\xA2\xE9\xE2\x24\xE9\xE0"
"\x18\x79\xF6\x74\x5A\x35\x8F\xA3\xF6\xE6\x3A\xFE\x81\xBD\x26\xB0\x85\x62\x6F\x95\xCC\xA3\x62\x19\xC3"
"\xE8\x55\xF6\x21\x3F\x79\xFA\x5E\xCF\x1D\xF7\xF8\x9D\x57\x7C\x47\x39\x37\x09\x4B\xE1\x93\xDD\x6C\xCF"
"\xC1\xA1\x16\x27\x3B\x6C\xD3\x65\x37\x12\xDA\xFE\x96\xCB\xC8\x7E\xFE\x15\x57\x3A\x26\x31\x60\xD9\x64"
"\x04\xED\x8E\xCD\xA2\x89\xD1\x14\x45\x3B\xC5\x98\x56\x17\x45\x23\x42\xA9\x90\xC9\x54\x05\xEF\x0A\x7F"
"\x8F\x5C\x9B\xC4\x25\x9B\x04\x1F\xCA\x1A\xF0\x92\x48\x9A\x71\x70\x82\x64\xC1\x82\x2A\x82\xD0\xCB\x65"
"\x54\x69\x85\x23\xE3\x6A\xD5\x52\xF2\x8A\xE3\x43\x3B\x26\x54\x43\x53\x4E\xF2\xF2\x17\xD7\x82\xB2\x82"
"\x54\xCB\x55\x4B\xDE\x25\xCE\x7F\xCD\xD5\x3A\x59\xDB\x75\x45\x14\xAE\x68\x9A\x84\xA3\xF2\x30\xF6\x8C"
"\xA3\x01\x61\x5E\xCC\xA9\xA1\x67\x7C\x57\xCA\x64\xB4\x00\x14\xFE\xAC\x0E\x51\x24\xEA\x9F\x3F\xB7\x73"
"\x64\x7F\x69\x81\x72\x82\xD3\xE2\x45\xC9\xE3\xE2\xFC\x5C\xAE\x8F\x43\xF6\xCA\x17\xD3\x2C\x49\xD8\xDA"
"\x7E\x3A\x2D\xAC\x12\xA0\x68\x32\xD4\xCB\xE5\x6E\xBC\x0E\xEE\xC9\x3E\xC8\x77\x92\xA0\xBC\xF8\x04\xC1"
"\x8E\x45\xD0\x4A\x32\xF9\x62\x41\xD9\xFC\x38\x97\x79\x08\x39\xB8\x4F\x4A\xC9\xAA\xB0\xE6\x43\x96\x91"
"\xAF\xC9\xD1\x48\x20\x3B\xCB\xD4\xFD\x1E\xC0\xBD\xFE\x43\x79\x2E\xD8\xE8\xBA\x2A\x1D\x29\x1F\x5B\x37"
"\xD8\xD9\x9E\x5C\x2F\x1D\x00\xBE\x5F\x90\xEB\xFE\x89\xB2\xE6\x8B\xB0\x67\xC3\x91\x2A\xAC\xF3\x7C\x68"
"\x2E\xCB\x05\x1F\xE0\x92\x2A\x5F\x94\x26\xEB\x2B\xDB\x8B\x46\x82\x68\x7F\xE7\xD7\x70\x44\xF0\x03\xFE"
"\x0E\x70\x01\x9E\xB4\x24\x28\x15\x05\x51\x2A\x95\x18\xCF\xA3\x59\x15\x0B\xE3\x98\xFC\x59\x88\xA0\x3C"
"\x52\x71\x8C\xB1\x0A\x62\x07\x65\x59\x75\x70\xFF\x5D\x2E\xAA\x46\x57\xBA\xC9\xA2\xF9\x68\xA6\x2A\x02"
"\x5E\xAA\xA0\xC9\x79\x34\x7A\x7F\x77\xEF\x38\xE6\x2B\xFC\xBE\x76\x1D\xAD\xE6\xAA\xA0\x4C\x26\x37\xB7"
"\x51\xDE\xC2\xE8\x84\x2E\xB7\x6F\x58\x58\xA8\x7D\x78\xD8\x86\xDF\x61\x5B\x4D\xB5\x97\x78\x79\x60\x30"
"\xFA\x68\x34\x82\x71\x2B\x07\x6D\x94\x95\x18\x86\xC1\x99\x99\x3F\x16\x11\x52\x80\xA6\x81\x4E\xA7\xD5"
"\xC3\xF6\xAD\x8B\x47\x31\x5D\xC3\x45\x31\x91\x48\x30\x24\x51\x08\x74\xBB\x79\xAD\x5A\xA6\xF1\x4B\x16"
"\x65\x6F\x1C\x38\x0D\x4A\xA5\x5E\x70\x95\x1C\x19\x61\x47\x78\x82\xC6\x6A\x02\x8B\x22\x93\xC7\xC3\x5E"
"\x1F\xF6\x2A\xA9\xCA\x69\x17\x4F\xA5\x01\x4F\xDF\x38\x1B\xF9\x4E\xA5\x28\x07\x8F\x87\x71\x11\xFA\xF6"
"\x16\x7A\x2D\x96\x0F\xF1\x11\xA7\xB3\x66\xB5\x8B\x8B\x7A\x0A\x94\x7E\x50\xDB\x29\xF7\x35\xF9\x0A\x23"
"\xCA\x18\xC6\x97\x3C\x35\xBD\x75\xC7\x04\xB6\xBF\xC2\x6B\xD8\x68\x3A\x9D\xD5\x41\x29\xF5\xE1\x30\x55"
"\x72\x5B\xAC\x74\x4D\x0D\xB8\x78\x3C\xDC\x00\x9E\xA1\x81\x17\x5C\x1E\xE9\x70\x04\xC9\x30\xA2\x3E\x9B"
"\xC1\x12\x05\x68\xAC\xA0\xDB\xC0\xC1\x02\xC5\x68\xE1\x78\xBC\xB1\xE4\xC9\x8E\x9B\xBD\x9B\x1D\x60\xB4"
"\x88\xE3\x83\x81\xAE\x4F\xA3\xD0\x29\x92\xDB\xC0\x9F\xBC\x05\x86\x32\xB8\x70\xBC\xD9\x6C\x36\xC2\x38"
"\x85\x2D\x96\x0D\xC1\x06\x49\x8A\x49\xC0\x9E\xE9\x83\x69\x2F\x9A\xE9\x75\x9E\xC7\xC3\x13\xD4\x28\x51"
"\x73\xF0\x06\xE0\x0C\xB5\x1A\xA2\x58\x96\x73\x70\xE0\x45\xF1\x7C\x5A\x95\x02\xCB\x59\xDD\x0B\x32\x0C"
"\xC7\x85\x1B\xCD\x56\x13\xB2\x2F\x5E\xBA\x8D\x1F\xD3\xCF\xE9\x45\xCB\xA8\x19\x7D\xDF\x12\xDF\x09\x58"
"\xB4\xA8\x0D\xE3\xCD\x56\xAB\x81\x27\xFA\xAF\x6D\x18\xE0\x68\x9A\xC1\x71\x06\x0E\xDA\xDA\x25\xFF\x72"
"\x2C\x6D\x74\x44\x0A\xD7\xC2\x0E\x9E\x38\x8B\xAD\x75\xB2\x04\xD5\xE3\x22\x7E\xAE\xD7\x2C\xC5\xF7\x7A"
"\x46\xB2\x12\x4D\x71\x1A\xA4\x0F\x87\xFB\x91\xF5\x11\xD5\x28\x68\x9F\x2B\x43\x1F\xB0\x1B\x6B\x47\xEA"
"\x7B\xF6\x8A\x64\x38\xAB\xD1\x0A\x9F\xAD\xCF\x50\x44\x1A\x8F\x80\xE6\x44\xA6\x1F\xFB\xE1\xC0\xFE\x10"
"\xD0\x28\x9C\xB3\x9A\x71\x89\x5D\x1F\xD1\xE4\x96\x36\xBC\xE2\x12\x89\xCB\xD8\xFB\x1F\xAF\x83\x0D\xE1"
"\x3A\x81\x0F\xAD\x60\xA9\x94\xB4\x15\xB7\x9E\x48\x0C\x51\x02\x21\xE9\x6A\x88\xE3\x97\x95\xCD\x9F\x2F"
"\x9B\xBD\xAD\x02\x1E\x6F\x9D\xDF\x7C\x9B\x4C\x26\xA1\x64\xD6\xE6\x79\x1E\xF0\xA0\x15\xC6\x87\xFD\xEE"
"\xE6\xAF\x57\x99\x77\xFB\xD6\x38\x39\x39\xB1\xCE\x24\x29\x1F\xC8\x66\x79\x9B\xEF\x48\x00\x27\x16\x2C"
"\xBA\xF9\xD6\x45\xE9\xDD\x3E\x7D\x6C\x9E\x9C\xB4\x5A\x8B\x33\x57\x0B\xE8\x52\x7C\xF8\x05\x89\xED\xBC"
"\x7D\x0D\x7B\xB6\x4E\x4F\x1F\x39\x58\x01\x42\x9C\xFF\x46\xD8\xFA\xD2\x67\x3F\xFC\xFE\x92\xF7\x6D\x9F"
"\x42\x84\x7A\x6D\x70\x20\xED\x4A\xEA\xB0\xBB\x7F\xFE\x84\x38\xF8\xE7\x09\x22\x4E\xBF\x3F\x7D\x2B\x4D"
"\x42\x7B\xDE\xBF\xF8\x40\xF1\x1C\xBC\x03\x79\x7D\x9E\xBF\xFB\x9E\xF9\x93\xFE\x05\xA5\x70\x4E\x9A\x18"
"\xBD\x3C\xE6\x00\x00\x00\x00\x49\x45\x4E\x44\xAE\x42\x60\x82"
}
};

static const binfile_t logo_favorite = {"logo_favorite.png", 1123, {
"\x89\x50\x4E\x47\x0D\x0A\x1A\x0A\x00\x00\x00\x0D\x49\x48\x44\x52\x00\x00\x00\x2E\x00\x00\x00\x32\x08"
"\x03\x00\x00\x00\x14\x73\x19\xE5\x00\x00\x00\x01\x73\x52\x47\x42\x00\xAE\xCE\x1C\xE9\x00\x00\x00\x04"
"\x67\x41\x4D\x41\x00\x00\xB1\x8F\x0B\xFC\x61\x05\x00\x00\x00\xC0\x50\x4C\x54\x45\xFF\x00\xFF\x0A\x0A"
"\x09\x17\x16\x14\x46\x46\x46\x4A\x4A\x4A\x49\x49\x49\x37\x36\x35\x4B\x4B\x4B\x26\x26\x25\x5F\x5F\x5F"
"\xC6\xC6\xC5\xEA\xEA\xEA\xDC\xDC\xDC\xBE\xBE\xBE\xB8\xB8\xB8\x90\x90\x90\x50\x50\x50\x83\x83\x83\xEE"
"\xEE\xEE\xF1\xF1\xF1\xBB\xBB\xBB\xAC\xAC\xAC\x9F\x9F\x9D\xC0\xC0\xC0\xFC\xFC\xFC\xAE\xAE\xAE\xD0\xD0"
"\xD0\x2D\x2D\x2C\xE2\xE2\xE2\xF6\xF6\xF6\xF3\xF3\xF3\xB1\xB1\xB1\x75\x75\x75\x6A\x6A\x6A\xF9\xF9\xF9"
"\x42\x42\x42\x55\x55\x55\x8B\x24\x24\xB5\x0F\x0F\xBB\x0A\x0A\x9A\x1B\x1B\x5A\x41\x41\x6D\x36\x36\x81"
"\x29\x29\x4B\x49\x49\xD0\x03\x01\xCD\x00\x00\xC3\x04\x04\x51\x46\x46\xA8\x14\x14\x3C\x3C\x3C\xFE\xFE"
"\xFE\xCC\x00\x00\xF9\x3F\x1D\xFB\x42\x1F\xE4\x20\x0F\xAB\x44\x32\xFA\x41\x1E\x82\x47\x3C\xD8\x10\x07"
"\xD7\xD7\xD6\xFC\x42\x1F\xEE\x2F\x15\x48\x48\x48\x58\x50\x38\x66\x00\x00\x00\x09\x70\x48\x59\x73\x00"
"\x00\x0E\xC4\x00\x00\x0E\xC4\x01\x95\x2B\x0E\x1B\x00\x00\x03\x2C\x49\x44\x41\x54\x48\x4B\xB5\x56\x8B"
"\x76\xA2\x30\x14\x6C\x35\x31\xBE\x50\x04\x6C\xC1\x6A\x15\xB5\x55\xDB\x82\x62\x09\x2E\xEB\xA3\xFF\xFF"
"\x57\x3B\x37\x01\x45\x6B\xCF\xF6\xEC\x63\x0C\x09\x1E\x27\xC3\x64\xB8\x01\x6F\xFE\x10\xB7\x5F\x21\xFB"
"\xBD\x88\x52\x99\x71\x8E\xA6\x3A\x35\x9E\x4E\x59\xE5\x72\x46\x45\xB0\x9C\xA6\xC7\xC2\x29\x67\x4C\x94"
"\x32\x9E\x46\x95\xF3\x5A\xBD\x71\x0D\x4D\xA3\xD5\x6A\x9B\x9C\x9F\xE9\x33\xDE\xB1\x6C\x4B\xB7\xCB\xB1"
"\xEE\x38\x2D\x93\x97\x33\x26\xA1\xC2\xC5\x67\xDA\x71\x74\x1C\xA3\xCB\x59\x46\x25\x94\xF9\x9D\x65\x35"
"\xEA\xF5\xFA\x3D\x0E\xCB\xB5\x41\x53\xD0\x33\xEA\x8E\xE1\x94\x59\x35\xE3\x02\x82\xDD\xDB\x8D\xAE\xD7"
"\xF5\x3C\x1C\x5D\x1B\xFC\x22\x7A\x86\x61\x98\xEC\x21\xE3\x02\x82\x1B\x96\xE3\x75\x41\x05\x3C\xC3\x3D"
"\x57\xEF\x41\xFD\xAF\xE8\x30\xE3\xC0\x89\x06\xE8\x67\xF8\x0F\x66\x4E\x41\x5E\xA5\xC3\x8C\xA2\x23\x9A"
"\x0B\xBA\xFD\x2F\x96\xDA\xCF\x16\xEA\x79\x8D\xEF\x2C\xD5\x6A\xB4\x34\xFA\xEE\x77\x96\x6A\x0D\xDC\x1C"
"\x8F\xBF\xA3\xC3\xCC\xD7\xB8\x6E\xC6\xEE\x5F\x41\xE3\x4B\x33\xC3\x3C\x19\xD5\x3A\xA3\xD1\xC8\xC7\xD8"
"\x1F\x67\xF4\xF2\xA4\x92\xB1\x41\x47\x32\x8A\xA9\x4A\xB2\xEB\x75\xA6\xA6\x69\x62\x3F\x4E\x3B\x43\x17"
"\xB9\xB7\xA7\x4C\xED\xCD\x49\x4E\x37\xAC\x86\x16\xD6\xD2\x26\x7B\x7A\x9E\x3D\xCF\x17\xA2\xE6\xFB\xC2"
"\x9C\x4E\x05\x7B\x99\xCF\x5F\xDF\xF8\x44\xED\x59\xB5\xD4\x3A\x71\x15\xDA\xE6\x22\x08\x83\x20\x08\xC3"
"\xE5\x02\xB2\x8C\xAD\x22\x9C\x03\x4F\x6C\x9D\xAB\x5B\x63\xD7\x7D\xA7\x18\xDF\x5D\x5F\xC4\xA1\x4C\x92"
"\x44\x6E\xE2\x78\x0E\xF6\x0F\x99\x48\x19\xC4\x71\x18\xCF\xCB\xB4\x00\x9D\xCC\x60\x3C\x1E\x0C\xC6\xF8"
"\x98\x51\x98\x26\x29\x41\x06\xE1\xF3\xCF\x54\x4A\x7C\x4B\x02\xD0\xE3\x15\x6D\xF1\xF3\xDC\x3B\x6F\xF1"
"\x06\xDA\x1A\xDB\xE3\xA9\xD4\x76\x72\xF5\xDD\x50\x97\x4C\xB7\xB6\x08\x65\xA6\x0E\xD1\x34\x21\xE9\x14"
"\x17\x08\xA1\xBE\xE4\x19\xDD\xC6\x1A\x55\x32\x77\xB5\x97\x98\x08\xA9\x9A\x73\x6A\x72\x03\x7A\xA0\xE8"
"\x30\xD3\xD0\xDA\x9E\x47\x74\x7D\xF9\xFD\x5E\xF7\x7A\x4C\x36\x30\x13\xE4\x66\xC6\x74\x7B\xCE\xD4\xE1"
"\x43\x4A\x0C\x99\x9F\x82\x3A\x76\x93\x3D\xDE\x69\xD4\xE1\x9D\x7E\x25\xE3\x45\x7A\xB2\x2D\x7A\xA7\xDC"
"\x35\xFC\x95\x4A\x1D\xD0\x26\xF2\x91\x6E\xD5\xFC\x98\x8C\x2E\x6E\x74\xBE\x58\x1E\xAE\xA9\x53\xEE\x2F"
"\xF9\x52\x6D\x6B\xD7\xD3\xE8\x88\x68\x0B\x26\x69\x12\x9D\x96\xB1\xC7\x94\xC3\xE9\x36\x91\x7A\xBE\x54"
"\xEF\x6E\xBA\x0A\xD5\xD5\x8F\x66\x08\xE9\x16\x5E\x66\x22\x2F\x02\x5D\xC0\xAA\x1B\x89\xD9\x46\x9B\xC1"
"\xA1\x7A\x34\x49\x35\xB3\x60\x54\x92\x64\x66\x4C\xCF\x5F\x85\x61\x7B\x8A\x28\x25\x1C\x90\xED\x9C\x4E"
"\x25\x36\x13\xAA\xE2\x49\x7D\xD0\x1C\x7A\xAA\x0C\xD0\x8D\xC4\x72\x8B\x70\xC8\xB2\x9E\x93\xA4\x07\x18"
"\x0F\x17\x5C\x6D\x41\xCE\x5B\xB6\x95\xC5\x48\xE8\xF9\x3C\x3C\x50\x28\xD4\x14\x5D\xC5\x12\x65\xDB\x69"
"\xC2\x7D\x04\xF8\x38\x38\xA2\x2D\x5E\x63\x14\x15\xA9\x2B\x7A\x1A\x82\xBE\x64\x5C\x6F\xD7\x12\xFF\x68"
"\x9E\x72\x47\xDB\xD5\x44\x14\x1F\x48\x7B\x4F\x9D\x24\x27\xF1\x4A\xEF\x25\x80\x33\xD1\xCC\xAA\x5D\x63"
"\x38\x65\xCB\x78\x43\xE9\x80\x8E\x4A\x27\xE3\xF9\xCE\xC6\xFB\x9D\xF1\x8F\x1A\x1E\x15\x27\xF8\x82\x45"
"\x61\x70\x40\xF6\x87\x6D\x8C\xC4\x91\x61\xF1\x5D\x39\xB9\x7C\x55\xBF\x71\xF6\x1A\x13\x94\xF4\x92\x9D"
"\xB4\x15\x6E\xAB\xEB\x73\x4C\x26\x7C\x15\x29\x3E\x4A\x85\x15\x5F\x94\xD7\x51\x2A\xAD\x19\x7B\x8A\x22"
"\x3C\x6E\xF8\xA7\x3F\x11\xD7\x50\xAA\xAE\xCB\xF0\x55\x29\x7D\x87\x4C\x28\x55\x1F\xAA\xC5\x7F\x1B\x37"
"\x37\xBF\x00\x26\x03\xC9\x05\xCC\x56\x29\x87\x00\x00\x00\x00\x49\x45\x4E\x44\xAE\x42\x60\x82"
}
};

static const binfile_t logo_gb = {"logo_gb.png", 1151, {
"\x89\x50\x4E\x47\x0D\x0A\x1A\x0A\x00\x00\x00\x0D\x49\x48\x44\x52\x00\x00\x00\x2E\x00\x00\x00\x32\x08"
"\x03\x00\x00\x00\x14\x73\x19\xE5\x00\x00\x00\x01\x73\x52\x47\x42\x00\xAE\xCE\x1C\xE9\x00\x00\x00\x04"
"\x67\x41\x4D\x41\x00\x00\xB1\x8F\x0B\xFC\x61\x05\x00\x00\x00\xDB\x50\x4C\x54\x45\xC8\xCB\xCD\xC0\xC3"
"\xC3\xD1\xD0\xD1\xC7\xCA\xCD\xC4\xC2\xBF\xE8\xEA\xEC\xF8\xF8\xF0\xF8\xF7\xF8\xF1\xF1\xF0\xD0\xD0\xD1"
"\xF8\xFC\xF8\xF1\xF0\xEF\xCF\xCF\xD0\xF8\xF8\xF8\xEF\xF8\xF8\xC6\xD9\xF8\x84\xA0\xD8\xE0\xE3\xE8\xB9"
"\xCA\xE9\x93\xA4\xC8\xE0\xE0\xE1\x9C\xB3\xE4\xDD\xEE\xF8\x79\x8C\xB4\x39\x5F\xB4\x54\x7B\xCC\x4D\x6F"
"\xBB\x29\x4C\x9A\x6D\xA2\xED\x7D\xB8\xF7\x25\x51\xAF\xC7\xD3\xE0\xB1\xB6\xBD\x59\x70\xA3\x9B\xCB\xF8"
"\xDE\xDD\xD8\xE8\xE6\xE0\x57\x58\x5A\x29\x2A\x2B\x24\x29\x20\x90\x8A\x87\x7E\x7F\x7D\x4D\x4A\x4B\x40"
"\x65\x0F\x48\x67\x1F\x81\x7D\x78\x38\x3A\x3C\xA9\xA3\xA1\x9B\x94\x92\x63\x5B\x59\x82\x2A\x4F\x48\x73"
"\x12\x40\x3E\x38\x61\x61\x61\x53\x84\x15\x50\x7A\x17\x40\x3B\x40\x68\xA0\x22\x4B\x5D\x36\xA0\x9D\x9C"
"\xA8\xA0\x98\x76\x71\x70\x1A\x19\x19\x5F\x22\x43\x08\x08\x0A\x97\x14\x5A\xB2\xB2\xB0\xE9\xE9\xEA\xE0"
"\xE2\xE0\x57\xA8\xF8\x24\x74\xD3\x2B\x88\xF5\xA5\xA3\xA7\xC3\x8E\x43\x1D\x00\x00\x00\x09\x70\x48\x59"
"\x73\x00\x00\x0E\xC4\x00\x00\x0E\xC4\x01\x95\x2B\x0E\x1B\x00\x00\x03\x2D\x49\x44\x41\x54\x48\x4B\x8D"
"\x96\x8D\x9F\xA1\x40\x18\xC7\xD3\x9D\x65\xE7\xF6\x6A\x44\xCC\xE8\x45\xA2\x84\xA8\x58\xBA\x3D\x64\x75"
"\x87\xFB\xFF\xFF\xA2\x7B\x66\xBC\x13\xEB\xF7\xD0\x30\xF3\xED\xEB\x69\x3E\xFB\xA9\x15\x84\x9C\x20\x88"
"\x4F\xD6\xB7\xEF\xC0\xE6\x5F\x0A\xCF\x55\xF1\x15\xF0\x3C\x7A\x3A\x3F\xDE\x04\xF1\x65\xFF\xF9\x89\xFC"
"\x04\x5C\x42\x92\x8C\x31\x2E\x21\xA5\x9C\x47\x72\xB9\x82\xA4\x72\x45\x52\x31\x56\x25\xC4\x8E\x45\x98"
"\xC3\xAA\xC2\xD7\x11\xB3\x57\x6B\x84\xE2\x7A\x4D\x26\x9A\x82\x74\xAD\x86\x0C\x4D\x95\x4D\xCA\x70\x4A"
"\xE0\xBB\xC2\x56\x29\x81\x75\xCA\xED\x98\x34\x24\x94\x97\xCB\x94\x58\x12\xD5\x9A\x70\x9A\xAA\x6A\x7A"
"\x09\xE6\x08\x95\x9B\x94\x36\xAB\xC8\x22\xBA\x69\xD6\xAA\x60\x17\x8A\x04\xA3\x52\xA3\xAA\x68\x06\x33"
"\xD5\x09\x25\xA6\x8A\x4D\x0A\x8B\x15\x93\x50\x53\x27\x16\x42\x0D\xCD\x26\xF5\x3C\xEF\x3D\x5F\xA7\xD5"
"\x9A\x49\xA9\x09\x45\x9B\xB6\x69\x62\x42\x01\x2E\x20\x64\x69\x76\xB5\x49\xCD\xB2\x54\xAD\x35\x15\x4D"
"\x87\x6B\x05\xBC\x60\x6B\x14\x9B\x84\x2D\xB1\x1F\x24\x70\x32\x31\x09\x2E\x4B\x52\x4D\xD3\x75\xA2\x96"
"\x09\xA6\x75\x45\xD1\xD4\xC3\xCE\x34\x30\x2E\xAB\x96\x84\x14\x8C\x2B\x48\x91\xD9\x08\x33\xD0\x31\x1C"
"\x65\x54\x50\xD9\xB1\x01\x6F\x6E\xBF\xDD\xF7\xB3\x19\x68\xE9\x2C\x3B\xFB\xF3\x39\xDA\x8B\x95\x56\x85"
"\xA5\x75\x55\xBB\xB4\x8A\x1C\x3A\xDA\xDB\x8E\xCB\xD3\x71\x3B\x57\xD9\xCD\x3B\x25\xCE\x1F\xEC\x5E\xC7"
"\xEB\xF6\x20\xFD\xAB\xF8\x7D\x36\xDB\xF5\xDC\x01\xBB\x8A\xA3\x7D\x30\x0C\xC2\xC8\x19\x8D\x7C\x7F\x7C"
"\x4A\xBF\x3F\xF6\xFD\xC8\x71\x9C\x30\x78\x9F\xF0\x3F\xDC\x83\xBD\xFB\x1E\x84\x8E\x13\x45\xBE\x3F\x9D"
"\x4E\xF7\x34\xE0\xB1\xEF\x3B\xC0\x87\xC1\xAF\x88\x75\x73\x61\x07\x8D\x03\xF8\xC7\xC7\x34\xDE\x65\x3C"
"\x8E\x63\x9F\xCD\x32\x7B\x9B\x61\x17\xF6\xC8\x89\xFC\x78\xFA\x01\x7E\x9E\x71\xCC\x9A\x79\x6C\x8F\x63"
"\x00\x63\x56\x63\xB0\xF7\x01\xFF\xC2\xCE\x70\x20\xA1\x11\xCE\x7F\x61\xE7\x8D\x03\xC7\x2F\xF5\x4B\x3B"
"\xF0\x7D\xC6\xF2\x17\xC7\x1F\xD9\x7F\xDF\x04\x26\x27\xB3\x7B\xF6\xCC\xEA\x06\x19\xF6\xD9\x84\xE9\x33"
"\x32\x98\x05\x19\xF6\x79\xB8\xC8\x8C\x37\x9B\x67\xDA\xE7\x77\x2B\xD3\x3E\x9B\x87\x5E\x78\x62\xCE\x2A"
"\xCB\x0E\xDD\xF4\xDC\xE1\x0D\xEF\x4D\x16\xF7\x7A\x77\x3B\xC9\xE0\x92\x0F\xBC\xD1\x68\x19\xCD\xB2\xF6"
"\xBD\xE7\x7E\x26\x49\x32\xF4\x4E\xF4\x62\xE2\x4D\x56\xAB\xD1\xD2\xCB\xB0\x7B\xAE\x9B\x7C\xBA\x49\x32"
"\x38\xD2\x93\xD1\xA8\x17\x81\x1D\xF0\x0C\xFB\x30\x49\x80\x76\xBB\x07\x3A\xEC\xAD\x56\xCB\x51\xB4\xFC"
"\xB5\x98\x67\xF7\x0E\xBD\x2C\xBA\xE1\x9E\x9E\x87\x0E\xE0\xD1\xCC\xEB\x86\xD9\xFB\x0E\xFE\x93\x1B\xAA"
"\xBB\x5C\xF6\xF8\x95\xDC\xEE\x0C\x6C\x24\xF8\x07\x60\x9A\x9F\x2A\x84\x7D\xE2\x9F\x82\xE1\xA5\x3D\xED"
"\xB0\x1B\xC4\xFD\x74\xBC\x0B\x3B\x4A\x27\x8F\x12\x79\x02\xBB\x8F\x1D\xED\x70\xD7\x2B\xE5\x1F\x54\x7B"
"\xF7\x7C\x64\x4F\x8F\xBB\x79\xB9\xAA\xE2\x1F\xC0\x2B\x95\x52\x76\xC9\x58\xBF\x08\xB6\xFF\x72\xBC\xCD"
"\xEF\xB5\xEC\xD8\xE6\xB5\x1F\xD7\x9B\xED\x7A\xBB\x5D\xEB\xF0\xDE\x8F\xEC\xA9\x0D\x76\x31\x4D\x73\x39"
"\x4B\x0C\x84\x1C\x0C\x2D\x21\x15\x72\x2D\xB0\xAF\x37\x86\xBD\x31\x0C\xC3\xB6\x6D\x9D\xB2\x71\xF3\xBA"
"\xB3\x8B\x69\x90\x06\x39\x2B\xCD\xCD\xD2\xD4\x82\x82\xB3\xB9\x5D\xB7\xB7\x5B\xDD\xB6\xB1\x61\xAC\xD9"
"\xB8\xD9\xDB\x5B\x82\x98\x13\x44\x71\xFF\xDF\x87\x60\x89\x7B\xBB\xCA\x70\x03\xFA\x30\xE0\x54\x03\x9A"
"\x01\xFB\xA1\xE3\x9B\x32\x28\xEB\xFD\x2C\x6B\x66\x07\xFE\x4E\x1A\x0D\xE5\xA2\x1A\x0C\x0F\x03\xE8\xF5"
"\x99\x58\xC1\xBF\xB7\xFF\x43\x7E\x12\x90\x35\xDD\xEA\xA0\x00\x00\x00\x00\x49\x45\x4E\x44\xAE\x42\x60"
"\x82"
}
};

static const binfile_t logo_gba = {"logo_gba.png", 1506, {
"\x89\x50\x4E\x47\x0D\x0A\x1A\x0A\x00\x00\x00\x0D\x49\x48\x44\x52\x00\x00\x00\x2E\x00\x00\x00\x32\x08"
"\x03\x00\x00\x00\x14\x73\x19\xE5\x00\x00\x00\x04\x67\x41\x4D\x41\x00\x00\xB1\x8F\x0B\xFC\x61\x05\x00"
"\x00\x00\x01\x73\x52\x47\x42\x00\xAE\xCE\x1C\xE9\x00\x00\x01\x29\x50\x4C\x54\x45\xC8\xC8\xC8\x1C\x1B"
"\x1C\xF7\xF7\xF6\xE4\xE4\xE4\xCF\xCF\xCF\xFB\xFB\xFC\x0C\x0F\x13\xFF\xFF\xFF\xCA\xCA\xCA\xE2\xE2\xE1"
"\x5D\x5E\x56\xF4\xF4\xF4\x10\x11\x07\x58\x44\xCD\x17\x17\x14\xEA\xEA\xEA\x5D\x47\xDD\x51\x3F\xC1\x1A"
"\x10\x55\x57\x59\x4E\x6D\x59\xE7\xD4\xCE\xF6\x5B\x46\xD6\x7A\x6B\xE3\xA5\xA5\xA4\x65\x53\xDC\x86\x77"
"\xE5\x28\x1D\x6B\x14\x7C\xFC\x40\x34\x8B\xCF\xCC\xC9\x4A\x3C\x9C\x0E\x68\x13\x5B\x92\xBB\x5B\x48\x2C"
"\xA6\x9B\xEC\xCD\xC9\xE5\x5A\x4A\xB8\x98\x89\xE9\x50\x39\xD6\x0E\x10\x23\x58\x59\x56\x67\xA4\xED\xD3"
"\xD9\xE4\x11\x5E\xB4\xC0\xC1\xC2\xBE\xB5\xF1\xE3\xE4\xFB\x26\x2B\x21\xFF\xFE\xF3\x3B\x64\x77\x43\x2B"
"\xD5\x49\x38\xAD\x3B\x34\x6C\x2E\x2D\x2B\x2B\x54\x66\x22\x06\xCD\x18\x11\x42\xDC\xD8\xF7\x0F\x00\xC7"
"\x70\x61\x37\xCB\xC4\xF4\x5D\xA5\xFE\x6B\x63\x98\xB4\xB4\xB3\xD4\xD4\xD4\xB2\xA8\xEE\x34\x1C\xD1\x92"
"\x92\x91\x18\x58\x97\x0C\x06\x31\x47\x66\x89\x27\x20\x52\x8F\x80\xE7\xF1\xF0\xFC\x00\x63\xFD\x1A\x6B"
"\xC5\x39\x39\x3E\x14\x4F\x44\x4A\x95\xF3\x32\x8E\xFC\x7D\x7E\x78\xCB\xD6\xE3\x22\x22\x1B\x29\x91\x2D"
"\x4D\xCD\x53\x49\x48\x50\x86\xBC\xFE\x4A\x84\xA6\x3B\x74\xA3\x9B\xC5\xF8\xF5\xEC\xE2\xC6\xE0\xFF\x79"
"\x8D\xA6\x4D\x49\x65\x15\xC3\x20\x6C\x6D\x68\x8E\xAC\xC1\x74\x65\x39\x9D\x3C\x52\x34\x00\x00\x00\x01"
"\x74\x52\x4E\x53\xB2\x65\x89\x0A\xC6\x00\x00\x04\x4A\x49\x44\x41\x54\x48\xC7\x7D\x96\x0B\x5B\xA2\x4A"
"\x18\x80\x33\xCD\x4B\x72\xB3\x18\x6E\xC9\x1A\x4B\xA0\xAE\x09\xAE\xB8\xDE\x08\x2F\x78\xD7\xD4\x2C\x5B"
"\xAB\x63\x6D\xED\xFF\xFF\x11\xE7\x83\x2E\x27\x27\x3D\xEF\xC3\x07\xC3\xF8\xFA\xF1\x31\x03\xF3\xB0\xB7"
"\x17\x8A\xBE\x11\xFA\x68\xED\x22\xB4\xB7\xD7\x8E\x1F\xF8\x44\x22\x66\x7D\x1C\xD9\x89\xEF\xD0\xA1\xBD"
"\xD0\xDB\xF9\x98\x17\x59\x51\xE2\x0D\xC4\xF3\xAC\xC4\xF3\x92\x17\xBC\x3A\xF6\x8E\x2C\xCB\x1B\xAF\x52"
"\xF4\x5D\x1F\x33\x2A\x42\x3A\x6F\x32\x1D\xC4\x59\xF5\xEA\x08\x21\xAB\x53\xAF\xF3\x1D\xD5\xD4\x8D\x0E"
"\x3F\xE2\x5F\x2F\xF1\xA1\x4B\x92\x61\xDB\x69\x64\xB2\x56\x84\x77\x22\x9C\xA3\x8F\xAA\x23\x55\x37\x24"
"\xC3\x72\x5C\xC7\x11\x4D\x4C\x67\x51\x87\x95\x24\xD3\x1C\xA9\x4E\x1D\x39\xAC\x69\x18\x55\x5D\x35\x24"
"\x64\xD9\x06\x8F\x46\xA3\x08\xA6\xF3\xEA\xC8\x38\x40\xAE\x01\x05\x44\x44\xC3\x30\x3A\x9D\x6A\x9D\xD3"
"\xEB\xAE\x2E\xD6\x2D\xC4\x8C\x71\xBD\x9E\x76\x1C\xD5\xB5\x2D\xA4\x5A\x86\xAD\xAA\xA8\xAE\xDB\x70\x19"
"\xB1\xEA\x20\xCB\xD2\xF5\x08\xAE\x47\x9C\xAA\x55\xAD\x5A\xE9\x34\xA4\xAD\x5A\x1D\xCB\xAE\x7A\x9B\xD7"
"\x01\xC1\xF3\x2A\xAE\xBB\xEC\x58\xAA\x1E\xB8\xAA\x6B\xA6\x19\x64\x8C\xD3\xE9\xC8\xC8\x46\x46\x5D\x45"
"\x6E\x5D\x55\x45\x09\xD7\x45\x94\x46\x8C\x69\xDB\xBA\x6E\x18\xAA\xCA\x3A\x22\x42\x2A\x1A\xAB\x76\x87"
"\x35\xD5\x8E\xAD\x63\xBA\x2E\x99\x1D\xC9\x1C\x4B\x3A\xB2\x11\x72\xDC\xAA\xEB\xB8\x36\x8A\x20\xC4\xBB"
"\xAE\xA9\x4A\x69\x3C\x3B\x2F\x4A\x2C\x23\x49\xBA\xCE\xAA\x30\xAB\xA3\x74\x5A\x12\x61\x5A\x99\x91\xAE"
"\x33\xFC\x48\x67\xF1\xEC\xE3\xB3\xB3\x1C\x7D\x06\xE4\x7E\xE6\xBC\x3D\xEC\xE2\xFE\xF9\x2B\x07\x9B\x7A"
"\x70\x7A\x53\x2E\xDC\x14\x6E\x28\x8A\x0A\x53\x1B\x14\x80\xF2\xCD\x71\x7C\x43\x3F\xA4\x04\x41\x58\x3C"
"\x3F\xC9\x29\x8C\x5F\x4F\xCF\x0B\x41\xE8\x86\x17\x1B\x7A\x76\xDA\x5D\x3C\x1F\xCA\x9A\x28\x72\x89\x4F"
"\x30\xA2\xA8\xC9\x87\xCF\x8B\x6E\x39\xBB\xBF\x91\xBD\x36\x78\x02\x99\x94\x4F\x86\xE5\xE9\xF4\xB7\xCF"
"\x74\x5A\x1E\x9E\xC8\x1C\xA9\xC9\x4F\x83\xCC\x61\x7C\x43\x3F\x11\x49\x91\xE3\x4E\x6E\x0A\x70\x07\x85"
"\xB2\x8F\xDF\xBC\x91\x39\x4E\x24\x99\x1A\xAE\x33\x24\x49\x26\x32\x54\xF8\x3F\xFC\x36\x51\x83\xFE\x62"
"\xF1\x68\x8B\xCE\x95\x88\xCC\xFD\xA3\x72\xFE\x4A\xEF\xEE\xAE\xD2\xEB\x85\xA9\x04\x49\x56\xB6\xEB\x32"
"\x91\x51\xF2\x2F\x97\xBD\xF3\xCB\x4B\x45\x51\x5E\x94\x41\xEF\x3C\x1C\x86\xEA\x49\x06\xD7\x8F\xE0\x9A"
"\xDC\x90\xC8\x80\xD9\x5B\x16\xCF\x2F\x95\xC7\xC1\xE3\x4B\x11\x74\xC2\x4B\x84\xEB\xD9\xE3\x66\xE2\x4D"
"\x3F\x9F\x2D\xFF\xCC\x2E\xBD\x52\x06\xEF\x7A\x42\xC3\x6E\x35\xFB\xBB\x59\x4A\x30\xA0\x83\x7D\xBB\x5C"
"\x2E\x67\x3D\x45\x29\x16\xEF\x06\x15\x4F\xD7\xBA\xC2\x34\xBB\x59\xCC\x54\x68\x35\x13\x35\xC8\x3E\xBB"
"\xBD\xFD\x73\x5A\x10\x1E\xEF\x95\xC1\x40\xB9\xAF\x84\xA9\x61\xE2\xB1\xDB\xC5\xF4\x6C\x56\x58\x34\x4B"
"\x30\x76\xBE\x3D\xBB\x54\xEE\x95\xBB\xE2\x40\xB9\x03\x3D\x93\x68\x2E\x16\xE5\x2C\x5E\x7B\x2A\x51\x0A"
"\x07\x08\xCF\xAE\x28\x73\xD0\x95\x22\x84\xAF\x93\xF2\x00\x9F\xA6\x72\x93\xE3\x20\x7B\x60\xB9\x3C\x2D"
"\x14\x81\x4A\xA5\x32\xAB\x14\x2B\x33\x5F\x27\x45\x7C\x20\x6B\x9A\x37\xEC\x01\xE2\x14\x23\x1C\x08\xCB"
"\x30\x34\xFD\x2F\xD3\xA4\x25\x86\x44\x80\xFA\xFE\xF7\xE2\xE2\xC2\x0B\x7F\xFF\xF7\x3B\xD4\x77\x52\x92"
"\x4B\x5F\x74\xB2\xD9\x3C\xF2\x74\x0C\x0A\xF4\xD4\x16\x9D\xD1\x44\x2F\x7B\x18\x83\xDA\x91\x1D\x8A\x39"
"\x21\x02\x5B\x20\xE4\xD4\xF6\x62\x12\x19\x82\xA2\x36\x5D\x8A\x22\x6A\xA2\x2C\x93\x5F\x9F\x77\x4D\xE3"
"\xB4\x21\x54\x43\x7C\x22\x1C\x08\x0C\x35\x78\x1D\x99\xAF\x0F\x30\x3C\xA7\x9C\xA8\x69\xA9\x5F\x9F\x48"
"\x69\x9A\xE8\xF5\xE3\x6F\xD3\x71\xBF\x54\xF2\xBA\x19\x86\xFD\x8C\x08\x1D\xA0\x97\x52\x99\xE3\x8D\x57"
"\x5B\x20\x32\x99\x7E\xBF\x76\xB4\x85\x5A\xBF\x9F\xC9\x10\x5D\x7A\x63\x15\x13\x0E\xB3\xD9\xEC\xF1\x56"
"\xE0\x87\x6C\xB7\x1D\xDF\x5C\x81\x23\xF1\xFD\xFF\x81\x7E\x5F\xC5\xA2\xF1\x37\x70\x23\xBE\xFF\x13\x87"
"\x06\x3D\xB6\x8B\xDC\x0F\x8C\x87\x18\xE8\xC1\x60\x2C\x06\x1B\x4D\x07\x83\x41\x1A\x08\xD2\xB1\xA0\xD7"
"\xFE\xE7\xC7\xA4\xD1\x98\x4F\x92\x8D\xA4\x1F\x57\x8D\x49\x32\xF7\xCD\xD3\xE9\x90\xD0\xCA\xE7\x5B\xB1"
"\x6E\x34\xEF\x1D\xA2\x42\x28\x1F\xF3\xF4\x64\xA3\x71\xD0\x58\xCD\xD7\x8D\x87\xF9\x3A\xB9\x32\x3F\xF4"
"\xA8\x20\xB4\xE0\x1F\x42\xBE\xDB\xF2\x1A\xB0\x18\xE7\x69\x2F\xFB\xCA\x6C\x34\xCC\xC9\xFA\x61\x3D\x31"
"\xAF\xAE\xD6\xEF\x7A\xB0\xDD\x6E\xE7\xA3\x10\xA1\x7C\x3B\xD4\x0E\x45\x5B\x6D\x3F\xFB\xFC\x6A\xFC\xD0"
"\x48\xAE\x56\x8D\xC9\x6A\x35\x4F\x3E\xAC\xE7\xEF\x3A\x1D\xF4\x6B\xA6\xE9\xB7\xC3\x6B\xED\x0F\xC9\xE4"
"\xD5\x15\x44\xD2\x0F\xD8\xE6\x70\xAB\xA1\xD8\xEE\xA1\xB9\xBE\xBE\xCE\xE5\x60\xF3\x02\xDA\xC1\x18\x7C"
"\xD0\xEC\xFE\xE8\xF9\x86\x01\x9F\x3F\xFF\x02\x4D\xA9\xF7\x87\xA8\x66\x31\x8A\x00\x00\x00\x00\x49\x45"
"\x4E\x44\xAE\x42\x60\x82"
}
};

static const binfile_t logo_gbc = {"logo_gbc.png", 1282, {
"\x89\x50\x4E\x47\x0D\x0A\x1A\x0A\x00\x00\x00\x0D\x49\x48\x44\x52\x00\x00\x00\x2E\x00\x00\x00\x32\x08"
"\x03\x00\x00\x00\x14\x73\x19\xE5\x00\x00\x00\x01\x73\x52\x47\x42\x00\xAE\xCE\x1C\xE9\x00\x00\x00\x04"
"\x67\x41\x4D\x41\x00\x00\xB1\x8F\x0B\xFC\x61\x05\x00\x00\x00\xDB\x50\x4C\x54\x45\xC8\xC9\xCA\xCF\xD0"
"\xD0\xC7\xCA\xCD\xC4\xC2\xBF\xDC\xDB\xD8\xE8\xEA\xED\xF8\xF6\xF3\xF8\xFC\xF8\xF1\xF1\xEF\xEE\xF9\xF8"
"\xDB\xEC\xF8\xD0\xD0\xD1\xBC\xD0\xF0\x53\x77\xC6\xC0\xBC\xC2\x69\x8C\xD5\xE0\xE3\xE9\x63\x76\xA6\x9A"
"\xB9\xF3\xA0\xAB\xC9\x86\x84\xB1\xF1\xF0\xEF\xCF\xCF\xD0\x37\x5A\xAC\xC6\xD2\xDF\x4B\x58\x8F\xF8\xF8"
"\xF8\x78\xAE\xEF\xD7\x8C\x9E\x9F\x3A\x47\xE0\xE1\xE0\xA0\xCE\xC4\x8C\x97\x94\x83\x5B\x9E\x87\xAB\x59"
"\xEF\xF1\xAC\xE2\xCF\x78\xC7\xBB\x58\x38\x84\x71\xEA\xE4\xE0\xB8\xD4\x80\x63\x5F\x5E\x12\x29\x2D\x22"
"\x23\x23\x32\x30\x31\x0A\x0D\x0E\x0B\x5A\x61\x19\x19\x17\x14\x1C\x25\x26\x13\x00\x61\x48\x33\x7E\x4C"
"\x2D\x70\x83\x85\x01\x76\x82\x03\x6F\x7A\x9F\x73\x34\x92\x6A\x3F\x25\x35\x39\x50\x68\x6C\x04\x42\x48"
"\x02\x7F\x8B\x01\x8E\x98\x00\x91\xA0\xB0\xB1\xB0\xE9\xE9\xEA\x63\xAA\xF3\x95\xCC\xF8\xE0\xE2\xE0\x1C"
"\x79\xE9\x37\x91\xF7\xAA\xAA\xAA\xB4\xB5\xB5\xA5\xA3\xA7\xD8\x31\xCF\x5F\x00\x00\x00\x09\x70\x48\x59"
"\x73\x00\x00\x0E\xC4\x00\x00\x0E\xC4\x01\x95\x2B\x0E\x1B\x00\x00\x03\xB0\x49\x44\x41\x54\x48\x4B\x8D"
"\x96\x0B\x97\xA2\x46\x10\x85\x21\x41\x1A\xD8\x06\x44\xC9\x82\x61\x74\x19\xE7\x61\x00\x45\x44\x41\x5D"
"\x70\x5C\x8D\x8F\xFC\xFF\x5F\x94\xDB\x8D\xCF\xD1\xF1\xEC\x2D\xBA\x5B\xBA\x2E\x9F\x65\xC9\x41\x05\x48"
"\x14\x71\x60\xB0\xF9\xAC\xEA\xAC\xCA\x54\x12\xFE\xF8\x53\x10\xA4\x9A\x2C\xCB\x44\xA9\xD5\x54\x52\x53"
"\x64\x99\x0F\xA2\xD5\xB0\x62\x4F\x21\x98\x11\xD8\x93\x65\xE5\x1B\xEC\x35\x02\x51\x5D\xD7\x0D\xCD\x34"
"\x49\xDD\x6A\x90\xA6\xAD\x99\xBA\x8E\x55\xD7\x6D\xAD\x61\xE9\xA6\x69\xAA\xD8\x23\xE4\xAF\xEF\x82\x28"
"\xC3\x6D\x38\x0D\xCD\x6D\x34\x1D\x47\x6B\x3A\x26\x6D\x59\xD4\x69\xD4\x55\xD5\xC6\x6A\x22\x63\x83\xA5"
"\xBB\xB0\xFD\x0D\xBB\x4A\x88\x6A\x35\xD5\xBA\x46\x2D\xCF\xA1\x96\xA3\x9B\x8E\xD5\x70\xF4\xA6\xAA\xE2"
"\xB5\x63\x5A\x2A\x31\xB0\xD5\x60\x35\x90\x8A\xAE\x5A\x36\xAA\x31\x59\xD6\x69\xB4\x1C\x0F\x26\x8A\xFA"
"\x5B\x4D\xD0\x2D\x55\xB3\x3C\x76\xD1\x99\x4E\x5C\xDD\xD4\x9D\x16\xD5\x5A\x8E\xAE\x59\x30\x39\x8E\xD9"
"\x54\x69\xCB\x34\x6D\x6A\x9A\xBA\xA9\x59\x36\xB7\x1F\xE8\x44\xD6\x5C\xEA\xBA\x44\x75\x69\x9D\x48\x9A"
"\x4C\x5D\x4A\x5D\x82\x3D\xAA\x62\x76\x55\x55\xAC\x73\xF7\x91\x8E\x0B\xD8\x55\x6C\x7D\x6A\x1B\x4A\xA7"
"\x2E\x2A\x84\x28\xCA\x0F\xFF\x07\xB2\x87\x0C\xD3\x81\x7E\x92\xFA\xD4\x7E\xB2\x9F\x5B\x76\xF7\xE5\xE5"
"\xF5\xED\xED\xFD\xFD\x9D\x35\xE4\xA4\x33\xFD\xA0\x5E\x5B\x90\x6D\x9B\xB6\xBA\x2F\xAF\xAF\x2F\xB0\xFB"
"\xE8\xF6\x85\x3E\xD1\x65\xD8\x7B\xCF\x76\xB3\xD5\xFD\xE7\xAD\xB2\x5F\xC1\x6E\xE8\x28\xBD\xFD\xFC\x6C"
"\xD1\x6E\xF7\x0D\x7E\x1F\xC5\x1F\x12\x95\x4E\x74\xA5\x23\x75\x98\x24\xC1\x10\x25\xA9\x23\x60\x92\x24"
"\x41\x12\xC5\x6A\x17\x9F\x1C\x3A\xD1\x3B\x41\x18\x46\x5C\xFD\x7E\x84\xA8\x66\x44\xA5\x30\xA8\x3A\x79"
"\xA4\xFB\x83\x38\x8E\x86\x49\x34\x4A\xC7\x5C\xE9\x71\x1D\x25\xD8\x8D\xE3\xC1\x84\xB9\x4E\xF4\x49\x98"
"\xE5\x69\xDA\xEF\x8F\xD2\xE9\x6C\x3A\x1B\x8F\xDB\xED\xF1\x78\x3A\x9D\xCE\xD2\x51\x94\x44\xF3\x3C\x0B"
"\x7F\xF2\x1B\xF7\x48\x9F\x84\x79\xDE\x47\x66\x94\x32\x77\x1B\x6E\x1C\xB3\xE9\x14\xF4\x28\xEC\xE7\x79"
"\xF8\x93\x55\x73\x45\x9F\x87\x49\x32\x0A\xA6\xB3\x19\x0A\x49\x03\x0C\x6E\x3F\xD2\x7B\xCC\x76\x49\x9F"
"\x73\x3A\xAB\x20\x4D\x83\xA0\x9F\x32\x7B\xF0\x88\x1E\x25\xDC\x3E\xF3\x27\x41\x30\xF1\x67\xC1\x6F\xD0"
"\x59\xED\x3E\xD7\x78\x36\x7B\x5C\x3B\xA7\xC3\x0F\x34\xDE\x00\xEE\x8B\xCE\x7C\x41\xE7\xDD\x66\x3A\xF6"
"\xFD\x51\x67\x86\x83\x21\x3B\xCE\xD3\xE0\x6B\xFA\x3C\x42\xEE\x73\xE0\x0E\x98\xDF\xA3\x67\x71\x81\x5B"
"\x85\xDD\x2D\xE1\x31\xAA\xF3\x22\x2E\x6F\xE9\x59\x99\xE5\x71\x5C\x14\xF3\x2B\x15\x71\x1C\xE7\x48\xDD"
"\xD2\xCB\xB2\x5C\x7C\x2C\x3E\xB0\x64\x47\xF1\x9D\x05\xDB\xB9\xA5\x33\x7F\xB9\x40\x9E\xAD\x95\xD8\x59"
"\x75\xFD\x3D\x7A\x36\x0F\x8B\x12\xEE\x8F\x4A\xD5\x2B\x54\xC8\x8B\xB9\xA9\x3D\x8F\xD1\x85\xF8\x02\xCE"
"\xE8\x25\xEA\x2F\xEE\xD1\xC1\x1E\x0C\x93\xA4\xC8\x17\x27\xE5\x71\x16\xF7\x93\x30\xB9\xDB\xF7\x30\x1A"
"\x0C\xD0\xC5\x18\xF5\xF2\x28\xF3\x39\x9A\x88\xEF\x8E\xE5\x6E\xE9\x48\xCC\x19\xBD\xAA\xFC\xE3\xE3\xBD"
"\x88\x92\x70\x1E\x87\x5F\xF4\x3D\x8F\x13\xB8\xB3\xF2\x44\x67\x9F\xA5\xC0\xD7\x81\x96\xDE\xED\x4C\x78"
"\xC1\x66\x9D\x09\x93\x38\xBB\xDF\xF7\x84\xB7\x1D\xCD\x3F\x78\xB9\x4A\x98\x59\x3F\x6F\xE8\xCB\x24\x2C"
"\x1E\x28\x1C\xFA\x57\x74\xB2\x0C\x1E\xCA\x67\x4F\xF0\x33\x1D\x4F\xBD\x7A\xED\x41\xF4\xF8\x63\x06\x74"
"\x41\xF9\x52\xF2\xA7\x50\x7E\xC1\xDE\xE9\xD4\xEF\x07\xF5\xBC\xD5\x55\xAC\xFF\xE5\xF6\x1E\x9E\xBE\x12"
"\x9F\x7B\x3C\x0E\xEB\x6A\xB3\xDD\x6E\xB6\xAB\xD5\xB6\x1A\xDB\xCD\x86\xFD\x6A\x83\x2E\xED\x96\x86\xB1"
"\x17\x77\x82\x60\x08\x7B\x49\xD8\x09\x86\x04\xFA\x6A\xE3\xD1\x8D\xE7\x79\x74\xCD\xC6\x1A\xFE\x6F\x15"
"\x5D\xDC\x41\xC6\x7E\x67\xF8\xCB\xE5\x7E\xB9\xDF\x2D\xF7\x06\xA7\x9B\xEB\xCD\xD6\x5B\xAF\x4D\x0C\x5C"
"\xB6\x3A\xD1\xF1\x6F\x03\x7F\x2B\xD8\x9F\x0F\x41\x12\x84\xBD\x78\xA0\x37\xE8\x76\xB3\xF2\xF8\xD8\xA2"
"\x78\x4E\x3F\x56\x7C\x13\x6B\x7D\xCB\x8A\x67\x07\xEA\x66\x2B\xA3\xC3\x7F\x5F\x75\x17\xBF\xCD\x97\xE1"
"\xC2\x2E\xFA\xBB\xE5\xEF\x69\xBF\xFB\xEF\xFB\xFF\xCC\x3A\x17\x10\xB6\xDA\x92\x47\x00\x00\x00\x00\x49"
"\x45\x4E\x44\xAE\x42\x60\x82"
}
};

static const binfile_t logo_gg = {"logo_gg.png", 1226, {
"\x89\x50\x4E\x47\x0D\x0A\x1A\x0A\x00\x00\x00\x0D\x49\x48\x44\x52\x00\x00\x00\x2E\x00\x00\x00\x32\x08"
"\x03\x00\x00\x00\x14\x73\x19\xE5\x00\x00\x00\x01\x73\x52\x47\x42\x00\xAE\xCE\x1C\xE9\x00\x00\x00\x04"
"\x67\x41\x4D\x41\x00\x00\xB1\x8F\x0B\xFC\x61\x05\x00\x00\x00\xDB\x50\x4C\x54\x45\xC6\xC7\xC8\xC8\xCC"
"\xC8\xC8\xCE\xD1\xD1\xD1\xD2\xC7\xCA\xCD\xC4\xC2\xBF\xE5\xF0\xF4\xF8\xF8\xF0\xF4\xF7\xF8\xF1\xF0\xF0"
"\xD0\xD0\xD1\xF8\xFC\xF8\xF1\xF0\xEF\xCF\xCF\xD0\xD0\xCD\xCF\xF8\xF8\xF8\xD6\xE9\xF6\xE0\xE4\xE9\xC4"
"\xD9\xE9\xAE\xCB\xE0\xBB\xD1\xDF\xB6\xD3\xEA\xCA\xE0\xEF\xA2\xC1\xD6\xE8\xE7\xE3\xE0\xE0\xE0\x62\x61"
"\x60\x1E\x21\x27\x28\x27\x26\x27\x2B\x34\x29\x2C\x28\x15\x1A\x1A\x7C\x80\x82\x08\x0A\x0E\x40\x43\x48"
"\x35\x40\x50\x2F\x34\x3C\x40\x46\x52\x38\x3E\x48\x33\x3A\x45\x1B\x17\x17\x1C\x25\x30\x50\x30\x06\x5B"
"\x45\x1B\x1C\x54\x7A\x4E\x66\x6A\x12\x78\xC8\x46\x88\xC5\x63\xA4\xEC\x48\x81\x95\x00\x00\x01\x45\xC1"
"\xF7\x18\xAF\xF8\xA0\xA1\xA2\x38\x4F\x8C\x17\x7C\xF2\x2B\x91\xF8\x54\xAA\x48\x27\xA3\x7E\x90\x8C\x08"
"\x88\x88\x00\x92\x73\x46\xD8\x88\x10\xB0\xB1\xB0\xE9\xE9\xEA\xE0\xE4\xE0\x7A\xB0\xEE\x9F\xD5\xF8\xE0"
"\xE2\xE0\x57\xA8\xF8\xB0\xB5\xBA\xB9\xB6\xB2\xA5\xA3\xA7\x89\xFB\xB4\xA0\x00\x00\x00\x09\x70\x48\x59"
"\x73\x00\x00\x0E\xC4\x00\x00\x0E\xC4\x01\x95\x2B\x0E\x1B\x00\x00\x03\x78\x49\x44\x41\x54\x48\x4B\x8D"
"\x55\x01\x7F\xA2\x36\x1C\x45\xDD\x51\x9C\xB3\x43\x92\x80\x1A\x29\x86\x84\x20\xA7\xD6\x6A\x6B\xF1\xB6"
"\xDD\xDC\xE9\xD4\x7D\xFF\x4F\xB4\x17\xA4\x56\xB1\xD7\x9F\xEF\x4F\x20\x24\x8F\x97\xC7\x9F\x24\x58\x96"
"\x55\xAB\x37\x6E\x8C\x5F\xBE\x58\x56\xC3\xBE\x73\x6E\x8B\xE6\xAF\x5F\xAC\x9A\xDD\xBA\x19\xBF\xB5\xAD"
"\xFB\xBB\xB2\x7E\x03\x7E\x6F\x5B\x0D\xA7\xD5\xB2\xDD\x56\xCB\xE9\xE0\xEC\xD8\xAE\xED\x76\x6C\xA7\xD3"
"\xC1\x98\x68\x71\x4C\x8B\x29\x1D\xA7\xE8\x37\xEA\x8E\x47\x08\xB5\x09\x61\xD4\xA5\xC4\x23\x28\x68\x60"
"\xAD\x3B\x46\x88\x6F\x53\x12\xF8\x94\x50\xEA\xE2\x8E\x42\xFD\xBE\xE5\x7B\x9E\xEF\xD9\xB6\x4B\x98\xC7"
"\x3C\x8F\x32\xC6\x02\x0F\xBA\x3E\x45\x07\x63\xAE\x0B\x71\xE2\x31\x0A\x8D\x42\xDD\x07\x3B\x70\x3D\x8A"
"\xF0\x5C\xCF\xF7\x4D\x8D\xB8\x0E\x44\x58\x00\x1E\x71\xF1\x10\xD8\x34\x70\x0B\xEF\x94\x51\xE8\x06\x84"
"\x05\xD4\xA7\x9E\x4F\x29\xBA\x31\x1A\xE4\x7C\x78\xF3\x3C\x2F\x20\xC4\x3C\x47\x8D\xF7\x7A\xD7\xB4\x31"
"\x46\x02\x3C\xE1\xC3\x2E\x2A\x8C\x52\xDB\xA5\x8C\x60\x1C\xC2\xF0\x4E\x81\xA1\xC3\x9C\x51\xB7\x7D\xC0"
"\x85\x07\x38\x41\xDD\x86\x35\xDC\x38\xB8\x1E\x9B\x71\x29\xBA\x70\x14\xDE\xCB\xA4\xDE\x80\x32\xEF\x37"
"\xE3\xA4\xDE\xEC\x7D\x8A\x66\x41\x3A\xA9\x77\xFB\x9C\x0F\xC2\x87\x8F\x83\x0F\xA2\x7E\xA7\xE0\xBF\xA9"
"\x0F\x45\x18\xCB\x9F\x87\x12\x43\xC3\x3A\xA9\x0F\xA3\x44\x6A\xA9\x53\xA5\xC2\x0B\xA4\x4A\xA7\x5A\x26"
"\x32\xEA\x77\x0D\xED\xA4\x3E\x4A\xB5\x56\x99\x61\x0C\xB2\xF7\xC0\x6D\x16\x2A\xAD\xD3\xA3\x9B\x33\x75"
"\x25\xB5\x8A\xC3\x28\xC2\xF1\x8E\x30\x12\x3C\x3E\xD2\x2F\xD5\x07\x3A\x4E\xE3\xAF\xE3\x49\x36\x99\x4C"
"\xA7\x8F\xB3\xA7\xF9\x23\x30\x99\x88\xC5\x62\x94\x80\x1F\x56\xD4\xC3\x24\x4D\xD5\x68\x90\x65\x93\xF9"
"\x7C\xFE\xFC\x72\xC4\xCC\xD0\x17\x4A\x4B\x39\x98\x56\xD4\x13\xAD\x42\x74\x0A\xD0\x97\xCF\xE0\x3F\xE3"
"\x34\x37\x74\x91\xA9\xC9\x6B\xD5\x7B\x86\xCC\x84\xFC\x48\x9F\xBF\xBC\xE4\xEF\x74\x1E\xA6\xAF\xA0\x57"
"\xD4\x65\xA2\x53\x2E\x40\x7F\x9D\xCF\x73\x60\x95\xAF\x56\xAF\xA0\x8B\x81\x52\xA9\xAC\x7A\x87\x7A\x22"
"\x79\xB4\x10\x72\xFA\xED\xDB\x1F\x25\xA6\x52\x2C\xA2\x0C\xDF\x43\x3E\x54\xBD\x4B\x0D\xF7\xA0\x8F\xC7"
"\x7F\xFE\xF5\x16\xFD\xB1\x10\x91\x42\x47\x72\xA5\x8E\xEF\x27\x35\x17\x62\xFC\xFD\xEF\x13\xBE\x83\xCE"
"\x75\x92\xAA\x2B\x75\x91\x71\x1E\xEB\xF4\x9A\xAE\x62\x7C\x6D\x55\x55\x17\x4A\x45\x3C\x96\x91\x18\x3F"
"\x8C\xBF\x9E\x22\x16\x91\x96\xA1\x0A\x33\x5E\x9D\x33\x32\xD6\x1C\xD3\x46\x44\xE2\x0C\x23\x01\xE7\x21"
"\xE7\x21\xAF\xA8\x47\x98\x8D\x1C\xF3\x06\xB9\x3C\x83\x71\x0E\xED\x4C\x87\x55\xEF\x21\xCC\xA4\x89\xD6"
"\x7C\x14\xF1\x37\x44\x03\x8C\x97\x86\x68\xBF\xF2\x8E\x5E\xE4\x26\x49\x31\x4A\x5A\x42\x61\x6E\xC9\x10"
"\x5E\xAE\x33\x33\xD0\x21\x5E\x49\xA5\xC8\x0E\x9E\x30\x30\xE7\x18\xB3\x9A\xF3\x87\x8F\xF2\x6E\xD8\x58"
"\x3E\xC9\x39\x8E\x2B\x0C\xEB\xE9\x4A\xBD\x5C\x75\x58\x54\x1F\x20\xAE\xAA\x47\x66\x95\x2A\xC3\x36\x8A"
"\xD5\x48\x47\x95\xBC\x0B\x7E\x54\x37\x8E\xAE\x83\x8B\x4B\xF5\xF5\xC5\xD7\xB9\xC6\x68\x78\xA1\xDE\x5A"
"\xF7\x3F\xC5\xF0\xDE\xEC\x63\x27\x75\xEC\x7A\x9D\xEE\x67\x71\xFC\x3F\x62\x7F\x6F\xFE\x14\x77\x95\x68"
"\xFE\xD3\xB6\x6A\xBD\x1F\x9D\x8F\x83\x6D\x36\x4F\x17\xB1\xFD\xB7\x6D\x59\xBD\x5E\xB7\x88\x5E\xE3\xAD"
"\x56\xC6\xEE\x31\xDF\xE5\xF9\x6E\xB7\x3A\x96\x55\x9E\x9B\xBF\x76\xA9\xDE\xDB\x1F\x1A\x87\x46\xED\xD0"
"\xD8\xD7\x4A\xF5\xDD\xE3\x6C\x9B\xEF\xB6\x4F\xDB\x0D\xCA\x6C\xBB\x01\xFD\x4C\xFD\xB0\x3F\x2C\x0F\xFB"
"\xF5\xFA\xB0\x3F\xA9\x83\x9E\xC3\xC3\xCC\x94\x8D\xA1\x9F\xAB\xD7\x1A\x87\x9E\xB5\xBC\x3F\x53\xDF\x6C"
"\x77\xA0\x17\x65\xB5\xDD\xAE\x2E\xD4\x8B\xA8\x5B\xEF\xF5\xED\x6C\xB5\x32\xBB\x0D\xF6\x1C\x73\x81\x7D"
"\xA8\x5B\x75\xBC\xE2\x09\x3F\xCA\x6B\x01\xFC\x61\x8B\x7F\xB3\x29\xA8\xD7\x3D\xD0\xEB\xCB\xE5\xFA\x36"
"\xEC\x97\xFF\xB5\xFF\x07\x6E\x96\xF0\x3D\x21\x18\xBF\x95\x00\x00\x00\x00\x49\x45\x4E\x44\xAE\x42\x60"
"\x82"
}
};

static const binfile_t logo_gw = {"logo_gw.png", 1045, {
"\x89\x50\x4E\x47\x0D\x0A\x1A\x0A\x00\x00\x00\x0D\x49\x48\x44\x52\x00\x00\x00\x2E\x00\x00\x00\x32\x08"
"\x03\x00\x00\x00\x14\x73\x19\xE5\x00\x00\x00\x01\x73\x52\x47\x42\x00\xAE\xCE\x1C\xE9\x00\x00\x00\x04"
"\x67\x41\x4D\x41\x00\x00\xB1\x8F\x0B\xFC\x61\x05\x00\x00\x00\xC9\x50\x4C\x54\x45\xBD\xC5\xBD\xBD\xCE"
"\xDE\xDE\xC5\xCE\xC7\xCA\xCD\xC4\xC2\xBF\xDE\xE6\xDE\xE6\xEF\xEF\xFF\xEF\xF7\xFF\xFF\xF7\xD0\xD0\xD1"
"\xF1\xF0\xEF\xCF\xCF\xD0\xF8\xF8\xF8\xF8\xFC\xF8\xDE\xC5\xB5\xE6\x9C\x94\xEF\xE6\xD6\xE6\x9C\xB5\xEF"
"\x9C\x7B\xDE\x31\x29\xE6\x52\x4A\xE6\x73\x6B\xE6\x52\x29\xDE\x73\x8C\xCE\x9C\x7B\xB5\x73\x5A\xB5\x52"
"\x5A\xE6\xE6\xBD\xDE\xC5\x9C\xBD\x9C\x7B\xBD\xC5\xA5\x9C\xAD\xA5\x94\x73\x5A\xBD\xB5\xA5\x94\x94\xA5"
"\x9C\x9C\x7B\x73\x6B\x5A\x94\x52\x5A\x73\x29\x19\x31\x08\x19\x52\x29\x19\x52\x08\x19\x94\x73\x9C\xB5"
"\x9C\x5A\x52\x4A\x5A\x52\x6B\x5A\x31\x4A\x19\x73\x8C\x5A\x73\x4A\x5A\x31\x29\x19\x10\x29\x19\x08\x08"
"\x08\xCE\x31\x5A\xA5\x31\x4A\x94\x31\x19\xB5\x31\x19\x94\x10\x19\x94\x9C\x5A\xBD\x94\xA5\xE9\xE9\xEA"
"\x73\xAD\xDE\x52\xAD\xDE\x94\xCE\xE6\xE0\xE2\xE0\x29\x6B\xDE\x31\x8C\xDE\xA5\xA3\xA7\x20\x45\x77\xE2"
"\x00\x00\x00\x09\x70\x48\x59\x73\x00\x00\x0E\xC4\x00\x00\x0E\xC4\x01\x95\x2B\x0E\x1B\x00\x00\x02\xD5"
"\x49\x44\x41\x54\x48\x4B\xCD\x96\xED\x62\x9A\x30\x18\x85\x81\x15\xED\xD6\x0D\x1C\x1F\x0E\x6A\xA2\x20"
"\x58\x65\xB4\x9B\xA8\x74\x73\x13\x87\xBB\xFF\x8B\xDA\x79\x43\xD0\x68\xAD\x73\xFF\x76\xA2\x21\x89\x4F"
"\x1E\x93\x88\xB5\x9A\xA6\xE9\xBA\x71\x65\x79\x73\xA3\x69\x66\xA7\x8B\xDC\x36\x69\xAF\x67\xD3\x79\x7B"
"\xA3\xE9\x1D\xD9\xB9\x22\xEF\xEE\x34\xE3\xA2\xF0\x38\xEF\x81\xFF\x83\xFD\x03\x70\xD9\xB4\xEC\x9E\x61"
"\x7F\xB4\xE8\xBD\x3A\xA6\xF2\x8E\x96\x7D\xE8\x90\x5D\x36\x1D\xD7\xF3\x5D\xDF\x77\x7C\x44\x5C\x6D\x34"
"\x6C\xC7\xF7\xFA\x36\x3A\x62\x09\x5D\xB2\xCB\xC9\x8E\xEB\xBB\x7D\xBF\xEF\x79\x0E\x6A\x31\xC1\x75\x3C"
"\xAF\x4F\x73\xFB\xB6\xDB\x50\xCA\xDA\x6D\xD7\x02\xE6\xC1\x48\xB0\x07\xBB\x4B\x7E\xDF\xEF\x3B\x9E\xE3"
"\x35\xCB\x53\xD6\x7E\x6B\xF4\xD4\x18\xBD\x6E\x73\xC5\x30\x9E\xCD\x07\xA3\xAC\xFD\x9A\xA8\xF6\x2B\xF2"
"\xDF\xD9\xBB\xB7\x3D\x5B\xE4\xD3\x5F\xD2\x93\xE7\x6E\xF8\xC1\xA5\x84\x4D\xEE\x0D\x69\x37\x02\x4B\xA6"
"\x37\x78\x11\xC6\x58\xC8\x51\xB1\xC0\x68\xED\xC7\xB8\x65\x0D\x45\x67\x38\xA4\x0E\x67\xE1\x28\x22\x9C"
"\x2B\xF6\x78\x9C\xA4\x63\xE0\x16\x8D\xC7\x28\xF4\xE0\x31\xF5\x18\x9B\xB4\xF8\xDE\x6E\x98\x63\xD3\x00"
"\xFE\x30\x9D\x65\x6A\xA6\x0F\x9C\x61\xF1\x12\x57\xEC\x9F\x63\xB2\x67\xA3\xA1\x92\x78\x14\x67\x9C\xF1"
"\x68\x72\x6A\x8F\x29\x84\xC7\x92\x14\x49\x46\xC3\x2C\x67\x2C\x11\x5B\x55\xED\x32\x0A\x2E\x1B\x59\x1E"
"\x87\xC9\x44\x6C\xE2\xCC\xC9\x9C\xC3\x79\x14\x49\x5C\xB5\x33\x94\x06\xDF\x4F\x41\x08\x97\x47\x74\x6C"
"\xC7\x08\xF0\x47\x20\xD8\x6E\xFA\xD4\xD0\x29\x70\xBC\x40\x39\xD8\xB9\x80\x91\x41\xF6\x05\x0C\xEC\xE9"
"\x53\x22\xF0\xC7\x23\x5C\xDA\xB1\xF3\x80\x07\x18\x92\x78\x92\x7C\x4D\x71\x2A\x0A\x8E\x73\x53\xEC\x8C"
"\xCD\x8B\xD9\x1E\xC7\x09\xA6\xA9\xB8\x12\x4E\x1A\xF0\xAA\x3D\xE0\x0F\x8B\x02\x77\x52\x8B\x63\x42\xB3"
"\x5F\xC2\x79\x18\x30\x1E\x72\xC5\x3E\x2F\x8A\x45\x01\xFF\x20\x5B\xA6\x08\xD6\x42\x05\x59\x66\x39\x5F"
"\xAD\xCA\xA0\x5C\x3D\x87\x07\xFB\x1C\x70\x51\x4C\x63\xE0\x94\x62\xB9\x5C\x2C\x50\x21\x59\x9E\x97\xEE"
"\x33\xFF\xB6\xFA\x0E\xBC\xB5\x87\x93\xD9\x62\x3A\x8F\xD8\xE0\x79\x76\x92\x32\xE7\x61\xC9\x83\xB0\x0C"
"\x15\x3B\x6D\x75\x8A\x0F\x83\xBE\x0C\x38\x85\x24\x8D\xA2\x28\xA1\xDB\x88\xB1\x9C\x07\xD4\x4A\x62\xC5"
"\x8E\x6F\xCC\xA4\xB9\x31\x44\x92\x28\x8D\xD2\xA4\x69\x47\x3C\xA0\x79\x31\xE1\x07\x3B\x49\xA1\xCA\xD7"
"\x6B\x3C\xD6\x90\x53\xD0\x5A\xE7\x0D\xCD\xF9\xC1\x5E\xDE\xEF\x53\xBE\x4C\x3B\xD6\xDA\x7B\x3F\x5E\x24"
"\x08\x7E\x04\x6D\xAB\x6D\x77\xA4\xFD\xEA\x34\x76\x91\x8E\x79\xA9\x98\x82\x82\x5D\xEF\xBC\x9A\xEE\x69"
"\xF9\x09\xDC\x7C\x2D\xFA\x66\x53\x1D\x95\xED\xAF\x3B\xFC\x6A\xBF\x96\xAA\xDE\x55\xBB\x5D\xD5\x3C\x2B"
"\xBA\xD2\xAF\x36\xBD\x12\xC7\xF8\xDF\xC0\x18\xA1\xC2\x74\x3D\xD6\x85\xA3\xAA\x37\xDB\x7A\xBB\xD9\x6C"
"\xB7\xDB\xAA\x46\x05\xBC\xB1\x1B\xF8\x83\x02\x36\xD6\x46\x98\x87\x82\x5A\xE0\x15\x10\xD0\x1B\xAC\x6A"
"\x87\x4E\xDD\xDA\x75\x03\x72\x43\xD3\x35\x43\x37\x75\xD4\xD2\x0E\xED\x0E\x53\xAA\x8A\x76\xB1\xA9\x6A"
"\x69\x3F\x9F\x6D\xBD\x3B\x4A\x5D\xC1\x7E\xE9\x68\x4E\x43\x8B\x19\x63\xC1\x57\x45\x1B\xFD\xBE\xFB\x03"
"\x06\xED\xB9\x4F\x4F\xBD\x2A\xDD\x00\x00\x00\x00\x49\x45\x4E\x44\xAE\x42\x60\x82"
}
};

static const binfile_t logo_lnx = {"logo_lnx.png", 1318, {
"\x89\x50\x4E\x47\x0D\x0A\x1A\x0A\x00\x00\x00\x0D\x49\x48\x44\x52\x00\x00\x00\x2E\x00\x00\x00\x32\x08"
"\x03\x00\x00\x00\x14\x73\x19\xE5\x00\x00\x00\x01\x73\x52\x47\x42\x00\xAE\xCE\x1C\xE9\x00\x00\x00\x04"
"\x67\x41\x4D\x41\x00\x00\xB1\x8F\x0B\xFC\x61\x05\x00\x00\x00\xD5\x50\x4C\x54\x45\xC4\xC2\xBF\xCF\xCF"
"\xD0\xC7\xCA\xCD\xF0\xF0\xEF\xF6\xF7\xF4\xE0\xE1\xE0\xE0\xE3\xE8\xE8\xE6\xE3\xF8\xFC\xF8\xD0\xD0\xD1"
"\x5E\x5E\x5D\xA3\xA5\xA5\xB2\xB7\xB9\x3B\x40\x4B\x4B\x49\x49\x7E\x7E\x80\x67\x63\x60\x8F\x90\x90\xF1"
"\xF0\xEF\xBA\xB4\xB0\xB0\xB0\xB0\x71\x73\x6F\xF8\xF8\xF8\x3D\x2E\x1A\x7B\x70\x45\xE8\xBF\x40\xCC\xA5"
"\x3B\x2C\x2F\x33\xA0\x82\x17\xCC\xB0\x4F\x99\x8D\x5D\x5A\x42\x20\x2C\x3A\x42\x83\x62\x11\xB0\x36\x2C"
"\x2E\x18\x07\xF3\xC3\x2E\xD6\xA6\x1B\xDC\xBE\x58\x71\x35\x0F\x1B\x17\x16\x18\x1B\x1D\x1F\x22\x29\x06"
"\x04\x05\x0F\x11\x15\x54\x5F\x6C\x21\x51\x62\x1E\x4D\x7A\x39\x69\x8D\x57\xA4\x66\x16\x7D\xBA\x2D\xBC"
"\xD0\x25\xBF\xEE\x56\xA5\xA9\x4F\x7B\x9F\x6C\xC0\x80\x5C\xCD\xF1\x96\xD4\xF7\x20\x88\xEC\x21\x78\xE3"
"\x37\x95\xF4\x7D\xB6\xF1\x66\xA9\xF2\x49\x90\xE0\x14\x50\xCF\xA8\x44\xAC\x88\xA1\xB3\xE9\xE9\xEA\xC2"
"\xD3\xE6\xE0\xE2\xE0\xA5\xA3\xA7\xCE\xB2\xB5\xC7\x00\x00\x00\x09\x70\x48\x59\x73\x00\x00\x0E\xC4\x00"
"\x00\x0E\xC4\x01\x95\x2B\x0E\x1B\x00\x00\x03\xDA\x49\x44\x41\x54\x48\x4B\x8D\x96\x0B\x7B\xA2\x38\x18"
"\x85\x61\x15\x71\x40\x6E\x2B\x6E\x28\xC1\x82\x8D\x8E\x24\x50\xB5\xED\xEA\x8C\x72\x73\xBA\xB3\xFB\xFF"
"\x7F\xD2\x9E\xA0\xAD\xF5\xD2\x79\xE6\x84\x87\xDC\x0E\xAF\x1F\xB9\x10\x15\x45\x55\xD4\xDF\xD5\x1F\x0A"
"\xEC\x9D\xEE\x49\x5A\x5B\xE9\x75\x74\x55\xED\xE8\x7A\xBF\xAB\x69\x5D\xBD\xD3\x6F\xBB\xBA\xDD\xCE\x17"
"\xE9\xEE\x9F\xA4\x19\x26\xEE\x1D\xC3\x1C\x58\xB6\xE2\xB8\x7D\xC5\x36\x06\xDE\xE0\xD0\x07\xFD\x89\x48"
"\xBA\xC7\xB2\x94\x62\x3B\xA8\x0E\x0D\xA3\xE3\xF8\x9A\xEB\xAA\x43\xD7\x1F\x39\xFE\xB1\xB3\xDF\xFF\xEB"
"\xC2\xEE\x59\xB6\xDA\xEF\x3B\x0E\xD0\x43\x18\xBD\x81\x8D\xD2\xC9\xDE\x3F\xB3\x77\x4D\xD7\x1D\x19\x5A"
"\xCF\x76\x6D\xC7\xF1\x47\x86\x61\x98\x86\xA1\x7E\x4A\xF7\x47\x9A\xA7\x9A\x8E\xEF\xF6\xD5\x91\x87\x4A"
"\x67\x64\x3A\xA6\xF7\x21\xF6\x03\xBD\x83\x17\x56\xE5\x88\x2A\x8A\x3F\x94\x57\x5B\xF2\x07\x8A\xAF\x0C"
"\x21\x65\x38\x68\xFB\xF5\x23\xDD\x23\xC1\x5D\x68\xD3\x68\x3C\x8E\x6C\x4A\x82\x30\x0C\x82\x28\xBC\x8F"
"\x69\x32\x19\xC7\xF1\x03\x14\xDF\xCB\x1E\xEF\x48\x1F\xB1\xFB\xE9\xD4\x26\x24\x98\x4D\x83\x38\xFA\x1A"
"\x4E\xC8\x7D\x18\xCD\x66\x36\x99\x7C\x45\xEB\xBC\x7D\x80\x50\x3A\x3A\xD2\x47\x69\x30\x9D\x91\x94\xF3"
"\x38\x88\xC6\x77\x11\x49\xF1\xF8\x2C\x0E\xC2\x28\x1A\x93\x94\x04\xD1\xE4\x61\x4E\x98\xE0\xA3\x23\xDD"
"\xCD\xE2\xC9\x24\x86\x72\x32\x9D\x06\x2C\xCB\x32\xD8\xD3\x2C\x0E\xA7\x53\x92\xB1\xF9\x24\xBC\x9B\xC5"
"\x2C\xCF\xDC\xB7\xD8\x99\x1B\xB6\x8A\x49\x18\xBA\x4C\x08\x06\x32\x15\x84\x46\xA1\x8C\x9D\x90\x68\x1C"
"\xE2\x37\xDF\x62\xEF\x6A\xBA\x2E\x07\xE3\x17\x52\x75\xAC\x9E\xD3\xB8\xEB\x86\xA0\x42\xD0\x9B\x12\x90"
"\xD1\x3B\x8D\x3B\xE4\xA5\x96\x45\x13\xDB\xB6\x2C\xCB\x96\x09\xA5\xB6\x22\xEB\x09\xB5\xAC\xD4\x91\xAE"
"\x77\xBA\x23\x2C\xB4\xCE\x59\x9E\xB3\x80\xC5\xF3\x79\x1C\x13\xDC\x09\xEA\x5C\x48\xBB\x70\x75\x69\x7B"
"\xB7\x73\x8B\x52\x8E\x31\xC9\x58\xCC\xD8\xC3\x9C\x4D\xE6\xF3\xF9\x84\xC8\x86\x0C\x31\x5A\xBC\x8D\xE6"
"\x44\xE7\x96\x10\xB2\x2F\x67\x71\x2C\x9F\x88\x09\x21\xC8\x73\xD9\xC6\x85\xC5\x1F\x2F\xE9\x22\xCD\x18"
"\x3B\xC6\x7B\x92\xCD\x58\x96\x8A\xE4\x8A\x9E\x08\x9E\xF0\x64\xF1\xB8\xC0\xB5\x5C\xAE\x90\x96\x4B\x59"
"\x4B\xE0\xC5\x75\x49\x47\x23\xE5\x34\x19\x05\x4F\xD1\xE4\xF9\xE5\x6F\x68\xBD\x8E\xA2\x45\x92\xA4\x09"
"\x45\xCF\x25\x9D\x72\xCE\x73\x9A\x6C\x9E\xD6\xDF\x9E\x5E\x5A\xFB\xCB\xCB\xD3\xB7\xD5\x82\x62\x6C\xD0"
"\x79\x41\x4F\xE5\x8B\x72\xBA\xD8\x48\xA3\xD4\xF7\xAD\xBC\x6F\x16\x34\x45\x87\xB8\xA2\x8B\x8C\xA5\x5C"
"\x2C\x56\xBB\xDD\xAE\xD8\x95\xD5\x76\x5B\xD5\xCD\x6E\xB7\x5A\x0A\x8E\x97\x15\xD7\xF4\x9C\xC2\xBE\xDC"
"\x34\xCD\x7A\xDD\xD4\x15\xFC\xDF\xBF\x4B\xBA\x48\x39\xCD\x6F\xD0\x73\x19\xE5\x72\xB9\xDF\xBB\xCE\x1E"
"\x6A\xB6\x70\x4B\x3B\xCF\x05\xEC\xD7\xB1\x73\xCC\xB8\xB4\x07\xCE\xE6\x71\xBF\x7F\xAE\x4A\xC4\xB5\x02"
"\x3D\x13\x37\x63\xC7\x94\xB6\xF4\xC5\xCA\xD9\x00\x5F\x95\x10\xE8\x72\x62\x6F\xD1\x33\x76\xB0\x2F\x37"
"\x3F\x7E\xC0\x5E\xCB\xD8\xD7\xA0\x63\x7B\xF1\x1B\xF4\x14\xC1\x4B\xFB\xE3\xEB\x2B\x82\xD9\x97\x5B\xE8"
"\x75\xC1\x33\x9A\x5F\xD3\x39\xC5\xCA\xCB\xC4\x72\x55\xC8\x91\x69\x8A\xA6\x28\x9A\x46\x06\x83\xB9\x13"
"\xD9\x8D\x59\x45\xE4\x39\x5F\xAC\x9E\xCF\xB4\x5A\xA4\x68\xCE\x6E\xAC\x99\x3C\x4B\xF3\x94\x26\x17\xA2"
"\x69\x9A\x66\xF9\xF5\x8A\xB4\x30\xAD\x2C\xCB\xB1\x72\xCE\x94\xCB\xD6\x9B\xEB\x1D\x03\xF6\x89\x60\xBF"
"\xA2\x23\x9A\x37\x71\xAC\x64\x7A\x2C\x43\x79\x72\x45\xCF\x28\xCD\xDF\xFD\xB9\xD4\xB1\x8C\x5A\x8A\xBE"
"\x73\xBA\xDF\x6E\xEB\xD6\x76\x2D\xF4\xA4\xDE\x19\xBD\xEF\xBB\xAE\xF1\x79\x32\xBC\xF6\xC4\x7B\xA7\xE3"
"\xB8\xEB\xE9\xBF\x4A\x87\xF3\x11\xF6\xCE\xA7\xEA\x5E\xA4\xCE\x3F\xB0\x6B\x5A\xEF\x76\xFA\x59\xD5\x67"
"\xAA\xAA\x7F\xF1\xE1\xD5\x34\xBD\x4D\x52\x87\xFC\x50\xD7\xEB\x7D\x59\x17\x65\x5D\xEF\xCA\xBA\x69\xF3"
"\x9D\x3C\xB5\xDF\xE8\x38\xBB\x4C\x75\x20\x3F\xCE\x47\x7A\x5D\x54\xDB\xA2\x92\xDB\x70\x5B\x37\x32\x2F"
"\xBE\x9C\xE8\xAA\x69\xE2\xA4\xF3\x4D\x3C\xF2\x46\x2F\x9A\x2D\xA8\xD8\xE4\x15\xB6\x39\xF2\xE2\x23\x1D"
"\xFF\x28\x14\xD0\x55\xED\x23\xBD\x2C\x6A\xEC\xAA\xBA\xAA\x65\xFE\x91\x7E\x9D\x2A\xAC\xF7\x72\x57\x96"
"\xF8\x8E\x60\xDB\x22\x2F\x41\x97\xF8\xDB\xEA\xFD\xBC\x94\x0C\xC6\x33\xFD\xDF\xD5\x7F\xEA\xFF\x91\xF1"
"\xD8\xE8\x7B\xB1\x30\xA5\x00\x00\x00\x00\x49\x45\x4E\x44\xAE\x42\x60\x82"
}
};

static const binfile_t logo_md = {"logo_md.png", 1219, {
"\x89\x50\x4E\x47\x0D\x0A\x1A\x0A\x00\x00\x00\x0D\x49\x48\x44\x52\x00\x00\x00\x2E\x00\x00\x00\x32\x08"
"\x03\x00\x00\x00\x14\x73\x19\xE5\x00\x00\x00\x04\x67\x41\x4D\x41\x00\x00\xB1\x8F\x0B\xFC\x61\x05\x00"
"\x00\x00\x01\x73\x52\x47\x42\x00\xAE\xCE\x1C\xE9\x00\x00\x00\xC9\x50\x4C\x54\x45\xC8\xC8\xC8\x0C\x0F"
"\x13\x3B\x42\x4E\x1C\x1F\x25\x00\x00\x00\x38\x3F\x4A\xFC\xFC\xFC\xC7\xC7\xC7\xFF\xFF\xFF\xCE\xCE\xCE"
"\xE1\xE1\xE1\xE5\xE5\xE5\x2E\x34\x3D\x26\x2B\x33\xCB\xCA\xCA\x36\x3D\x48\x46\x4E\x5B\x33\x3A\x44\xF5"
"\xF5\xF5\x22\x27\x2D\xFB\xFB\xF7\x09\x08\x08\x13\x18\x20\xD5\xD3\xD1\x63\x63\x62\xDC\xDA\xD7\x20\x24"
"\x2B\xE7\xF3\xFF\x7D\x7E\x7D\x5B\xA1\xF5\x5B\x5A\x59\xEF\xEF\xEF\x28\x43\x60\x41\x70\xAD\xCF\xD8\xE3"
"\xAB\x8D\x51\x40\x47\x53\x35\x5C\x8A\xF7\xED\xE3\x51\x3F\x1A\xB7\xB8\xB9\x64\x54\x2A\x0E\x79\xFC\x32"
"\x8D\xFC\x71\xAE\xF8\xB6\x98\x5C\x42\x3E\x35\x33\x28\x12\x53\x5D\x6A\xC5\xE0\xFF\x33\x52\x73\x91\x77"
"\x38\x8A\xBF\xFC\x83\x8D\x93\x13\x21\x33\xD2\xB4\x85\xA4\xCB\xF8\xA8\xA9\xA9\x78\x62\x34\x00\x63\xFD"
"\x4C\x7E\xBA\x23\x18\x03\x71\x76\x71\x4B\x63\x79\xEB\xD9\xB5\x58\x8E\xCD\x9D\x85\x89\x70\x87\x73\x58"
"\x00\x00\x00\x08\x74\x52\x4E\x53\xA8\xFF\xFF\xFF\xFF\xFF\xFF\xBC\x43\xB7\xB8\x21\x00\x00\x03\x84\x49"
"\x44\x41\x54\x48\xC7\x85\x94\x89\x62\xA3\x20\x10\x40\x83\x60\x36\x8D\x10\xB4\x06\xDD\xD8\xBA\x9A\x9A"
"\x54\xCD\xA1\xB9\xAF\xE6\x68\xF7\xFF\x3F\x6A\x07\xAC\x69\xEE\x7D\x0A\x8A\x3E\x46\x18\xD4\xCA\x2F\xF7"
"\xA9\xC0\x7D\x40\xA9\xFC\xAA\xB8\x41\xAD\xA0\xF9\x72\x9F\x6F\x25\x70\x2B\x8D\xAA\x3A\x7B\x59\x7D\xB5"
"\x0B\xB6\x57\x75\x7B\x3B\x1B\x2B\xAB\xDA\x28\xF4\xEA\x6A\x1B\x0A\x36\x99\x84\xE1\x24\x14\x50\x8E\xF5"
"\x62\x02\x30\xB2\xE8\xCE\x5E\x4E\xF4\xF1\x96\x10\x12\x76\x17\x5D\xD8\xC3\x6E\xFB\x70\x08\x17\xED\x45"
"\x78\x98\x88\x6E\xB8\x58\x84\x6D\x01\x37\x67\xD5\xA3\xFE\x32\x0B\x41\xDF\xFF\x26\x73\xD8\xFF\xCC\xF7"
"\x59\x96\xEB\x6B\x91\x67\xCB\x78\xBE\x89\xA2\xE1\x10\x74\xE1\x8F\x8F\xFA\xDB\x00\x39\x0B\x12\xA7\x24"
"\x4D\xC9\x26\x8E\x37\x69\x9A\xEE\xA6\x50\x47\xF9\x26\xCE\xF3\x74\x4A\xE0\xEE\xD7\xAA\xD4\xAB\xCB\xA9"
"\xC8\xF6\x04\x39\x80\x20\x50\x61\x87\x20\xE1\x20\x88\x89\x04\x42\xC8\x91\x77\x37\xC3\x63\x74\xD0\x89"
"\x10\x5D\x49\xE8\xA8\x03\x0A\x61\xD6\x84\xC0\xDC\x65\xCB\x21\x82\x6C\x96\x47\xBD\xB9\x8C\x21\xD2\x17"
"\x23\x04\x8F\x26\xDB\x3C\x8F\x0F\xD0\x89\x1C\x4C\xF3\x40\xBA\xDB\x2C\xA3\x30\x31\x11\xB5\x7E\x32\xF3"
"\x29\xC3\x0F\xD3\x38\x8E\xA6\x59\xB4\x99\xC2\xE4\x36\x53\xB2\x8B\xA2\x1D\x49\x87\x71\x1A\xC3\x54\xD3"
"\xE5\x49\x22\x6B\x9F\x51\xBC\x8B\x81\x34\xDF\xC1\x83\x76\x29\x3C\x41\x88\x3C\x17\x62\x07\x76\xBC\xCB"
"\xA7\xCB\xE6\xA9\x5E\x6B\x7E\x2E\x23\xC5\x10\x12\x07\x45\xE6\x2F\x52\xA7\xF2\xDA\xE7\x7B\xAD\x76\xA6"
"\x57\x8D\x7A\xEB\x3E\x46\xF5\x5C\x37\x32\x99\xB1\xBB\x88\xCC\x38\xD3\x5F\x09\xB6\xB8\x75\x0A\xB7\x28"
"\xA5\xE5\x35\x4C\xF6\x17\xBA\x03\x77\xA9\xFE\x8D\xA6\x71\x66\x63\x8C\x6D\xC6\x35\x4D\xD7\xB8\x4D\xFE"
"\x3C\x9F\xEB\x08\x7B\xD8\xA6\x5A\xA1\x73\x86\x31\x83\xEE\xF2\xC0\xA1\xE9\xDD\xD0\x31\xF6\x4A\xDD\x76"
"\x18\x3C\x02\x36\x9D\x39\x36\x44\x7F\xAC\xDB\xD8\xD2\x4A\x2C\x6C\xDF\xD3\x8B\xC1\x68\xD4\xA1\x72\x9E"
"\x05\x16\xB4\xF4\x87\xD1\x6D\xC6\x4E\x92\xC8\x98\x7D\x73\xAA\xA5\x6E\x61\xEA\xFD\xAC\x82\xF0\x28\xB6"
"\x1E\xE8\x1A\xC3\x9C\xDB\x3F\x70\x8E\x99\x7D\x7F\xEC\x52\xD7\x4E\xF9\xBF\xAE\x56\x4A\x21\x17\xE1\x8E"
"\xEE\x14\x83\x81\xB1\x4A\x07\xC3\x37\x88\x65\xCF\xDB\x3A\x63\x8C\x5A\x6A\x49\x31\xF4\xB2\x10\xD8\xB9"
"\x83\x2C\xD5\xFD\x5A\x77\xE4\xEB\xC4\x25\x3A\x4C\x4F\xB3\x50\x9A\x66\x53\x0F\x59\x9A\x6C\x5E\xE7\xDD"
"\xEE\x94\xC0\x32\x31\xD0\xB3\x34\x9D\x66\xA0\x33\x58\xA6\xAB\xE8\x62\x64\x9A\x1D\xB5\x9B\x23\x9D\x61"
"\x6A\x21\x3B\xC3\xA9\x8D\x2C\x8A\x99\x3E\x1A\x89\x0B\x1D\x99\x1E\x27\x18\xFE\x28\xD4\x33\x4D\x78\xB1"
"\x3C\xC7\x41\xB0\xC1\x91\xE9\xE6\x68\xE4\x5C\x46\xE7\x9E\x2E\x30\xB5\x29\xF7\xAC\x8E\x06\xF1\xE7\xC9"
"\xFA\xEF\x3A\x99\x43\x6C\xAD\xC3\x35\x74\xA9\x6B\x9E\x9E\x51\xCA\x29\xF5\x54\x7A\xAC\xD7\x24\x58\x06"
"\xC9\xAB\xCC\x29\xBF\xA5\x33\x99\x82\x91\xC9\x58\xF1\xCA\x53\xDA\x31\x3B\xF0\x7D\x71\xB5\xC4\x97\x3A"
"\xEA\xC0\x30\x98\x7A\x65\x75\x5E\x00\xDF\x68\xA7\x98\xFB\xA8\x73\x15\xDD\x7C\xC8\x85\xBE\x27\xEC\x06"
"\x0E\x42\x1E\xFC\x80\xE1\xEC\x22\xEF\x09\xFC\x06\x1F\x21\xE6\xC1\xD9\x5F\x2C\xF9\xFD\x90\xB9\x7B\xAE"
"\xD7\x6A\xCF\xCD\x07\x04\xCF\xE5\x6F\x29\x28\x78\xBE\xE6\xBA\x13\xE8\xF5\x12\xA3\x7E\x86\xF1\x36\xF0"
"\x7D\xD8\x15\xEA\xB8\xAA\x4B\xDD\x28\xA8\xBB\x46\x60\xC0\x1E\x18\xC5\x95\xF7\xC1\x47\xDF\xFF\xE8\xF9"
"\x7E\xAF\xE7\xF7\x3F\x54\x79\x2B\xF4\xBA\xDC\xD6\x49\x2B\x69\x35\xA0\x6A\x14\x17\x40\x9F\x8D\x3F\xC6"
"\xB3\xC1\x78\x35\x1E\xF4\x65\x29\x75\x45\x92\x24\xF3\x24\x59\x03\x81\x7A\x98\x8C\x3E\x86\x07\xAC\xC6"
"\xFE\xA0\xE0\x2C\x7A\xD2\x68\x25\x46\x63\xEE\x16\xD1\x61\x30\x7E\x6F\x36\xF6\x7B\xFE\xAA\xEF\xFB\xB3"
"\x99\x2C\xA7\xD1\xEB\x6A\xE0\x4F\x0D\x23\xF8\x6E\xBF\xAF\x7A\xFD\x7E\x1F\x4A\xAF\x2C\xBE\xD1\xA8\xB8"
"\xAD\xB3\x74\x18\xA7\xA9\xB9\xC0\x68\xB9\x95\x8A\xDB\xB8\xC7\xD3\x77\xA5\x76\xD9\x70\x2B\xFF\x00\x32"
"\xEF\xA8\xE6\x99\x21\xA4\x53\x00\x00\x00\x00\x49\x45\x4E\x44\xAE\x42\x60\x82"
}
};

static const binfile_t logo_msx = {"logo_msx.png", 1011, {
"\x89\x50\x4E\x47\x0D\x0A\x1A\x0A\x00\x00\x00\x0D\x49\x48\x44\x52\x00\x00\x00\x2E\x00\x00\x00\x32\x08"
"\x03\x00\x00\x00\x14\x73\x19\xE5\x00\x00\x00\x04\x67\x41\x4D\x41\x00\x00\xB1\x8F\x0B\xFC\x61\x05\x00"
"\x00\x00\x01\x73\x52\x47\x42\x00\xAE\xCE\x1C\xE9\x00\x00\x00\x96\x50\x4C\x54\x45\xBF\xBF\xC0\xE2\xE2"
"\xE2\x01\x01\x02\x00\x08\x7C\xFB\xFB\xFC\x14\x16\x1B\x1A\x1E\x23\xC8\xC8\xC8\xCB\xCA\xCA\xFF\xFF\xFF"
"\x2F\x35\x3E\x06\x07\x07\x46\x4A\x50\xE9\xE7\xE7\xF0\xF2\xFA\x24\x2A\x2E\x0D\x0F\x12\x63\x65\x68\xF5"
"\xF5\xF5\x22\x21\x27\x6B\x72\x7C\xAD\xAF\xB9\x32\x42\x50\xD9\xD9\xD7\x5A\x5C\x5E\x7A\x82\x8D\x11\x26"
"\x90\xD2\xD2\xD2\x83\x8E\xC5\xB4\xBC\xDC\x98\x9F\xAA\x5E\xA2\xF6\xD1\xD9\xE5\x0C\x73\xFD\x7E\x7E\x7D"
"\x37\x41\x3F\x20\x33\x99\x08\x1A\x88\x39\x91\xFC\x8F\x93\x99\x7B\xB5\xFA\xFF\xFD\xF2\xF0\xF0\xF0\xB3"
"\xD5\xFF\xE0\xE4\xF2\x42\x51\xA4\x5F\x6C\xB2\x69\x74\xB7\x48\x20\x24\x52\x2A\x2E\x85\xCD\x9C\xB6\x00"
"\x00\x00\x08\x74\x52\x4E\x53\xF9\xFF\xFF\xFF\xFF\xFF\xFF\xA8\xC0\xE1\x9F\x04\x00\x00\x02\xE7\x49\x44"
"\x41\x54\x48\xC7\x8D\x96\x89\x9A\xA2\x30\x10\x84\x41\x8E\x81\x00\x82\x82\xC8\x21\x08\xCB\xB9\x02\x3A"
"\xFB\xFE\x2F\xB7\xD5\x1C\xEE\x08\xD1\x6F\xAB\x93\x10\xE0\xA7\xA9\xC4\x44\x15\x84\x78\xD2\xF9\xA3\x66"
"\x48\x10\xE2\xA3\x3E\x4A\xDE\x7F\xD2\xC4\x1C\x63\x41\x9B\x7A\xFA\xA5\x8A\xA2\xE8\x59\x17\x4D\xFD\xA8"
"\x9C\x79\x4D\xD0\xE4\x19\x97\x2A\x69\xB8\x48\x63\xAD\x2E\xC9\xA4\xBB\x24\x49\xE8\x97\xD5\x84\xCB\x3F"
"\x71\xA9\x4A\xE4\x41\x1A\xAB\xAE\xCF\x16\xEE\xD2\x45\xD7\x1F\x52\xC4\xC1\xAB\x48\xD6\xEF\x95\x8C\xBB"
"\xFD\xBE\xC4\xC3\x55\x05\x34\xA1\x47\x2A\x1E\x4E\x89\x92\xBB\xAE\x67\x55\x2F\x5F\x86\x21\x22\x53\x40"
"\x60\x88\x8F\x27\xB0\xD0\xCB\xB2\x1C\x3D\xE8\x42\x52\x55\x74\x89\x4C\x72\xCD\x94\xFA\x1E\xDC\x85\x88"
"\xE1\xF1\xC8\x08\x7C\xEC\xF5\x7E\x78\x93\xBD\xD4\x13\x64\x8B\x06\xE4\xA5\x09\xC1\x15\x38\xEB\xF5\xFD"
"\xC0\xC7\x29\xED\x65\x5F\x61\x8E\xFB\x2C\xCB\x30\xC4\x3B\x7D\x1A\x18\xEB\xB0\x35\x23\x03\xEF\x2B\xA9"
"\x7C\x20\x6F\x4F\x93\xD8\x3F\x86\xBE\x87\x1F\x5C\xCE\x78\xF3\x5E\x95\x65\x14\x4D\x75\x14\x1D\x23\x12"
"\x9D\xAC\xF1\x9B\x70\xFA\x24\xEB\x15\x17\xED\x9D\xF1\x49\xB6\xF8\x82\xFF\xDA\xB9\xAE\xAB\xBE\x95\xBB"
"\x3B\xAC\xF0\x3F\xDF\xAE\x8A\x70\x15\xC6\x8A\x55\x29\x5C\x75\x17\x1C\xB7\x38\x78\x55\x79\xCA\x76\x9F"
"\xDD\x77\xB8\x6D\x2B\xCE\x6E\x96\xBB\xF4\x0C\x67\x8B\x9B\xCC\xB6\x99\x5B\x14\x8A\xC3\xD1\x16\xB7\x21"
"\x66\xBF\xD3\x06\xFF\x61\x1A\x5E\x7F\x74\xA8\xA8\xC6\x06\xF7\x7D\x86\x98\x1A\xD5\x36\x31\x21\xCC\xB4"
"\x5D\x8C\xC8\xB6\xD5\xAD\x99\x17\xDC\x21\xDC\x04\xAE\x7C\x7F\x2B\x18\xCF\x16\x0F\x0E\xE6\x14\x01\xAA"
"\x37\xB6\x14\x9E\xA1\x38\x88\xED\xCC\x78\xDC\x08\x15\xFA\x34\x38\x78\xBA\x24\xFC\x19\x4D\x60\xA8\x18"
"\xAC\xC3\xC1\x0F\x9C\xE4\xFB\xD4\xF6\x92\xD0\xE4\x64\x6F\x42\xE6\xAD\xA3\x48\x52\x2F\xF5\x9A\x94\x67"
"\xA6\x61\x61\xB1\x0E\x2F\x08\x93\x22\x3D\x71\xB3\x73\xD2\x37\x81\x1F\x26\xCD\x81\x97\x3D\x4D\x59\x68"
"\x22\xFE\x25\x67\x61\xEA\x39\xCC\x2F\x38\x43\x75\x55\xC7\x09\x03\xCC\x37\xDE\x32\x8A\x1D\xCC\xD4\xF4"
"\x0E\x86\x41\x2B\x72\xB3\x08\x14\xC5\x55\x52\x58\xA5\xB7\x8C\x32\xBD\xE0\x14\x84\x21\xB6\xCB\xBB\x25"
"\x46\x6B\x75\x5A\xC0\x86\x31\x77\x1C\x85\xB6\x80\xC2\x33\xE3\x8E\xC2\x06\x54\x99\x69\x32\xD5\x5D\xCE"
"\x1D\x75\x9B\x1D\x3B\xED\xB9\xB7\x15\x1B\x0E\x94\xE7\xBE\xC6\x9D\x15\xEE\xED\x7C\x06\x97\xFE\xA2\xC2"
"\xF7\xCD\xB9\xCB\x70\xC3\xDF\x99\x2F\xB8\x60\x8C\x9B\x92\xAB\xF1\x4E\x63\xBD\x7C\x8B\x69\x87\x8F\x6A"
"\xCE\xB7\x19\x9F\x7F\xF9\xF4\xA3\xFC\x41\xB7\xE3\xF2\xCB\x77\x9B\x75\xDC\xE8\xF7\x5A\x37\xE0\xE2\x3B"
"\x65\xED\xF5\x8A\xF2\x4F\x89\x48\xB8\x25\xA2\x9C\x2D\x48\xB4\xE6\x13\x6A\xAC\x36\xAF\xAF\x79\x7E\xA5"
"\x5A\xD3\xB1\xCE\xB3\x11\xB7\xD2\x53\xAA\xA1\xA7\xC5\x82\x78\xA2\xA6\x11\x1A\x3C\xDE\xE6\x6D\x9F\x77"
"\x6D\xDB\x75\x1D\xD0\xAB\xBC\xE0\x62\x2A\xD0\x03\x8D\x86\x2F\xF2\x06\x55\x68\x62\xC2\xAF\x79\xDD\xE1"
"\x05\x80\xAF\x2D\xDE\xD4\xB5\x0B\xAE\x59\x94\x59\xB3\x62\xE1\x7C\xC2\xDF\x0A\x9C\x0B\x31\xE1\x5D\x87"
"\xAC\x5D\x5D\x03\x47\x59\xF0\x45\xE2\xB3\x19\x8F\x49\x5E\xD7\x75\x0E\xDB\x38\x8E\xB5\xC6\x50\xE3\xF3"
"\xBB\x99\xB1\xB2\x95\xC4\x73\x2C\x7C\xC5\xDA\x7F\x2B\xFE\xFA\x0B\xEA\x12\x8E\x6B\xCA\xA5\x2C\xD3\x00"
"\x00\x00\x00\x49\x45\x4E\x44\xAE\x42\x60\x82"
}
};

static const binfile_t logo_nes = {"logo_nes.png", 1156, {
"\x89\x50\x4E\x47\x0D\x0A\x1A\x0A\x00\x00\x00\x0D\x49\x48\x44\x52\x00\x00\x00\x2E\x00\x00\x00\x32\x08"
"\x03\x00\x00\x00\x14\x73\x19\xE5\x00\x00\x00\x01\x73\x52\x47\x42\x00\xAE\xCE\x1C\xE9\x00\x00\x00\x04"
"\x67\x41\x4D\x41\x00\x00\xB1\x8F\x0B\xFC\x61\x05\x00\x00\x00\xD8\x50\x4C\x54\x45\xC7\xC5\xC5\xC8\xCD"
"\xCE\xD0\xCF\xD1\xC7\xCA\xCD\xC4\xC2\xBF\xDE\xDB\xD7\xE9\xE9\xEA\xF8\xF7\xF0\xF8\xF7\xF8\xF0\xF1\xF0"
"\xD0\xD0\xD1\xF8\xFC\xF8\xF6\xAC\x9F\xCE\x78\x6E\xF7\xC2\xBB\xEE\xB7\xAF\xE0\x72\x65\xF8\x8D\x7D\xD6"
"\x96\x8E\xF8\xE5\xE3\xDB\xCC\xC7\xF8\x9E\x8F\xF1\xF0\xEF\xCF\xCF\xD0\xCB\x3D\x2C\xE8\x59\x48\xF6\x6E"
"\x5B\xF6\x80\x6D\xE0\x42\x2E\xF8\xF8\xF8\xF0\xF8\xF8\xD0\xCC\xC8\xF8\xDA\xD4\xF8\xCC\xC4\xEB\x88\x78"
"\xDA\xD0\xC9\xE0\xE1\xE0\xE8\xE6\xE0\x5C\x5C\x5A\x30\x31\x33\x38\x37\x37\x27\x28\x28\xE0\xE3\xE8\x8D"
"\x8C\x8A\x40\x3C\x38\xA8\xA5\xA3\xB8\xB3\xAF\x9A\x96\x93\x18\x1C\x1B\x80\x7C\x78\x67\x67\x67\x62\x61"
"\x60\x78\x79\x7A\xD0\xC8\xC8\xB1\xB4\xB9\xBF\xB9\xB6\xA3\x9E\x9B\xC0\xC0\xC0\xB0\xB0\xB0\x1A\x17\x17"
"\x50\x4D\x4B\x02\x02\x04\x40\x3C\x40\x7E\x4F\x4E\xC2\xD3\xE6\x76\xAE\xF0\x5D\xA7\xF4\x94\xCB\xF8\xE0"
"\xE2\xE0\x2B\x7A\xD8\x2B\x87\xF5\xA5\xA3\xA7\xBC\x00\xD3\x08\x00\x00\x00\x09\x70\x48\x59\x73\x00\x00"
"\x0E\xC4\x00\x00\x0E\xC4\x01\x95\x2B\x0E\x1B\x00\x00\x03\x35\x49\x44\x41\x54\x48\x4B\xED\x95\x6D\x7B"
"\x9A\x30\x14\x86\x03\x2B\x3A\xD7\x08\x44\xC8\x4A\xC0\xCD\x80\x4A\x45\x8A\x2F\xD0\x8A\xA2\x7B\x11\xA7"
"\xFB\xFF\xFF\x68\x27\x11\x6D\xC5\x76\x57\xBF\xEC\xDB\x9E\x73\x91\x1C\xC3\x93\xDB\x43\x8C\x01\x21\xA4"
"\x28\xEA\x3B\xE3\xC3\x0D\x42\x5A\xA3\xF9\xB1\x8A\x66\xB3\x25\x7A\xA1\x17\x63\xE7\xBC\xF5\xE9\x06\x29"
"\x8D\x5B\x29\xDC\xD6\x0D\x93\x74\xAC\xDB\x8F\xCD\x86\x0D\x2D\x0C\xC9\x8B\x9A\x16\xCC\x96\x96\xDB\xCF"
"\x77\x48\x6D\x1E\x53\xE2\x30\xD7\xF1\x3C\xE2\x82\x1C\xD7\x24\x26\x36\x3D\x93\x12\x8F\x75\xA9\x49\xBC"
"\x23\xF3\x0B\xD8\xBF\xCA\x0C\xEC\x9E\xD3\x75\xBB\x8C\x11\x68\x61\xA2\x49\x1C\xC2\x58\xD7\xF5\x1C\xB7"
"\x8B\x1D\xFB\xC8\x7F\xA6\x53\x47\x37\xBB\x2E\x73\x4D\x2C\xCC\x8C\x98\xD4\xC1\xE2\x9B\xDC\x2E\x61\x84"
"\x69\xD2\x05\xF4\xDE\x57\x4B\x8A\x1B\x9C\xEB\xBA\xEE\xEB\xDC\x17\x97\xE1\x5B\x3E\x17\xBD\xE1\x73\xB8"
"\x2C\xAB\xD9\xB0\x2C\xA0\xDB\x16\x73\xA9\xE7\xB9\x38\x30\x31\xF3\x68\xE0\xB9\x06\x64\x1E\x21\x30\x16"
"\xC0\x93\x30\x78\x1C\x42\x99\x87\x31\xA3\x40\xB7\x1B\xCC\x15\xCF\x65\xE0\x36\x17\x99\xCB\x7C\x91\x11"
"\x06\x75\x60\x13\x5A\x26\x66\x98\xB8\xC3\xDB\xBE\xAC\xDD\x37\x74\x9D\xEB\x16\xB7\x65\xE6\x8B\xCC\x82"
"\x0E\xC4\x7D\xE8\x0D\x28\x46\xF7\x79\xBF\x69\x5B\x2F\x56\x46\x88\x77\x28\xC6\x3E\xC6\x01\xD5\x8D\x00"
"\x53\x4A\x31\xF1\x3A\xBC\xBA\x29\xF4\xBC\x32\x42\xBC\x4D\xA0\x52\x93\xB8\x9E\xE1\xB7\x7D\xCF\xA5\x01"
"\x83\x85\xAD\x6E\x82\x6A\x74\xCB\x20\x1E\xEF\xF8\x9C\x06\x86\xD5\xB1\x8C\x0E\xA5\x24\x08\x70\x75\x53"
"\xE8\x4C\x6F\x0D\x34\x11\x9A\x6C\x55\xE8\x45\x76\x94\x18\x69\x49\xD3\x99\x3E\x0C\xEF\xEF\x47\x57\x71"
"\x1F\x49\x41\x16\x8E\xA5\xFF\x44\x8F\x1F\x92\xC9\xB5\xA6\xD1\x0C\x14\x4E\x26\xC9\x68\x2E\x76\xC1\x99"
"\x3E\x4F\xFB\x6A\xEF\x2A\x26\xD1\x0C\x26\xA4\x90\x65\x99\xDC\x64\x27\xFA\x63\xD6\xEB\x3D\xD5\xC3\x5E"
"\x8C\x22\xA8\x27\xB5\x9F\xEC\x4C\x56\xF3\x4C\xCF\xFA\x2F\x7C\x55\xF4\xF2\x78\x0A\xB1\x14\xF4\x70\x28"
"\x6C\x7F\xA7\xAF\xA6\xCB\xE5\x72\x9A\x40\xF6\x2E\x3A\x8A\xA5\xFD\x3F\xBD\x1E\xFF\x9A\x3E\x4D\x96\xC9"
"\x1B\xF4\xA7\xFC\x4A\x49\x98\x65\x59\x18\xBF\xBA\x67\x50\x0E\xA7\xF1\xA5\x0A\xD8\x8F\xD1\x71\x47\xBE"
"\x42\x07\xCA\x65\x2C\xC4\x06\x5E\xA7\xFD\xA7\x7E\x9D\x1E\xE6\x45\xB2\xA8\xFE\x15\x27\x2D\x96\xE2\xDF"
"\x31\x0B\xF3\xC9\x22\xCC\x2E\xE9\x9B\x04\x76\x6A\x5D\x71\xB4\x5E\xAF\x67\x1B\xC8\x36\x35\x3A\x8C\xC5"
"\x57\x9A\xCF\xBE\x81\x42\x61\xAF\xD1\x1F\xE0\xE6\x95\xD2\xB5\xB0\x6F\xE2\x79\xFC\xBD\x46\x8F\xB2\xEC"
"\xC7\x8F\xF9\x63\xF6\x38\xCF\xD2\xB3\x42\xA8\x7C\x3D\x1B\xA5\x59\x7A\x5F\xA3\x47\x29\xD8\xB3\x30\xCC"
"\xC2\x4D\xE5\x05\x85\x92\x3E\x82\x2C\xCA\x2E\xE8\xC5\x2C\x3A\x9F\x2A\xCF\x8A\x84\xFB\xDB\x0C\x92\x75"
"\x7C\x41\xBF\x2D\x52\xF8\x01\xDF\x56\xDC\x13\xE7\xD8\x99\x0E\xA7\xDE\xB8\xF1\x97\x18\x1E\xDF\x65\x77"
"\x48\x69\xBD\x29\x78\xCB\x5E\x46\x03\xEC\xDA\x60\xFC\x7A\xFC\xDC\x6E\xCB\x8B\xD8\xFD\xBA\x43\x68\x30"
"\x18\xCA\xD3\x57\xB4\x43\x19\x55\x5F\xEE\x0F\xE5\xE1\x50\x1E\xAF\x52\xF4\xE2\xAD\x3D\x18\x8C\xB5\xA2"
"\x58\xAD\x72\x35\x41\x68\x85\x72\x4D\x29\x94\x95\x06\xF4\x72\xBF\xDD\xED\x77\xDB\xED\x6E\xB7\x2B\xF7"
"\xD0\x80\xFD\x48\x57\x8B\xA4\x48\xF2\xBC\x58\x2D\x8B\x22\x2F\x16\x45\x31\x59\x49\x7A\x09\x16\x70\x6F"
"\xA1\xAA\x03\x7C\xD8\x9F\xE8\x8A\x8A\x90\xAA\x22\x05\xF5\x14\x4D\x51\x72\xB5\xA2\x03\xF6\x00\x53\xCA"
"\x52\x3C\xC5\xB6\xDC\x0B\xFA\xA9\xE2\xAB\xD8\xED\x0F\x17\xDA\x97\x40\x17\x4B\xF3\xBA\xC6\x3F\xEB\x12"
"\xC5\x4C\x93\xE2\x7D\x5A\x24\xBF\xEF\xFE\x00\xEA\xC3\x16\x19\xA9\x50\x3D\xC2\x00\x00\x00\x00\x49\x45"
"\x4E\x44\xAE\x42\x60\x82"
}
};

static const binfile_t logo_ngp = {"logo_ngp.png", 1399, {
"\x89\x50\x4E\x47\x0D\x0A\x1A\x0A\x00\x00\x00\x0D\x49\x48\x44\x52\x00\x00\x00\x2E\x00\x00\x00\x32\x08"
"\x03\x00\x00\x00\x14\x73\x19\xE5\x00\x00\x00\x01\x73\x52\x47\x42\x00\xAE\xCE\x1C\xE9\x00\x00\x00\x04"
"\x67\x41\x4D\x41\x00\x00\xB1\x8F\x0B\xFC\x61\x05\x00\x00\x00\xDB\x50\x4C\x54\x45\xCE\xCE\xCE\xBD\xCE"
"\xD6\xCE\xCE\xDE\xD6\xE6\xD6\xC7\xCA\xCD\xC4\xC2\xBF\xE6\xEF\xF7\xFF\xFF\xF7\xE6\xE6\xDE\xD0\xD0\xD1"
"\xF1\xF0\xEF\xCF\xCF\xD0\xB5\xE6\xE6\x21\xAD\xE6\x00\x8C\xDE\x00\xA5\xE6\x94\xCE\xE6\x4A\xAD\xDE\xF8"
"\xF8\xF8\x67\xCE\xDE\xF8\xFC\xF8\x6B\xAD\xDE\x29\x8C\xE6\xFF\xEF\xF7\x08\x08\x10\x29\x29\x21\x4A\x4A"
"\x5A\x6B\x6B\x63\x45\x6B\x5A\x67\x6B\x9C\x68\x8C\x9C\x29\x21\x42\xB5\xA5\xCE\xB5\xAD\xAD\x94\xAD\xA5"
"\x8C\x8C\xA5\x8F\x73\x9C\x6B\x4A\x5A\x29\x4A\x5A\x08\x29\x19\x8C\x63\x5A\x40\x4D\x19\x79\x6E\x19\x4F"
"\x8C\x19\x29\x29\x9C\x29\x4A\x9C\x08\x19\x42\x8C\xA4\x76\x4A\x8C\xDE\x72\x6D\xDE\x6B\x8C\xDE\x4A\x6B"
"\xDE\xB0\xCE\xB4\xB5\xA5\xEF\x8C\xA5\xEF\x3D\x93\x5A\xA8\xAF\x76\x3A\xBE\x9C\x6B\xB8\x5A\x8C\x47\x9C"
"\xCE\xA5\x7B\xD2\xD4\xA5\xCE\xA5\x5A\x6B\x8C\x5A\xF4\xE9\x96\x94\xA5\xCE\x29\x08\x19\xE9\xE9\xEA\xE0"
"\xE2\xE0\x1C\x6B\xDE\xB5\x94\xA5\xE6\xC5\xDE\xA5\xA3\xA7\xBD\xB6\x3B\x96\x00\x00\x00\x09\x70\x48\x59"
"\x73\x00\x00\x0E\xC4\x00\x00\x0E\xC4\x01\x95\x2B\x0E\x1B\x00\x00\x04\x25\x49\x44\x41\x54\x48\x4B\x8D"
"\x56\x0D\x77\xA2\x38\x14\x85\xB8\x0B\x9D\x1D\x14\x5C\x57\x25\x80\x40\x12\x85\xB1\x4E\x17\x4B\x2D\x75"
"\x5A\xDD\xDA\xCE\xBA\xBB\xFF\xFF\x17\xED\x7D\x09\x28\x3D\x67\xE7\x9C\xBD\xC9\x0B\x31\x79\xB9\xB9\x79"
"\xF9\x68\x2D\xCB\xB6\x2C\x8B\x5D\xF3\xA0\xB5\x8F\xBF\x8C\xFD\xF4\x33\x7C\x1D\xF7\x7F\xE2\xE6\x13\xDC"
"\x3F\x78\xD3\x8F\xCE\xA8\xB8\x64\x6D\xBF\x7C\xB6\x2C\xAA\x78\xC3\xD1\xC8\x1F\x91\xF9\x01\x19\x39\x8F"
"\x75\x7D\x8C\x9A\x87\xAE\xC0\xF3\x5C\xF7\x57\xB8\xD3\x68\xED\x6D\x12\x5C\xD0\x49\xEE\xBE\x1F\x8C\xC8"
"\x7D\x32\x1A\x0D\x3D\xD7\x41\xFE\x8D\xD8\xE1\xEE\x8F\x86\x81\x86\xE7\x80\xCA\xF7\x47\x93\x96\xDD\x1F"
"\x3B\x63\x8C\x21\x25\x40\x9F\xDD\x1F\xFA\xB0\xC0\x41\xEF\x74\x04\xFF\xB1\x9E\x69\x38\x6C\xB5\x11\x5A"
"\x76\x37\x40\x2B\xA6\x24\x03\xFB\x04\xF3\xFB\x63\xA3\x7D\xD6\x77\xEF\xD8\x1D\x23\x25\xA0\x3E\xBD\x3C"
"\xE8\x85\x24\xAA\xF7\xC4\x74\xDA\xB5\x5E\xC2\xC8\x9F\x79\x20\x46\x13\x56\x89\xA1\xBA\x3E\x81\x24\x84"
"\x05\xE8\xD8\x11\x11\x83\xA1\x87\x65\x93\xBB\x8B\x65\x6A\x76\x54\x75\x20\xA9\xCD\xB0\xB7\xEB\xD6\x70"
"\xE6\x6D\xE5\x02\xC7\x35\x4D\xF0\x6A\xD9\xBB\x11\x97\xD2\x64\x53\x37\xA5\xAE\x5C\xD9\x9D\x5E\x69\xD0"
"\x6F\x69\xAD\x63\x27\xEB\x4A\x7C\xAE\xA3\xF4\xF7\x52\x10\xBB\xE3\x86\x3C\x02\xE2\x24\xD6\x58\xC4\x71"
"\x8A\x82\x12\x65\x42\x42\xFD\x59\xA8\xD9\x5D\x37\xB3\x2D\x9B\x5D\x31\xD0\x46\x49\x57\x35\x6E\x50\x8F"
"\x5A\xED\x99\x9D\x0B\x69\x13\x44\x9A\x2E\x90\x62\x93\xD3\x05\x72\xDB\x61\xDB\x2C\x76\x8C\xF6\x6C\xA0"
"\x92\x48\x8A\xA5\xCD\x64\xC6\x09\x99\x49\xAB\x55\x94\x71\xA5\xDD\x63\x69\xB3\xE4\xC2\x6E\xE7\x68\x82"
"\x22\x99\x69\xF0\x82\xBC\xCB\xD5\x97\x2F\x2B\xBE\xC4\xED\xA4\x01\xEC\xCA\x8E\x0B\xCB\xA8\xD1\x02\x7B"
"\xB2\x5E\xAF\x79\x58\x14\x25\xE7\x6B\xBE\x32\xEC\xB4\x34\x12\x73\x61\xB7\xA4\x54\x82\xD8\xCB\x88\xDF"
"\x6E\x6E\x6F\x93\xE4\x16\xE0\x11\xE7\x4A\xB3\x2B\x45\x62\x2E\xEC\x72\x19\x2B\x95\x93\x98\xAF\x77\x94"
"\xEE\xB2\x3B\xC2\xD7\xDF\x35\x7B\xAE\x4A\xBE\x1C\xC4\xF3\x4B\x64\x54\x12\xF2\x4A\x31\xC9\xD7\xDB\xFB"
"\xFA\x81\x70\x4F\x45\x5D\x90\x76\x61\x2B\x5E\x2E\x7A\x91\xD9\xA5\x25\x0F\x23\x69\x83\x3D\x7D\xB4\x1B"
"\x33\xE0\xE1\xBE\xDE\x92\xF6\xB8\x50\x4C\xA5\x56\x2F\x32\x96\x2A\x78\x19\x0B\x88\x29\x52\x04\xE9\xF1"
"\x7E\x5B\x37\x75\x7D\x5F\x83\x5D\xE5\x9C\x17\x83\x1B\xBD\xD4\x4E\x3B\xD4\xC4\x29\x54\xCA\x6C\xBD\xD9"
"\x6C\x2A\x59\x3F\xD4\xF5\x76\xFB\xD8\x34\x45\xA6\xEC\x24\x8B\x19\x45\xF2\x1A\x19\xFD\xF2\xA1\x05\x81"
"\xDC\x3C\x6D\x9E\x9E\xD2\x34\x55\x8B\x87\x3C\xDD\x82\x9D\xD9\x39\xA3\xE8\xF4\x22\x43\xFB\x40\x2D\x2A"
"\x5B\xEF\xAB\xEA\x5B\xF2\xFC\x5C\x7D\x7B\x79\xA9\xAA\x67\x2C\x95\x3A\x08\xEC\x1A\x19\xA2\xA7\x16\x88"
"\x39\xEC\xF7\x4F\xD5\xF1\x50\xFD\xB1\x8F\xF7\x87\x63\xD4\x1E\x02\x9A\xBA\xBF\xAB\x7A\x04\xDC\xA3\x83"
"\x38\xBC\x1E\x4F\xA7\xE3\xE9\xF0\x72\x38\x1D\x13\x9E\x12\x13\xFA\x11\x99\x2B\xBB\x2D\x84\xCC\xC1\xCE"
"\xE3\xD3\x71\x07\xF6\xDD\xDB\x49\x56\xBB\xD3\x09\x67\x46\xCF\x4B\xEC\xBD\x5D\xB5\xC5\x9B\xCC\x2D\x8A"
"\xCC\xFE\x35\x49\x92\x74\xB1\xA8\x5E\x93\xB8\x3A\xAC\x33\xB0\x63\x5B\xC9\xBD\xD3\x5E\x20\x4E\x22\xC7"
"\x91\x81\x98\x30\xA4\x13\x5C\x86\x61\x89\x33\x86\x2F\x45\xC6\x42\xD0\xD1\x99\x5C\xB5\xE3\xC2\x50\x93"
"\xC8\xC2\xF2\x9D\x7C\x91\xCD\x37\xC3\x11\xD3\x7D\x16\x8B\xDB\x5D\xE5\x98\x0E\x93\x51\x73\x4C\xB7\x32"
"\xCA\x28\x67\x28\x71\x83\x05\x82\x8E\x8C\xFE\xA8\xD5\x1E\xC6\x32\x17\xF9\x8E\xEE\x88\xBE\x9E\x88\x04"
"\xED\x1A\x4D\x09\x06\xBA\x3B\x79\x2E\xDE\x96\x61\xCB\x8E\xA7\xA0\x88\x70\xE1\x97\x0A\x90\x4A\x4A\x21"
"\xDF\x60\x42\x02\x68\x59\xA6\x31\x26\xE5\x61\xF7\xCE\xE8\x67\x65\xEE\x86\x00\xD6\x87\x6B\xD7\x02\xD5"
"\xF7\xF2\x1D\xAD\xF4\xCE\x00\xDD\x0B\xAC\x1F\x1D\xFD\xF8\xCC\xCD\xA7\x45\x57\xEF\x1E\x2A\xC3\xDE\x6B"
"\xEE\x83\x7E\xE9\xCE\x4B\x37\xB1\xDF\x38\x73\xE7\xBF\x31\xD7\x09\x8F\xB2\xF6\x80\x7D\x27\xF7\x1F\xC1"
"\x6B\xA6\x1F\x11\xFC\xD9\xBA\xE3\xB6\xE8\xD2\x80\xEA\xC0\xF4\x3C\xDB\x9E\x67\xD3\xE9\xCC\x18\xEA\xF4"
"\x57\x1B\xAE\x4C\x88\x9D\x25\x98\xB0\x10\x7C\x6C\x8B\xB0\x76\x18\xE1\x8C\xCF\x53\xEF\x3C\x69\xA6\x41"
"\x40\x16\x60\xC8\x27\xC3\x6E\x89\xBF\x30\x00\x59\xEA\x0F\x90\xDF\x30\x67\x7A\xAE\x83\xF3\xAC\x09\x82"
"\x2D\xAC\x69\x9A\xB1\x66\x07\xD1\x80\xF6\x90\xFE\xC5\x00\xB0\xA7\x60\xD7\x62\x66\x8D\xB7\xED\xC4\x8C"
"\xA7\x13\xB8\x77\x4B\x35\xB2\x5B\xD1\x1A\xCC\x09\x1E\x66\x2D\xB6\xC6\xC6\xC4\x6E\xE3\xF1\xA6\x6E\xE3"
"\xF5\xB7\xF9\xE8\x16\xC6\x3C\x7D\x6C\x3C\xFA\x7A\x8F\x8C\x91\x3B\xF4\xFE\x18\x38\x7A\x6D\xDA\x89\x5C"
"\xFE\xF3\xF9\x5F\xF0\x5C\x96\x1E\xFE\x25\x1A\x0C\x00\x00\x00\x00\x49\x45\x4E\x44\xAE\x42\x60\x82"
}
};

static const binfile_t logo_openlara = {"logo_openlara.png", 254, {
"\x89\x50\x4E\x47\x0D\x0A\x1A\x0A\x00\x00\x00\x0D\x49\x48\x44\x52\x00\x00\x00\x2E\x00\x00\x00\x32\x01"
"\x03\x00\x00\x00\x19\x63\x7B\x94\x00\x00\x00\x04\x67\x41\x4D\x41\x00\x00\xB1\x8F\x0B\xFC\x61\x05\x00"
"\x00\x00\x01\x73\x52\x47\x42\x00\xAE\xCE\x1C\xE9\x00\x00\x00\x06\x50\x4C\x54\x45\xFF\xFF\xFF\xFF\x00"
"\xFF\xC6\x58\x08\x1E\x00\x00\x00\x96\x49\x44\x41\x54\x18\xD3\x85\xCF\xB1\x0D\x02\x31\x0C\x05\x50\x5F"
"\x45\x83\x60\x81\x93\x32\x4A\xD6\xA2\x4B\x2A\x18\x83\x55\x22\x28\x6E\x8D\x9C\xA0\xA4\x08\x88\xE2\x0A"
"\x2B\xC6\xF9\x06\x11\x2A\x5C\xF8\x35\xB6\xF5\x4D\xD2\x8A\x49\xDB\x23\x80\xEC\x41\xFA\x4F\xFC\xC5\xD6"
"\xA3\x1D\x4B\x80\x07\xB0\x18\x85\xBC\xE1\x1A\xD9\x38\xD1\xB6\xB1\x37\x36\xA0\x3A\xC0\x1E\x2C\x21\xAE"
"\x94\x22\x71\x52\x66\xE3\x6C\x1C\xEA\x70\x61\xAA\x3A\xA6\xB0\x2B\x74\x67\x5A\x3C\x28\x3E\xD3\x8E\x69"
"\x0E\xA9\x31\x09\x38\x2A\xE3\xF8\x41\x3A\xD6\xC0\xDD\x2C\xD9\x9B\x2B\xF0\xCF\x6F\x78\x26\xBC\x59\x49"
"\x3A\x84\xFA\xA7\x35\x29\xD0\xE1\x17\xF8\x09\xDC\x5A\xD9\xFD\x75\x70\x00\x00\x00\x00\x49\x45\x4E\x44"
"\xAE\x42\x60\x82"
}
};

static const binfile_t logo_opentyrian = {"logo_opentyrian.png", 1677, {
"\x89\x50\x4E\x47\x0D\x0A\x1A\x0A\x00\x00\x00\x0D\x49\x48\x44\x52\x00\x00\x00\x2E\x00\x00\x00\x32\x08"
"\x03\x00\x00\x00\x14\x73\x19\xE5\x00\x00\x00\x01\x73\x52\x47\x42\x00\xAE\xCE\x1C\xE9\x00\x00\x00\x04"
"\x67\x41\x4D\x41\x00\x00\xB1\x8F\x0B\xFC\x61\x05\x00\x00\x01\x92\x50\x4C\x54\x45\xFF\x00\xFF\x32\x22"
"\x10\x0F\x0C\x09\x37\x27\x16\x50\x37\x17\x43\x32\x1A\x38\x39\x3A\x4E\x37\x4D\x5F\x60\x60\x4F\x3F\x35"
"\x47\x47\x46\x36\x34\x31\x5E\x46\x25\x6C\x56\x36\x59\x5C\x5C\x68\x6B\x6B\x2F\x2E\x31\x61\x4E\x31\x54"
"\x56\x58\x3D\x2A\x14\x2D\x24\x1B\x48\x4B\x4B\x20\x12\x06\x11\x12\x13\x8E\x74\x46\x2A\x29\x2B\x5C\x40"
"\x1B\x44\x35\x25\x60\x53\x40\x1E\x1F\x1E\x42\x2D\x18\x50\x22\x35\x43\x37\x32\x24\x24\x25\x18\x19\x1A"
"\x4D\x3D\x29\x52\x52\x53\x1F\x1A\x14\x42\x3F\x3E\x94\x7A\x4E\x67\x4B\x20\x28\x1A\x0E\x41\x43\x46\x6D"
"\x50\x26\x9E\x7F\x4F\x6B\x59\x45\x53\x4E\x48\x55\x3F\x21\x3D\x34\x2B\x38\x2B\x23\x5A\x54\x4A\x4D\x50"
"\x52\x78\x7A\x7B\x78\x60\x37\x3B\x3D\x40\x55\x2D\x55\x6F\x5F\x4B\x64\x48\x20\x48\x35\x1A\x77\x5B\x2F"
"\x87\x6A\x3C\x53\x49\x3C\x7A\x2E\x22\x76\x63\x49\x6C\x30\x22\x98\x86\x70\x71\x56\x2B\x7D\x3C\x31\x3C"
"\x18\x2C\x60\x37\x47\x75\x73\x71\x63\x5E\x52\x70\x3C\x2B\xB8\x55\x48\x8B\x3A\x2A\x87\x54\x4A\x2D\x16"
"\x2B\xA1\x87\x57\x58\x48\x2F\x7C\x68\x53\x5B\x28\x3A\x49\x2B\x33\x5B\x42\x38\x7A\x49\x46\xA6\x4E\x42"
"\x81\x64\x38\x48\x1E\x4B\x56\x42\x56\x6D\x4F\x69\x54\x17\x4F\x65\x67\x65\x5B\x55\x54\x81\x84\x84\x69"
"\x36\x62\x4C\x2D\x48\x42\x24\x14\x99\x49\x36\x5A\x33\x24\x50\x2B\x1B\x03\x03\x04\x62\x27\x50\x3B\x2C"
"\x39\x68\x44\x68\x75\x6C\x5D\x61\x64\x64\x8C\x7A\x5B\x36\x19\x0F\xA4\x93\x73\x45\x18\x0E\xA1\x92\x85"
"\x62\x19\x11\x66\x4B\x47\x3C\x18\x3E\x64\x21\x65\x6A\x3F\x4B\x45\x39\x49\x7E\x6B\x4C\x3C\x4B\x4D\x94"
"\x94\x92\xCA\x90\x87\x80\x74\x5B\xAD\xAE\xAF\x99\x9E\xA1\x39\x08\x3A\x92\x81\x65\x92\x6F\x68\xD5\xB7"
"\xB1\xC4\x98\x92\xB3\x9C\x6D\x35\x0E\x07\xC3\x6E\x21\x94\x00\x00\xB8\xA4\x7B\xBB\x65\x57\xCF\x52\x9D"
"\x58\x00\x00\x04\x99\x49\x44\x41\x54\x48\xC7\xCD\x95\x65\x63\xDB\x3A\x14\x86\x4D\x71\x0C\xB1\x1D\x3B"
"\xE8\xC4\x61\x66\x4E\xC3\xD8\x70\x93\xAE\xB8\x95\x69\x5B\xB9\x77\xCC\x78\xE1\x7F\x5F\x3B\x69\x52\xB7"
"\x6B\xF7\x79\xFA\x62\xBD\xD2\xA3\x63\xE9\x58\xE7\x35\x00\xFC\x81\x6D\xF7\xF1\xEF\x66\x9F\xDF\x99\x55"
"\xBA\x99\xE0\x9C\x5C\x2B\xE5\x30\xB6\xBD\x25\x87\x15\x4B\x38\xBD\xA9\x0E\xBA\x9E\x5E\x6B\x75\xFA\x63"
"\x1B\x7B\x76\x2D\x76\xA8\x13\x2E\xBD\x05\xCE\xCF\x02\x28\xC4\x96\x4A\x3B\xB4\x56\x17\x31\x5E\x30\x97"
"\x0A\xD6\xAB\x84\x6E\xFC\xB6\x9D\xCD\x88\x1F\x8F\x6E\x27\x41\x91\x99\xD0\x05\xE9\xE9\x65\xB4\x89\x38"
"\x69\x8F\x32\x62\xFF\x49\xBD\x7E\xEE\x0B\xB1\xBB\x62\xF7\xDD\x71\x32\xCA\xB2\xD1\xB4\xB4\x77\x45\x41"
"\xA2\x63\xE3\x55\x4A\x86\xCC\x66\x83\x24\x89\x01\x00\x15\x36\x96\x7E\xFC\x28\x15\x5D\x66\x00\x68\x47"
"\x93\x34\xCD\x71\xDB\xE3\xA3\x2A\x5C\x00\xA0\x52\x4D\xDE\x41\x90\x2E\x57\xDC\x6C\xC6\x77\x13\x94\x2A"
"\xE6\x4A\x0A\x2E\x97\x99\xB2\x2F\xB8\x54\x2C\x1B\xA1\x39\x6C\xC2\x88\x2C\xAB\x9A\x1E\xC1\x11\x8F\x7A"
"\x63\xA6\x11\x0F\xC7\xBD\x3A\xD2\x1E\xE4\xB5\x66\x2D\xA4\x41\x92\x9D\xA8\x77\x4A\xA8\x96\x00\xBC\xDE"
"\x9A\xF1\x84\xCE\x35\x2A\xA3\x6A\x8C\xE9\xB4\x8F\x3B\x42\xD6\x60\x30\x78\xB4\xA9\x14\x3A\x9D\x7F\xA4"
"\xD2\x02\x4A\xAA\xC4\xDA\xAE\xB5\x85\x74\x67\x09\xBC\x71\xF9\x91\x8D\x44\x54\xA7\x98\xC6\x63\x30\x38"
"\x1C\x8E\x29\x8C\x14\x60\x31\x99\xB5\x4A\x66\x6D\xBA\x21\xDE\x8D\x9A\x11\x7F\xFD\x13\x45\xE5\x42\xD5"
"\x14\x0C\x43\x4E\xD8\x39\x99\xB1\x21\x88\x66\xAF\x22\x76\x56\xFB\x38\x95\x29\x5E\x2F\xE0\x50\xAD\xA6"
"\x78\xFE\x89\x8D\xE4\xD8\xAA\x1B\x06\x21\xA7\x79\x1A\xD9\x0A\xC3\xFD\x7D\x09\x5F\xE1\x04\x7F\xBE\x58"
"\xA2\xA4\x71\x06\xD5\x22\x8D\xF3\x8F\x23\x86\x19\x55\xDD\x56\x85\xC7\x39\x12\x07\x5B\x31\xC4\x6A\xB5"
"\xC2\xBA\x81\x84\x57\xBA\x3A\xC1\x6F\x32\x85\x8C\xE7\x5F\x56\x5E\x7D\x48\x04\x90\xD0\xE5\xA7\xC1\xB7"
"\x1A\x2C\xD0\x1A\x04\x06\x33\xAD\x57\x54\x0C\x04\x45\x1C\x0C\xAE\x5C\x49\x11\x37\xD6\x97\xFC\xA6\x7C"
"\xBE\xE8\xFB\x57\xCC\x38\xA8\x47\x1A\x2C\xD9\x7C\x7F\x10\xB0\x90\x9A\x82\xE6\x50\x95\x0F\xC5\x20\x3D"
"\x2C\xE2\xF3\xEB\x1B\xB3\x14\xF9\xF3\xF9\x86\xB1\xE4\x71\x6A\xCF\xF4\x0A\xAB\xFE\x08\xFD\x46\xF2\xD0"
"\x91\x3E\x10\xB8\xD8\xD3\xC2\x0A\x48\x2F\x46\xB7\xC9\xEF\xE4\x23\x53\x3E\x54\xCA\x58\xEC\xFD\xCA\xC5"
"\xC5\xD5\xD5\x19\x9A\xE6\x51\xE7\x11\xA4\xBF\xA8\x34\xB3\xA4\x46\xC4\x35\xF3\xB7\x2F\xBC\x2D\x54\x34"
"\xFA\x2C\xD9\xE5\xEE\xE1\xCF\x41\x78\xED\x4D\xF9\x43\x95\xA2\xCC\x3F\x6B\xDD\x65\x22\x8E\xE8\x03\x1A"
"\xDB\xDD\x82\xB1\x35\x86\x75\x0F\xAA\x2B\x6B\x46\x43\xE3\x5A\x23\x30\x62\xD7\x86\x46\x70\xAF\x4C\xE0"
"\x0A\x05\x14\x98\xFF\xB5\xC0\x6C\x6B\x31\x3D\x12\xCD\x52\x43\x5F\x46\xA5\xEF\x5F\x19\x40\xCA\xE8\x87"
"\xBD\x41\x42\x0D\xEA\x17\xEE\x2B\x48\x9B\x27\x51\xCE\x0A\xC3\x70\xDC\xA2\x36\xFC\xFD\x0F\xAF\x3E\x4A"
"\x34\xF2\x09\x5E\x87\x7A\xE6\xEF\x2F\xE0\x6C\x2A\x28\x84\x87\xB8\x9A\xE7\xBD\xFD\xA6\x5D\x07\x19\xCC"
"\x21\x13\x4C\xE8\xF8\x07\xEA\xDD\xE1\x60\x87\x3E\xB3\x83\xB4\x24\x7A\xAB\xFF\x35\x79\x83\x81\x37\x9B"
"\x10\x85\xC3\xF9\x0B\xF8\x02\xA3\xE7\x94\x2F\x13\x6C\xD8\xE7\xF3\x38\xD5\xB5\xE6\xEA\xCA\xA0\x7B\x78"
"\x00\x59\xE2\x26\xF1\x66\x81\xCA\x97\x3B\x34\xF6\x42\x66\x13\x44\xFB\x1D\x4D\x70\x1F\xC2\x46\x5F\x58"
"\x7B\xE4\x58\x45\xF6\x57\x06\x35\xA4\x6F\x80\xE2\x7E\xC4\x54\x6C\x78\xB1\xED\x77\x6D\xE2\xC6\x4A\xE6"
"\x9A\xBD\xEF\x34\xCD\x6C\x2E\x1A\x8D\x25\x25\xA0\xEC\x9A\x7A\xAB\xBD\x26\x72\x20\x76\xFD\xA6\x50\x26"
"\xC9\x9D\x6C\x7F\xEF\x35\x6F\x6C\x68\xA7\xD2\x7B\x9F\xA2\x19\x06\x33\xFA\xA4\x18\x7B\xFD\xEE\x61\xF7"
"\xA0\x02\x4B\x5F\xBB\x98\x49\x9E\x30\x4C\xFA\x7D\xAF\xB2\x73\xE3\x78\xCB\x83\x7A\xA7\xDA\x39\x49\xBD"
"\x09\x4B\xF8\xFC\x81\xC7\xE2\xF1\x1C\x4A\xF9\x7B\x5A\x12\x38\xA6\xB3\x78\x5C\x1F\x2C\xEF\xDE\x6C\x5E"
"\xFD\x36\x75\x3A\x14\x9E\x6D\xD8\xD7\x1E\x49\xD2\xE9\xB4\x18\x9C\xE3\x84\xB4\x32\x89\x8D\xD7\x42\xD8"
"\xA8\x7B\xAB\x96\x65\x66\xEB\xEB\xE5\xA9\x71\x69\x26\x3F\x43\x0E\x0B\xF4\x79\x26\x97\x7C\xBE\xCB\xAF"
"\x72\x97\xC4\x6B\xD1\x5C\x41\xE6\xA2\xCE\xB6\xDB\x22\x4B\x9C\x37\x53\xAE\xE1\x32\xDC\x4E\xA2\xE6\xE0"
"\xF3\xA9\x5A\x57\x12\x9B\x18\xA1\x9C\x65\xFA\x79\xB0\x40\x92\x76\x19\xFE\xDA\xED\xE6\xD1\xF4\xB5\x57"
"\x01\x6E\x8E\x5B\x49\xA6\xDC\x33\x37\x4A\xA3\xBC\x9B\x78\x26\xC3\x1F\xA7\x83\x00\x86\x3D\xB9\x56\x28"
"\x96\xDC\x0F\x6D\x71\xD3\xC3\x3D\xC1\x30\x40\xC7\xBD\x96\xBB\x7F\x9B\x00\x24\x7E\x12\x7F\xC1\xEB\xDF"
"\x37\xC5\xD0\x85\x1B\x1A\xD8\xEC\x2C\xC9\xF0\xBF\xBE\x48\xCE\x86\xE9\xE8\xC9\x71\x03\x85\xDA\x19\xE8"
"\x99\x04\xA2\x75\x52\x0C\xFA\xF8\x16\x7E\x3A\x39\x89\x72\x6E\x7D\xBC\x20\x70\x06\x41\x63\xBD\x3E\x37"
"\x09\x90\xAB\xCA\x71\xFC\x0D\x7E\xE7\x5F\xA5\xBC\xAD\x73\x42\x42\xA6\x9E\x2E\x2E\xBF\xFC\xED\x8F\x71"
"\x71\x79\x43\x2E\x85\x5C\xFC\x77\xB4\x50\xBD\x3D\x8D\xE7\x22\xB6\x87\xE9\x57\x8B\xF8\x9D\xCD\xE2\x91"
"\x87\xF9\xD6\x62\x19\xBF\x3B\x86\x97\x23\xAD\x7B\x61\xBC\x95\xB3\xE3\xF7\x8D\xDB\x13\xF7\x18\xCA\x82"
"\x9A\xC4\x81\x3F\xB3\xFD\x0F\xA2\xA1\xC1\x4D\x56\x34\x0B\x5B\x00\x00\x00\x00\x49\x45\x4E\x44\xAE\x42"
"\x60\x82"
}
};

static const binfile_t logo_pce = {"logo_pce.png", 1275, {
"\x89\x50\x4E\x47\x0D\x0A\x1A\x0A\x00\x00\x00\x0D\x49\x48\x44\x52\x00\x00\x00\x2E\x00\x00\x00\x32\x08"
"\x03\x00\x00\x00\x14\x73\x19\xE5\x00\x00\x00\x01\x73\x52\x47\x42\x00\xAE\xCE\x1C\xE9\x00\x00\x00\x04"
"\x67\x41\x4D\x41\x00\x00\xB1\x8F\x0B\xFC\x61\x05\x00\x00\x00\xDB\x50\x4C\x54\x45\xC7\xC8\xC7\xCC\xCD"
"\xD0\xD0\xD1\xD2\xC7\xCA\xCD\xC4\xC2\xBF\xF0\xF0\xF0\xF8\xF7\xF0\xF6\xF7\xF8\xF7\xDA\xDA\xF8\xE8\xE6"
"\xF4\xCD\xCC\xF0\xF4\xE8\xD0\xD0\xD1\xF8\xFC\xF8\xF5\x1A\x19\xF8\x42\x41\xF5\xA4\xA4\xC5\x44\x44\xDF"
"\x76\x74\xF6\xBF\xBF\xF8\x93\x91\xF1\xF0\xEF\xCF\xCF\xD0\xDE\x92\x93\xD9\x1D\x1E\xF8\xF8\xF8\xF5\x7E"
"\x7D\xF5\xB5\xB5\xF8\x66\x65\xF8\xF5\xE8\xE1\xE0\xD8\xD8\xDB\xDE\xE0\xE2\xE3\xD1\xCE\xBD\xE8\xE7\xE3"
"\x5E\x5E\x60\x39\x3A\x39\x55\x59\x50\x94\x93\x86\x48\x46\x44\xD7\xD7\xC5\xBF\xC0\xB9\xC9\xC7\xB4\x78"
"\x79\x74\xE8\xE7\xD4\xE0\xE1\xD0\xD8\xDB\xD0\xE0\xDC\xC8\xE0\xE0\xC8\xF0\xF1\xDE\xF8\xF4\xE0\xF8\xF8"
"\xE0\xF0\xEC\xDD\x60\x60\x57\x6E\x75\x75\xA5\xA6\x9E\xB8\xB6\xB1\x90\xB4\x98\x68\xAF\x85\x38\x9C\x60"
"\xB0\xB0\xAE\x19\x19\x17\xE9\xE9\xEA\xC3\xD3\xE5\x7D\xB4\xF0\x65\xA9\xF1\x98\xCE\xF8\xE0\xE2\xE0\x21"
"\x74\xD6\x3D\x94\xF7\x19\x7C\xF2\xB0\xB4\xB9\xA5\xA3\xA7\x31\x09\x06\x88\x00\x00\x00\x09\x70\x48\x59"
"\x73\x00\x00\x0E\xC4\x00\x00\x0E\xC4\x01\x95\x2B\x0E\x1B\x00\x00\x03\xA9\x49\x44\x41\x54\x48\x4B\x8D"
"\x96\x8B\x62\x9A\x48\x18\x85\x81\xAE\x72\xB1\xE8\xC4\x61\x83\x0B\x78\x21\xA9\x16\x70\x10\x46\x31\xBA"
"\x59\xBA\x15\xAA\x66\xDF\xFF\x89\xF6\x0C\xA0\x8D\x31\xA6\x3D\x27\x30\x30\x9E\xF9\xE6\x67\x00\x8D\x04"
"\xC9\xCA\x6F\xFA\xD3\x1F\x92\xA4\xB4\xDA\x6A\x5B\x83\xD4\x76\x5B\xD7\xB4\x56\x5B\x33\x60\x5D\x45\xEF"
"\x1B\x77\x3E\x23\xDE\x32\x4D\x53\xEF\x76\xBB\x3D\x43\x25\x77\xDD\x6E\x9F\xF6\x2D\x42\x2C\x82\xDE\x2B"
"\xFD\x79\x2F\xC9\x6D\xA4\xED\x41\xAF\xD7\x25\x14\x63\xBA\x03\x84\x09\xB1\x69\x93\xB8\xD0\x5F\xF7\x92"
"\xA2\x9A\x26\xBD\xEB\x6B\xCE\x80\xF4\xEF\x88\x4E\x5D\x42\xFA\xC4\xA5\xBA\x8A\x7E\x15\x15\x54\xC2\x61"
"\x1B\x3B\xB3\xA6\x7B\x83\x6E\x6F\xD0\xB3\x06\xF6\xD0\x34\x35\xC4\x6D\xC3\x73\x1C\x4B\xD7\x1C\xC7\xF1"
"\x3C\x1C\x3A\x2E\xB5\x1D\xAB\x5D\xD3\xD5\x11\x2A\xEF\xDE\x51\x6F\x40\x5D\xCF\xA1\x44\x37\x88\x6B\x53"
"\xC3\x70\x2C\xAB\x8F\xCD\xC2\xA1\x6B\x59\x0E\x71\x5B\x15\x5D\x54\xAE\x69\xBA\x98\xA3\x3B\xF0\x6C\x8A"
"\x4F\x2C\xD7\x71\x88\x88\x5A\x16\x41\xD2\x76\x2D\x4C\x61\xEB\x15\x5D\xB7\xFB\xAE\xB8\x10\xDA\xF7\x3C"
"\xAA\x11\x50\xD1\xBA\x18\x42\x1C\xCC\xE5\x58\x04\x61\x03\xA3\x48\x4D\x17\xD1\x93\x54\xC3\x71\x5D\x0A"
"\x12\x45\x8C\x1A\x43\x17\x35\x13\xE2\x78\x8E\xE5\x78\xB4\xDD\xAC\xCC\x2B\xA9\x14\xC2\x08\x9D\x1A\x56"
"\xBF\x6F\x00\xED\x6A\x1A\xD5\x44\xAF\x7E\x5A\x99\xF7\xA4\x1A\x04\x51\x7A\xF1\xE9\x35\xFD\x2C\xDD\xC6"
"\x55\x56\xD7\xF4\x4A\x67\x7A\x67\x3C\xAA\x3D\x69\x3C\xF2\x5D\x57\x69\xFA\xC6\x23\xF1\xA4\xBC\xA2\x3F"
"\x3C\x7E\xF9\x50\xD3\x49\x95\x6F\xE8\xEA\xEC\xAB\x1F\xF8\x95\xC2\x28\x8A\x42\xB8\xD9\x57\x7D\xB2\xFF"
"\x75\x2E\xA8\x67\xFA\x7C\x3E\x1C\xB1\xDA\x31\xBC\x48\x16\xA9\x68\xE3\xA6\x6F\x38\x7F\x7C\x10\xB1\x53"
"\xED\xF3\x39\xE3\xC3\x65\xE5\x15\xCF\xEA\x24\xC3\x71\xDD\x93\xB1\xF9\x5A\x54\xF3\x93\xFE\xC4\xF8\xAA"
"\x53\x99\x31\xC6\xD1\x2E\x39\xA8\x75\x4F\x87\xB3\x9B\x74\x96\xF1\x7A\x96\xEA\xB8\x6E\x6F\xD3\xD9\x89"
"\xF8\xFA\xEC\x26\x9D\xB3\x9F\x6C\xE1\xB8\xDA\xDF\xA4\x33\xD6\x70\x1B\xD7\xE7\x37\xE9\xF1\x69\x7D\x1A"
"\x73\x26\xF6\xB7\xE8\xFC\xA2\x72\x78\x39\x12\xAB\x74\x8B\xCE\x45\xAD\x19\x3F\x19\xD7\xC1\xB2\x0F\xE8"
"\x19\xEB\x30\xC9\x8F\xCE\x1E\xAD\x7E\x45\x8F\x36\xB3\xB3\x36\x3E\x56\x6A\x85\xFB\x7C\x4D\x0F\x02\x71"
"\xE7\x63\x1E\x6D\x5E\x29\xE2\x71\x8A\x67\x26\x08\xAE\xE8\x81\x9F\x24\x49\x10\x73\x3F\xC5\x53\x90\x61"
"\x4B\x59\x16\xFB\x3C\x0D\xD0\x1D\x05\xD7\x74\x29\x5D\xA4\x22\xBE\xC0\xB3\xD2\x28\xF5\x79\x1C\x2C\xD2"
"\x85\xFF\x1E\x3D\x4E\x60\xEE\x27\x80\x67\x49\x02\xF6\x89\x9E\xFE\x8A\x1E\x24\x41\x80\x39\x3E\xA0\xC7"
"\x8C\x73\x3C\xE9\xDC\x67\x3C\x0B\xB0\x4A\x59\xC2\x96\x0C\x2B\x83\xEE\x25\x7B\x67\xDD\x1F\x10\x7F\x88"
"\x91\x18\xC6\x6C\xB8\xEA\x0C\x59\x3C\xE4\x3E\xDE\x14\x41\x79\x67\xDD\xFD\x68\x1B\x6E\xF1\x76\xE2\x4E"
"\x62\xAD\xC5\x3D\x58\x71\x1F\x2F\xAB\x78\x87\xAF\xE8\x8F\x41\x38\x9B\xFD\xFD\x34\xDF\x46\x41\x8A\x5A"
"\x20\x1E\x2C\x12\xBC\xDF\x9B\xF9\x2C\x8C\x82\xA7\x37\xF4\x69\x14\x3D\x3F\x3F\xFF\x83\x38\x94\xA4\x71"
"\x1A\x23\x2B\x94\xCF\x66\xD8\x4F\x2F\xE9\xF9\xB7\xE9\x7A\x5A\x69\x2D\x84\x13\xB8\x96\x68\xA7\xDF\x66"
"\x17\x74\x33\x7F\x5C\x3F\xDE\xD6\x7A\x26\x8B\xEF\xB1\x33\xDD\x34\x5B\x93\x87\x8F\x5C\x7F\xEB\x81\xDE"
"\x69\xDD\x52\xFB\x8D\x87\xFF\xDE\x4B\xD2\x78\x72\x43\xDF\x77\xC5\x85\x76\xE5\x0F\xC4\x47\xE3\xC9\x78"
"\x31\xC1\x20\xB4\x62\xDE\xD1\x69\xFE\x62\x7F\x38\x1C\x0F\x45\x71\x38\x14\x87\xBD\x68\x8F\xE2\x57\x7B"
"\x9C\xBF\xE4\x1B\x69\x3B\x96\xF2\x70\x2B\x29\x72\x98\x4B\x2F\x8A\xA4\x84\xE1\xA4\xD8\xEF\xCA\xFD\x6E"
"\xB7\x2B\xCB\x52\x0C\x29\x8B\xFD\x67\x41\xCF\xF3\x4D\x1E\x86\x72\x18\x6E\x36\xDB\x2D\xC6\xE6\xA2\xC9"
"\xB7\x72\xB1\x2F\x4A\xD0\xCB\x12\x43\x30\x74\x77\xAC\xE9\xB2\x22\x6D\x15\xFC\x2B\xB1\x50\x64\x79\x8B"
"\x51\x61\x38\xC6\x2C\x8A\x22\xE8\x87\x63\xB1\x03\x19\xF1\xB2\x40\x5C\xD0\x4F\xB5\xBE\x75\x89\xDA\x51"
"\xFC\xE1\x58\x6F\xF8\x13\x74\x79\x7C\xFA\x7D\xB9\xF0\x64\x34\xFE\xFE\x56\x88\xCB\xB3\x4D\xFE\x7B\x7A"
"\xD9\xFC\x77\xFF\x3F\xAA\xE0\x0D\x7A\xB6\xAD\x71\x92\x00\x00\x00\x00\x49\x45\x4E\x44\xAE\x42\x60\x82"
}
};

static const binfile_t logo_pico8 = {"logo_pico8.png", 1580, {
"\x89\x50\x4E\x47\x0D\x0A\x1A\x0A\x00\x00\x00\x0D\x49\x48\x44\x52\x00\x00\x00\x2E\x00\x00\x00\x32\x08"
"\x03\x00\x00\x00\x14\x73\x19\xE5\x00\x00\x00\x01\x73\x52\x47\x42\x00\xAE\xCE\x1C\xE9\x00\x00\x00\x04"
"\x67\x41\x4D\x41\x00\x00\xB1\x8F\x0B\xFC\x61\x05\x00\x00\x01\x98\x50\x4C\x54\x45\xC7\xC7\xC7\xE2\xE2"
"\xE2\xCE\xCE\xCE\xE4\xE4\xE3\xCA\xCA\xCA\xFC\xFC\xFC\xC9\xC9\xC9\xC8\xC8\xC8\xC8\xC8\xC8\xFF\xFF\xFF"
"\x00\x00\x00\xF1\xF1\xF1\xEE\xEE\xEE\xE7\xE7\xE7\xFE\xFE\xFE\xBF\xBF\xC1\xDA\xDA\xDA\xF3\xF3\xF4\xD4"
"\xD4\xD4\x7F\x71\x99\xC6\xC6\xC8\xB7\xB7\xB6\xDF\xDD\xDC\xCF\xCC\xC9\xFF\xFA\xEE\xD7\xD7\xD9\xD1\xD1"
"\xD2\xC2\xC3\xC5\x28\x29\x29\xBB\xBB\xBD\xF8\xF7\xFA\x59\x59\x59\xAC\xA7\xB9\x05\x05\x06\x77\x6A\x81"
"\xF6\xF6\xF6\xD4\xD1\xD1\xBB\xB6\xC8\x85\x77\x9F\xCB\xC8\xD7\xA4\xA0\xB4\x84\x83\x82\xCD\xCD\xCD\x0C"
"\x78\xFB\xEC\xEB\xEC\x00\x6B\xFD\xCD\xD7\xE3\xEA\xE9\xEB\x9F\x98\xB1\x64\x63\x68\xE0\xE0\xE0\x96\x90"
"\x90\x21\x21\x23\xEB\xE9\xEF\x5C\x9E\xED\x60\x5F\x5D\xB5\xB3\xBF\x32\x8E\xFC\xC3\xC3\xCB\xAF\xAF\xAF"
"\xD1\xDA\xE4\xA9\xA9\xA9\x52\x51\x51\x66\xAA\xFE\xDA\xD3\xD4\x45\x46\x49\x6E\x6B\x6B\xFA\xFA\xFA\x24"
"\x86\xFB\xF5\xEC\xE3\x3B\x3E\x3F\xD0\xCD\xCD\x77\x69\x8F\xB1\xAF\xBD\x90\x8A\x8C\x1A\x14\x10\x4A\x9B"
"\xFC\xE9\xE9\xE9\x67\xA4\xEE\x8E\x85\xA0\x98\x8D\xA9\xD8\xDC\xE2\x38\x16\x0E\x97\x9E\x9C\xCA\xCD\xD1"
"\x35\x30\x37\x59\xA5\xFF\x13\x41\x5F\x83\xBB\xFE\xE3\xE1\xE7\x5F\x19\x22\x72\xAB\xEF\x29\xB3\xFF\x0B"
"\x0F\x0B\xBC\xA1\xB0\xE4\xF0\xFF\xD3\xE7\xFF\x99\xC6\xFE\xA3\xD0\xFD\x76\x47\x3E\x32\x7D\x4D\xA2\x9F"
"\xA4\x42\x45\x68\xA4\xC0\xE4\xF1\xFC\xFE\x89\x80\x91\x32\xED\x33\x20\x26\x34\x19\xC8\x67\xB8\xD8\xFF"
"\x10\x4F\x27\x58\x9A\x65\x76\x74\x73\x19\x8C\xCB\x1D\xA8\x4B\xDF\x4D\x77\x72\xD0\xFE\xC4\xE8\xFE\x68"
"\x7E\x90\x3B\x3C\x10\x19\x97\xC3\x3A\xC9\x99\x60\xB7\xEA\x35\x72\x95\xB8\xC5\xD9\x5A\x59\x57\x00\x12"
"\x23\xFF\xE6\xCB\xDF\xF6\xCA\xDA\xDC\x2D\x2F\x58\x13\x41\x22\x23\xFF\xB6\x33\x00\x29\x4B\x00\xC0\x2C"
"\x1B\x9F\xF7\xB4\xB1\x5A\x1E\x00\x00\x00\x09\x74\x52\x4E\x53\xBC\xFF\xFF\xFF\xFF\xFF\xFF\xA7\xA8\x1E"
"\x3F\xBB\x56\x00\x00\x04\x1D\x49\x44\x41\x54\x48\xC7\x8D\x95\x87\x57\xE2\x4A\x18\xC5\x03\x09\x79\x6F"
"\xD2\x49\x61\x4D\x42\xE8\x1D\xE9\x58\x90\xA6\x82\x22\x20\xF6\xBE\xF6\xB7\xD6\x55\x57\xB7\xEF\xEB\xFD"
"\xFD\xDB\x6F\x92\xB8\xC7\x63\x21\xEB\x3D\x24\x33\x99\xFC\xEE\x3D\x1F\x33\x93\x04\x41\x14\xFB\xB3\xA5"
"\x20\x88\x42\x82\x67\x8B\x54\x10\x8C\x01\x14\x14\xE9\xD0\xCF\x41\xA0\x37\x0D\xE3\x0C\x1B\x03\xD1\x6F"
"\xEA\x9D\x53\x06\x38\x30\x44\x66\x8B\x92\x62\x17\xAB\x13\x8A\x28\x2A\x71\xF7\xAA\xC8\xF3\x93\xC5\x55"
"\x9C\x17\xC5\x9C\x5B\xD7\xB2\x9D\x57\xCA\xB0\x2D\x6E\x15\xDD\x55\x0E\xE1\xA4\x55\x0F\xEF\x02\x7C\x17"
"\x07\x20\x3F\x42\xD4\x40\x02\x9F\xE8\xD6\x1A\x0A\x00\x23\x84\x2E\xD5\xA5\xF1\x79\xD8\x2E\xBD\xDB\x22"
"\x0A\x79\x84\x4F\x50\x20\x17\x07\x70\x64\x10\x78\x09\x37\x20\xFD\x04\x11\x07\x58\xB1\x01\x46\xBA\xAB"
"\x6E\x7F\x51\x8E\x17\x73\x36\xC2\xFF\xE9\xEF\x81\xDF\xFE\x5A\x76\x21\x3C\x86\x02\x9A\xE3\x34\x62\x87"
"\x82\x79\x10\xDF\xD1\xF1\x04\xC4\x6B\xD7\x5C\xD9\xDD\x00\xB4\x8C\x72\x44\xF7\x8F\xDF\x07\xA6\xDE\xED"
"\xCA\x06\x9E\x83\x89\x84\xFF\x7E\xBA\x03\xE4\x08\xBF\xDF\xAD\xD7\x34\x81\x12\xC4\xCE\x05\xB5\xE0\x2F"
"\xC0\x74\xDC\x06\x6A\x90\xDE\x61\x1B\x80\xAF\xF9\x81\x83\x95\xDC\x39\x40\xAA\xE4\xB4\x9E\xD1\x05\x40"
"\x91\x12\x9C\x9E\x76\xF3\xAB\x5E\xBB\x22\x4B\x6C\xDC\xEB\xF5\x4E\xDA\x59\x16\x2B\x8C\xB0\xAC\x5D\x89"
"\xC7\x55\xD5\x2E\xD5\x6A\xFA\x28\x1C\x54\xB0\x32\xEC\x79\x73\x5E\xAF\x26\x23\x38\x9C\x4E\x63\x82\x1D"
"\x50\xFA\x19\x5E\x7A\xEE\x96\xCE\x61\x0E\xDF\x0A\x47\xB0\xC6\x83\xA5\xA3\x94\x31\xCD\x17\x96\xF3\xCE"
"\xC7\xAB\xDA\xC0\x1E\xE1\x94\xCA\xAA\xA2\xDA\xCE\xC6\x58\xCE\xF9\x6D\x9C\x4C\x8C\xE3\xAC\xAA\x8A\xE2"
"\x68\x2C\xC6\xBA\x9C\xDF\xC2\x69\x95\x73\xF5\x35\x3C\xC6\xA9\xA3\x49\xCD\x75\x67\xC8\x8A\x9C\xC7\x0A"
"\x77\x16\xFC\xAF\xEF\x0C\xB8\x2F\xD6\x56\x1A\x56\xB5\x77\xD6\x3F\xAF\xDF\x1A\xC6\xD4\x58\x6C\x3E\x3B"
"\x3A\x64\x95\xDE\xF9\xF3\xFC\xCB\xE7\x75\xB7\x6E\x10\x17\x84\xE3\xDC\x7C\x24\xD3\x1F\x67\x9C\x85\xAB"
"\xF3\xF3\x2F\xDB\x37\xEB\xEE\x6B\xD5\x27\x1C\x4F\x07\x04\xC1\x32\xBD\x50\x7C\xF5\xEF\xC5\xF6\xF6\xF6"
"\xCD\x3F\xB5\xB0\x50\x0B\x44\x84\xC8\x90\x55\x7A\x67\x3A\xB0\xBA\x7C\xF8\xDF\xF6\xFB\x8F\xD3\x61\x61"
"\x26\x62\x8D\xC3\xF4\xAB\xB7\x6F\x7C\xBB\x31\x1A\x14\x20\x1E\x11\x84\x88\x25\x1E\xEC\x2C\xFD\xF0\xEA"
"\xED\x9B\xDD\x71\xEA\x1A\xE2\x42\x00\x3A\x7A\xFD\x71\x47\x54\x1A\x59\xDA\xD2\x0D\xD9\x1C\xC4\x03\x81"
"\x48\xA0\x43\xF6\xC5\x1D\x3D\x1B\x2E\x9B\x86\x8B\xAB\x09\x1D\x17\xE6\xC9\xFE\xAB\xCA\xF4\x32\xA4\xBC"
"\x62\x1A\x3E\x19\xF8\x4C\xD8\x62\xCF\x9C\x9E\x06\x1B\xC0\x69\x1A\xBA\x3A\x3E\x93\x75\x5A\xE0\x1F\xDE"
"\x7F\x18\x08\x02\xD3\x50\xFB\x65\x54\x98\xC9\x7A\xFA\xEF\xC8\x4C\xF5\xA7\x1F\x4F\x80\xCD\x98\x4F\x79"
"\x25\xD4\xF2\x3D\xA0\xEF\xE1\x8C\x6B\x74\x61\x72\xFD\xE3\x66\x34\x13\x34\x0D\x78\x76\xC1\xD3\xFF\xF1"
"\xD8\x0C\x85\xDA\xBE\x23\xF6\x6C\x3E\xDA\xA3\x18\xD3\x10\xB4\x78\xF8\x86\x7C\xEC\xD4\x38\x76\x76\x06"
"\x99\x06\x79\x1B\x1B\xB4\x78\xF8\x26\xFC\x39\xD5\x37\x0F\x41\xD9\xD5\x5E\x34\xEB\x73\x58\xE0\xE9\xE9"
"\xD7\xC7\x61\x0F\x60\x38\xB5\x25\x2A\x19\x07\xB0\x7E\x71\x30\x60\x71\x65\xB1\x0D\xFF\x83\xAF\x15\x0A"
"\xB5\x5A\xF2\x13\x86\x7B\xE9\x43\x9D\xF8\xCF\x15\x38\x16\xF5\xB5\x43\xAE\x50\xA2\x25\x53\x96\xE9\x43"
"\xED\x58\x2C\xAA\xF7\x3C\x51\x1F\x1B\x0A\x85\xB4\xB0\x65\x3A\x03\x36\xC7\x6E\xF7\x13\x34\x8C\x8A\x0B"
"\xD1\x67\xBC\xF4\x4C\x27\xE3\x89\x66\xA3\x4F\xD6\xEE\xE8\xF3\x55\x7C\x62\x1C\x7E\xF9\x70\x8A\x7C\x5A"
"\x4E\xE7\xC0\x43\x51\x38\x82\xE7\x51\x5B\xDE\x94\x0D\x76\x6C\xE8\xD7\x6B\xB4\xF2\x72\x78\x78\x78\x4E"
"\x3F\xE6\xCC\xE6\x04\xD5\x71\x78\x27\x43\x43\x0D\xA2\xF9\x1E\x9D\xE7\x6C\x5C\x9E\xCE\xA0\x28\x3A\xF5"
"\x32\x35\xBB\xB6\x96\x2A\xAD\xD5\x53\xC9\x7A\x6A\x6D\x6D\x36\x95\x5C\x7C\x81\xE0\xB4\x2A\xF6\x34\x3C"
"\x91\xE0\x25\x49\x54\x65\xAD\xCA\x1E\x49\x8A\x94\x37\xF0\xFA\xEC\xDE\xC1\x7E\xF3\x70\xA3\xC4\x24\x2F"
"\x2F\x0F\x4A\xC9\x8A\x8E\xB3\x12\x16\xD7\x34\x49\xAA\x2E\x57\xCB\x52\xB5\x5C\xAE\x96\x97\x0B\x1C\x6D"
"\xA4\xEF\x1F\x36\xF7\x52\x1B\x07\xA9\xBD\x64\x33\x59\xDF\x37\x70\x54\x2E\xF3\x1A\xA7\xA7\xAB\x3C\xCB"
"\xCB\x1C\xC7\x2B\x18\x4B\xC3\xF4\xB9\xD4\xDE\x65\xBD\x74\x50\x3F\x9C\xAD\xEF\xD7\xEB\x1B\x1B\x1B\xA9"
"\x34\xC4\x6D\xF4\x20\x6D\xD6\xDE\xA3\x7B\xB4\x29\xA3\xF6\x93\x64\xB3\x59\x6A\x26\x8D\x5F\x29\x59\x2A"
"\x25\x67\x6D\x18\xA2\x70\x5F\x27\xE6\xA1\xD0\xC5\x74\x3A\x5D\xA9\xC0\x23\x6D\x1C\x15\xD4\xA5\x20\xDF"
"\x29\x78\x3F\xBD\x78\x20\x4C\xF9\xFE\x7F\x07\xC3\xF5\xF7\x63\xDF\xA6\xF6\x00\x00\x00\x00\x49\x45\x4E"
"\x44\xAE\x42\x60\x82"
}
};

static const binfile_t logo_quake = {"logo_quake.png", 1084, {
"\x89\x50\x4E\x47\x0D\x0A\x1A\x0A\x00\x00\x00\x0D\x49\x48\x44\x52\x00\x00\x00\x2E\x00\x00\x00\x32\x04"
"\x03\x00\x00\x00\xD1\x83\xF4\xE4\x00\x00\x00\x04\x67\x41\x4D\x41\x00\x00\xB1\x8F\x0B\xFC\x61\x05\x00"
"\x00\x00\x01\x73\x52\x47\x42\x00\xAE\xCE\x1C\xE9\x00\x00\x00\x2A\x50\x4C\x54\x45\x31\x2A\x1F\x35\x2E"
"\x23\x2B\x26\x1D\x36\x33\x29\x3B\x3A\x30\x43\x40\x36\x3D\x35\x28\x4C\x4A\x3F\x6E\x51\x36\x83\x5F\x40"
"\x5B\x42\x2B\x9E\x71\x4D\x1F\x21\x1A\xBA\x85\x5A\x4B\xA4\x13\x79\x00\x00\x03\xB0\x49\x44\x41\x54\x38"
"\xCB\x3D\x53\xCF\x6B\x1B\x47\x14\x7E\xB3\x4A\x4D\x28\x39\xCC\x68\x9C\xA1\xEE\x69\xB4\x01\x91\x0A\x1F"
"\xB4\x9E\xD1\x9E\x72\xA8\xB3\x33\xA6\xBD\xD5\xD1\x8E\xF7\x90\x8B\x37\x2B\x0F\x25\xC7\xB6\x42\xBD\xDA"
"\x09\xAE\x15\x5D\x92\xBA\xA5\x72\x45\x20\x4E\x21\xC8\x3F\x4E\x2D\x85\x2A\xC2\x60\x3B\x60\x8A\x9B\x3F"
"\x20\xC5\xE8\x7F\xE9\x5B\x1F\x3A\xA7\xD9\x8F\xB7\xDF\xF7\xBD\xF7\xBD\x01\x12\x84\x78\x24\x99\x5F\xF7"
"\xBE\x2A\x2B\xE7\x21\x5F\x0A\xDF\x45\x0A\xAE\x4F\x10\x10\x2F\xFC\x2A\x84\xE1\xB9\x24\x51\xC8\x97\x2B"
"\x08\x62\x79\x00\x81\x64\xB1\xAF\x22\x0E\xE1\xA2\xD4\xCA\x5C\x57\x03\xC8\xCB\x7D\x60\x48\x39\xF7\x20"
"\x0C\x64\x58\x49\x6C\x59\x2F\x83\x70\xF1\xE0\x55\x50\xA3\x77\x96\x2A\xE3\x47\xA8\xA7\x95\xBA\xC6\x09"
"\xFD\xE4\x95\xA8\xCA\xB0\xBE\xA2\xC4\xF6\xB9\x94\xAD\xB6\xB9\xA6\x11\x64\x58\x23\x55\x72\xAB\xD6\x69"
"\x57\x6F\x3E\xE2\xF3\xAD\xD4\x02\x05\x60\x7E\x61\x8B\xB0\x40\xB0\x8E\x6B\x73\xB1\xA9\x12\x9D\x18\x20"
"\x88\x77\xFA\x35\xC2\x42\x9D\x6F\x64\xAB\xFA\xFE\x78\xBE\x6D\x54\x06\x12\x7F\x10\xBF\xE6\x0C\x88\xCB"
"\x37\xBA\x6D\xA5\xEE\xFE\x66\x93\x12\x97\x00\x77\x7F\x44\xA7\xB7\xD7\xD4\x46\x96\x72\x55\xDF\xB5\xA9"
"\x4B\x4B\x59\xBA\x70\x1C\x80\x9C\x6B\x06\x1F\x99\x84\x25\xFC\xAD\x75\xCE\x60\xA3\xA4\x7A\xB4\x8E\xB6"
"\x24\x29\xEA\x1D\xA6\xCD\xBD\x69\x62\xBB\xF6\xBA\xDF\x3D\x51\x0D\x25\x88\xE4\x76\xC1\x95\xBA\x37\x32"
"\x16\xEB\x09\x85\xDA\xA4\x5E\x95\x32\x26\x9C\x52\xBD\xAC\xEE\x0F\xDA\x25\xFF\x1C\x85\xC6\xE4\x14\xA0"
"\x22\x54\x48\x02\xAD\x92\xCF\x1F\x3E\x4D\x53\x57\x0E\xAD\xC4\x99\xD8\x58\x95\x11\xAB\x68\xB5\x74\xF4"
"\x93\x33\x16\x7D\xB2\x9B\xD3\x3A\x63\x0C\x07\x44\x09\xF0\x68\x69\xB0\x9B\x28\xD4\xA5\xEB\x8D\xA1\xC8"
"\x09\xEA\x48\xB4\x5C\x81\x66\x7F\xD7\x98\x0C\x75\x65\x7D\xF4\x15\x0E\xBF\x1C\x2C\x0B\x09\x51\x2F\x77"
"\x5D\xD6\x2B\xBF\x60\xB0\x25\xA9\x84\x00\x6F\xB2\xC9\xD5\xF4\x5B\xDB\x75\xC8\x4F\xE8\xD1\xEF\x75\xD6"
"\xA4\xB7\xDE\x9F\x33\xA9\xD4\xDF\xB3\x27\x36\x35\xD8\x26\xAD\x1E\xBC\xAD\x17\x79\xA3\x3F\xDC\x79\x4A"
"\x54\xFA\xE5\xD4\xB8\x5E\x0F\xA8\xC8\xD9\xD7\x13\xED\x19\x2C\x4C\x86\x9D\x62\xBE\xFD\xF2\xCA\x64\x88"
"\xB3\x4E\x1E\x7F\x36\xDC\x54\x82\x5E\xF4\x9F\x73\xD5\xFA\xE2\xE4\x03\x96\xF7\x80\x78\x29\x3E\xDE\x1B"
"\x32\x1F\x9C\x8D\x9F\xF3\x28\x79\x38\xFB\xB3\x57\xE2\xE5\x59\x1C\xF7\xB7\xF3\xE0\x74\xFC\xA2\xD2\xFC"
"\xE7\x6A\xF6\x43\xB7\xD7\xFB\x1E\x8D\x13\xA0\x9F\xEE\x1D\x36\xAB\x67\xE3\xAD\xF7\xA7\x27\x57\xFF\x66"
"\xDD\x92\xBF\xCD\x84\xC8\xC5\xB3\xC7\xFD\xD7\x17\x3B\xC7\xF5\xD1\xEC\xEA\x8F\x5E\x17\x85\xC1\x53\x20"
"\x01\xD4\x0E\x0F\x06\xC3\x9D\x9D\xD1\xD5\xF4\x83\x76\x3A\x4B\x33\xA0\x0C\x83\x21\xF4\x70\xBC\x77\xF8"
"\x66\xD4\x3F\x99\x61\xBA\xCB\xC6\x39\x28\x17\x28\x08\xA0\x31\x9E\x1D\xE6\x83\xD1\xF4\xE7\x96\x4B\x93"
"\x14\x79\x18\x5C\x67\x9B\xAF\x4D\x27\xEB\x07\xB3\x5F\x2A\x5D\x0C\xDD\x96\x3E\x91\x1F\x28\x99\xCB\xCF"
"\xC6\xFB\xCF\x8E\xDF\x21\x45\x89\x77\x01\x51\xC2\x28\x66\x0B\x17\x6F\x5E\x9F\x73\x1C\xA5\xD3\xC6\xA2"
"\x6E\x0E\x08\x13\x91\xD3\xCB\xED\x27\x8A\xEA\xAC\xDB\x4D\xCA\x5C\x72\x8A\x49\x11\x26\x56\xD6\x2F\xB7"
"\xF7\x55\xC2\xB3\x5E\x9A\x96\x7E\xA2\x88\x00\xA6\xDB\xC9\xF3\xC6\xE4\x05\x53\x0A\x77\x27\xB1\xD6\x02"
"\x0E\x18\x48\xC4\x7C\x42\x1B\x7F\x6D\x55\x94\x71\x49\xA4\x4A\xBC\x60\x84\x72\x26\xD6\x3C\x15\xFD\x4D"
"\x54\x74\xA9\xB5\x29\xBE\x0B\xC6\x08\x63\x9C\xFB\x22\x6A\x8E\xBE\x89\xD1\x89\x35\x59\x6A\xFE\xC7\xE3"
"\x4E\x14\xF4\x1F\x08\x8D\xA2\x0A\x3B\x46\x7E\xAF\x98\xF0\x3C\xCF\x79\xD8\x6F\x2A\x7E\xC3\x68\x8D\xEB"
"\x69\xC0\x17\x3E\x47\x1B\xA2\xC9\xC2\xC1\x1D\xBC\x68\x9E\x68\x9B\x21\xEE\xE3\x88\x31\x5F\x50\x4E\xFB"
"\xD2\x9B\x76\xA4\x5A\x28\xE0\x20\xD6\xDE\x0B\x56\x28\x42\xF8\x38\x6C\x99\x34\x51\xDA\x64\xAE\xE4\x8F"
"\x63\xA5\x0A\xAF\x80\x08\xD0\xA9\x4D\xB8\x32\x19\xCE\x59\x17\x1D\x5F\xE0\x3B\xF1\x11\xC0\x0D\x67\x75"
"\x62\x0D\x36\x81\x39\xC6\x88\x16\xA2\x88\x3B\x09\x65\xF6\x3B\xCE\xB5\xC1\x67\xD1\x85\xC2\xAF\x14\x85"
"\x8A\xA3\x4A\x61\x22\x6E\x57\x95\x76\xC6\xA5\x99\xFB\x0F\xDF\x6D\x23\x5C\x24\x3A\x81\xE7\x00\x00\x00"
"\x00\x49\x45\x4E\x44\xAE\x42\x60\x82"
}
};

static const binfile_t logo_recent = {"logo_recent.png", 1093, {
"\x89\x50\x4E\x47\x0D\x0A\x1A\x0A\x00\x00\x00\x0D\x49\x48\x44\x52\x00\x00\x00\x2E\x00\x00\x00\x32\x08"
"\x03\x00\x00\x00\x14\x73\x19\xE5\x00\x00\x00\x01\x73\x52\x47\x42\x00\xAE\xCE\x1C\xE9\x00\x00\x00\x04"
"\x67\x41\x4D\x41\x00\x00\xB1\x8F\x0B\xFC\x61\x05\x00\x00\x00\xC0\x50\x4C\x54\x45\xFF\x00\xFF\x09\x09"
"\x09\x13\x13\x13\x43\x43\x43\x4A\x4A\x4A\x49\x49\x49\x36\x36\x36\x4B\x4B\x4B\x2C\x2C\x2C\x61\x61\x61"
"\xCA\xCA\xCB\xEA\xE9\xEA\xDD\xDD\xDD\xBE\xBE\xBE\xB8\xB8\xB8\x8D\x8D\x8D\x50\x50\x50\x86\x86\x86\xEE"
"\xEE\xEE\xF1\xF1\xF1\xBB\xBB\xBB\x53\x53\x53\x47\x47\x47\xBD\xBD\xBD\xAD\xAD\xAD\x99\x99\x99\xC5\xC4"
"\xC6\xC1\xC1\xC1\xFA\xFA\xFA\x22\x22\x22\xAE\xAE\xAE\xFC\xFC\xFC\xD0\xD0\xD0\xAC\xAC\xAC\xE1\xE1\xE1"
"\xE4\xE4\xE4\xF7\xF7\xF7\xF3\xF3\xF3\xB1\xB1\xB1\x6A\x6A\x6A\x75\x75\x75\xA6\xA6\xA6\xF9\xF9\xF9\xFE"
"\xFE\xFE\xD7\xD7\xD7\x3D\x3D\x3D\x5C\x44\x6A\x71\x3F\x8E\x78\x3E\x9A\x87\x59\xA2\x7B\x44\x9C\x66\x42"
"\x7B\x52\x47\x58\xCD\xCD\xCD\xBE\xB7\xC2\xA1\x88\xB1\xCF\xBC\xDB\xBD\xA2\xCD\x76\x3D\x97\xD4\xD3\xD4"
"\x91\x6A\xA9\xCB\xC2\xD0\xB6\xA8\xBF\x9A\x7A\xAE\x88\x32\x51\x76\x00\x00\x00\x09\x70\x48\x59\x73\x00"
"\x00\x0E\xC4\x00\x00\x0E\xC4\x01\x95\x2B\x0E\x1B\x00\x00\x03\x0E\x49\x44\x41\x54\x48\x4B\xAD\x96\x0B"
"\x73\xA2\x30\x10\xC7\x5B\xCD\x4A\x0D\x6A\x6D\x40\xB4\x4A\xC1\x52\x7C\xD4\xA3\x1A\x11\x6C\x2F\x7A\xF5"
"\xFB\x7F\xAB\xDB\x3C\x7C\xA0\xB4\x76\x6E\xEE\x37\x99\x6C\x94\x3F\x3B\xBB\xEB\x26\xF1\xE6\x1F\xB9\xFD"
"\x0A\xF3\xFC\x94\x4A\x95\x00\xE0\x50\x93\xB2\xC7\x25\xA9\x9D\xBF\x51\xB3\xC8\x5E\xA6\xED\xC9\x12\x08"
"\xB1\x2A\x46\xA7\xB9\x03\xA8\x53\xBB\x8C\x46\xB3\xD5\xBA\x6F\x03\x14\xFC\x03\x3C\x30\x87\xE9\x71\x6E"
"\xA9\xEB\xBA\x1D\xF0\x8C\x52\x52\x03\xEB\x52\x76\xB0\xAE\xDB\xED\x01\x31\x52\x89\x07\x8F\x8C\xB1\xFE"
"\xA0\x3F\x18\x0C\xFA\x8E\xEF\xA0\x4C\xA1\xDF\xE8\xBB\x5D\xD7\x23\x4F\x46\x8B\x58\x64\xE0\xD8\xBD\x40"
"\xD3\x73\x42\xA7\xC0\xB0\xDB\xED\xB6\xC9\x9D\xD1\x22\x16\x34\x99\x1B\x3C\x3F\xE3\xC0\xA9\x19\x16\xBD"
"\x0F\xD1\xFB\x37\xF2\xEE\x55\x39\x06\xE3\x9A\x58\x02\xE9\xBD\xC0\x95\x60\xAE\x7B\xBF\x94\x1F\x0B\x59"
"\x2A\xC7\x60\x94\x3C\xB8\x90\x3B\xFF\x23\xD5\xC8\x24\x1A\x04\xF6\x4F\x52\x65\x76\x4B\xF3\xE2\xFB\xD7"
"\xBC\x4B\x79\x1C\x1A\xFC\xD1\x35\x39\x06\xF3\x35\xE5\xC1\x38\x51\xF4\x12\x21\x38\x29\xAB\x96\xF6\x97"
"\xC1\x8C\xF7\x95\x51\xA3\x67\x96\x91\x5F\x26\x1F\x38\x2F\x28\xC0\xA2\xE3\x30\x6F\x68\x3B\x0E\xCB\xEB"
"\x6E\x2B\xF9\xC1\xBB\x22\xE8\x05\x0F\x13\xAB\x3D\x7D\x6D\x5E\xA6\x4A\x7B\xE7\x3C\x4F\xE5\xB6\x96\x78"
"\xE4\x22\xF6\x59\x18\xFE\x92\x75\xC4\x49\x8F\xC4\x53\xC7\x80\xA5\x0F\x85\x37\xA3\x45\x74\x65\x46\xF1"
"\x2C\x46\x70\x52\xF6\x01\x35\xF3\x05\x5F\x2E\x53\xCE\x57\xF8\xCE\x71\x73\x97\xD5\x7D\x42\x48\xC6\x97"
"\xC3\x5C\xB2\x4E\xF9\x0A\x43\x32\x6A\xED\x3D\x19\x9B\x9E\x51\xA0\xEF\x79\xBA\xB6\xFD\xD0\xF7\xE3\x28"
"\xCF\xDF\xF9\x82\x40\xF5\x44\xEE\x14\x2A\x13\x00\x64\x7C\x18\x7E\xFC\x46\x39\x42\xE9\xBB\x58\x00\x98"
"\x74\x65\x30\xB6\x71\xAB\xA9\x13\x10\xFD\x30\x14\x7C\xC3\x64\xFA\x71\x9E\x6F\xF9\x9C\x80\x91\xA3\x77"
"\x7F\x5F\x6F\x69\x7B\x18\xCA\xD6\xF7\x43\x21\xD6\x03\x74\x1E\xFA\x2C\xA7\x42\x00\xD1\x47\x25\xCA\x1D"
"\x67\x96\x1C\x79\x05\xE0\x7F\x8C\x1C\xC3\xC1\x31\x44\xF7\x19\xD1\xD1\xAB\x54\x67\xF2\x6B\x6C\x5F\xF9"
"\xF8\x1E\x32\xC1\x8C\x5C\x79\xF7\x1B\xF4\x53\x60\x75\x8E\x72\xDD\xDC\xDA\x4E\x60\xCE\xE3\x82\xDC\xA6"
"\x7D\x8C\x46\x1F\xC4\xAA\xEE\x2C\x19\x1E\xE8\x90\x39\x97\x29\x0A\x9E\x4A\x3E\xC2\xD0\xC9\x29\xE7\x44"
"\x07\xAF\xBC\x9F\xA6\xDA\x39\x78\xE7\x02\x49\x13\x66\x53\x2A\xF8\xDE\x3B\xCA\x75\x03\x1B\x79\x1D\xE6"
"\x2A\x76\xFB\x5D\x81\x07\x73\x83\xAE\x65\xE5\xA5\x5A\x05\x13\xEF\x4F\x60\xC9\x94\x58\x3C\x91\xD1\x6C"
"\x50\x29\x49\x36\xF9\x0E\x1B\xC1\xD2\x72\xF4\x1E\x37\xC6\x81\x6A\x03\x9C\xC6\x8F\x1E\xF0\x9D\x4A\x11"
"\x87\x9C\x46\x39\x4D\x45\x46\x74\x5B\x02\xB4\x1C\xA6\x9F\xE9\x42\x86\x1E\xF6\x57\x72\xFC\xEC\xAB\xAE"
"\x01\x73\xA3\x55\x61\x22\x1B\x78\x14\x8F\x62\x1C\x72\x7A\x25\xB0\x48\xA3\x83\x7C\x83\x91\xF3\x6C\xDF"
"\xC3\x15\xF0\x1A\x85\xBA\x33\xD6\x06\x8B\x2F\x93\x58\x8A\x71\x73\xD3\x4F\x2E\xE6\x00\xFB\xEB\x12\x6F"
"\xCE\x86\xE9\x73\xC3\x06\xFB\x5B\xF0\xCF\xBC\x11\x25\x79\x4E\xB7\xB8\x43\x08\xA9\x19\xF5\xCD\x2D\x6E"
"\x96\xFA\xB4\x40\x07\x37\xD3\x8A\xA7\xCB\xDD\x6E\xBB\xC4\xE2\x67\x00\x27\xDB\x0F\xC3\x37\x57\xF4\xC1"
"\xCA\xA5\xB5\xC2\x1F\x89\x8B\x45\x86\x5F\x1D\x7C\x2B\x2A\x4F\x6F\xE7\x54\xD5\x29\x60\xE1\xFD\x7F\x71"
"\xCD\x97\x53\x53\x87\x01\x58\x6F\x27\xB7\xEA\xF7\x54\x2A\x95\xB2\x7F\x28\x3F\xE3\xE6\xE6\x2F\x79\x00"
"\xA3\x4D\x4F\x8D\x30\xE6\x00\x00\x00\x00\x49\x45\x4E\x44\xAE\x42\x60\x82"
}
};

static const binfile_t logo_rott = {"logo_rott.png", 2096, {
"\x89\x50\x4E\x47\x0D\x0A\x1A\x0A\x00\x00\x00\x0D\x49\x48\x44\x52\x00\x00\x00\x2E\x00\x00\x00\x32\x08"
"\x03\x00\x00\x00\x14\x73\x19\xE5\x00\x00\x00\x01\x73\x52\x47\x42\x00\xAE\xCE\x1C\xE9\x00\x00\x00\x04"
"\x67\x41\x4D\x41\x00\x00\xB1\x8F\x0B\xFC\x61\x05\x00\x00\x01\x4A\x50\x4C\x54\x45\x02\x01\x02\x31\x23"
"\x1B\x32\x2D\x20\x91\x5A\x3E\x44\x5A\x66\x68\x60\x48\x06\x0C\x1F\x2E\x29\x1D\x6D\x64\x48\x66\x62\x55"
"\x76\x44\x2A\x80\x4D\x32\x86\x51\x35\x1A\x3A\x6E\x23\x42\x75\x76\x6C\x4B\x67\x38\x21\xA2\x6A\x4B\x6F"
"\x68\x4C\x96\x5F\x42\x5A\x2F\x1B\x05\x0F\x2A\x6A\x64\x4F\x61\x33\x1E\x10\x0B\x08\x9A\x63\x45\x3C\x3D"
"\x37\x1C\x12\x0D\x6D\x3C\x24\x9E\x66\x47\x8B\x56\x39\x7C\x49\x2E\x55\x29\x16\xA8\x70\x51\x66\x64\x5C"
"\x3A\x36\x2A\x03\x04\x12\x71\x74\x6A\x6D\x69\x57\x28\x21\x1B\x70\x40\x26\x42\x46\x42\x5A\x6B\x72\x08"
"\x1C\x42\xD0\x99\x76\x1C\x21\x2B\x48\x1E\x12\x63\x5A\x41\xB0\x77\x57\x85\x71\x4C\x25\x26\x29\x43\x5C"
"\x78\xCB\x92\x71\x32\x11\x0A\x20\x46\x85\x61\x5D\x51\x06\x15\x35\x6D\x6E\x62\x20\x28\x3B\x24\x29\x30"
"\x49\x61\x7C\x2A\x1A\x15\x3D\x17\x0E\x4F\x24\x14\x1B\x18\x18\x39\x55\x64\xC1\x87\x66\xD6\xA4\x81\x32"
"\x36\x37\xB9\x97\x55\x7E\x67\x44\x5E\x62\x5D\x2D\x2F\x30\xB6\x7B\x5C\xC7\x8D\x6B\x57\x52\x3F\x24\x0B"
"\x06\x52\x66\x6E\xBC\x81\x61\xD2\x9E\x7C\x4B\x60\x6C\xE2\xB8\x94\x1F\x30\x4F\x4D\x50\x4C\x0C\x27\x59"
"\x5E\x46\x37\x4A\x40\x36\xDF\xAB\x85\x8E\x80\x75\x7E\x85\x89\x1F\x2D\x43\x63\x68\x66\x21\x39\x5D\x2E"
"\x3A\x42\x85\x75\x69\x96\x82\x50\xA2\x90\x58\x5B\x70\x88\x6D\x79\x7E\x18\x1E\x22\x90\x8E\x89\xCD\x9D"
"\x52\x56\x37\x2F\x91\x75\x4B\x71\x4A\x37\x77\x5A\x3E\xDA\xAB\x5D\xE5\xC5\x72\xEE\xCE\xAC\x51\x5B\x60"
"\x54\xD8\xF9\xD9\x00\x00\x06\x84\x49\x44\x41\x54\x48\xC7\x55\x94\xF9\x7F\x9A\x4A\x17\xC6\x05\x42\x58"
"\x13\x56\x21\x10\x36\x31\x2A\xEE\x4B\xB5\x6A\x72\x5D\xEA\x12\xB7\x44\x63\x8D\xDA\x24\xB5\x7A\xB3\x27"
"\x6D\xFF\xFF\x5F\xDF\x83\xA6\xEF\xA7\xF7\x51\x60\x18\xBE\x73\xE6\xCC\xE1\x19\x02\x87\x07\xA0\xC3\xFF"
"\xE8\xC0\xFF\xFD\xD1\xE1\xA7\x5D\xFB\x1A\xA0\x83\xEB\xC0\xC1\xF5\xA7\x7F\xFE\xF9\xE4\xCB\x3F\x6F\x9B"
"\xBB\xC6\x87\xFE\xF5\x05\xDD\x7E\xE3\xF0\x3A\x70\x78\x98\xB8\xBF\xBF\x4C\x24\x2E\xEF\x13\x89\xC4\x55"
"\x02\xCE\x97\x97\x97\x70\xD9\xFB\xBF\xAE\xAE\xFC\xC7\x97\x89\xCB\xC4\x77\x1F\x87\xBB\x9B\x9B\x9B\xC7"
"\x9B\x9B\xFB\x1B\x18\xB1\x6D\x3C\xDE\x24\xBE\xEC\xFD\xAD\xAB\xC4\xE5\xD5\xDE\x1E\xE0\x9F\x0F\xE1\x7A"
"\xE9\x87\x80\xCE\x2F\x7B\x57\xBB\xA7\x7B\x5F\xFE\xD6\x6E\x8E\xBD\xAB\x2D\x9E\xA8\xDE\xDD\xF5\x7A\x3D"
"\x38\xEE\xBE\x7D\x7B\xFC\xF6\xF8\xF8\xED\xC7\x4E\x70\xE3\xEB\x47\xB5\xD7\xFB\x1D\xF9\xBD\x9A\xFD\xDE"
"\xE2\x11\x8E\x8B\x92\x1C\x27\x92\x64\x2E\xB5\x5C\x4E\x7F\x4D\x97\xCB\x54\x71\x92\x4A\x0D\x8B\xCB\x36"
"\x1C\xA9\x61\x8E\xCB\x66\x7F\xF4\x8E\x0A\xB3\x3F\xB8\x48\x72\x22\x2E\xE6\xC7\xC5\xE2\x64\x3A\x9D\xB6"
"\x53\x93\xE5\x74\xD9\x4E\xB5\x86\x93\xF1\xA0\x5D\x2C\xB6\xF2\xD9\x2C\x1E\x29\x04\x3A\xDF\x93\x81\xCF"
"\x9F\x23\x55\x51\xE4\x38\x9C\x14\x5F\x5A\xC5\x61\xB1\x0D\xCF\x97\xD3\xE9\x64\xB2\x6C\x17\xC7\xA9\xE1"
"\xA0\x9D\x4A\x8D\x85\x6C\x39\x1B\x75\xE3\xBF\xBF\x6E\x71\x4E\x89\x72\x1C\xC9\x91\x2F\xAD\xE1\xB8\x38"
"\x19\xB7\xA6\xED\x09\xE4\xD2\x9E\x16\x43\xB9\x56\x0B\x5A\xB9\x10\x99\xC5\xB3\x4A\xF4\x6E\x87\x93\x8A"
"\x08\xE9\xE0\x5C\xAE\x35\x69\x17\x07\xE3\xE1\xF0\xD7\x2F\xC8\x27\x95\x6A\x99\x98\x16\x0A\xB5\x06\x42"
"\x88\xC4\xC9\xEC\x68\x44\x6D\xF1\x2A\x0E\x0B\xE5\x00\x17\x42\x39\x4D\xCA\x0D\x42\xD3\x5F\x2D\x89\xC5"
"\x84\x41\xC8\x64\x6D\xCB\xD2\x34\x4D\x20\x17\xA3\x30\x8A\xC6\x77\x38\x19\x55\xB6\xAB\x35\x59\x9A\x66"
"\xB4\x41\xB1\xA8\x79\x3C\xCD\x62\x9A\x69\x62\x2C\x63\x58\x21\x4C\x7B\x7B\x20\x62\x31\x44\xDF\xE1\x62"
"\x54\x11\x45\x52\x3C\xD7\x18\x9E\xB6\xAD\xF1\xD8\xF2\x0C\xA0\x31\xC9\xC7\x6D\x9E\x36\x25\xF3\xB5\x49"
"\x10\xC4\x0E\x3F\xAC\x92\x0A\x29\x52\x38\x8E\x69\xB4\xEC\xD1\x8C\x60\x4A\x2C\x63\x61\x9A\x04\xB8\x65"
"\xD3\xBC\x6C\x85\x84\x57\x04\x45\x89\x5A\x67\x87\x8B\x51\x9C\x24\x71\xFC\x8D\xE1\x1D\x9A\x61\xA4\xD0"
"\x40\xC0\x24\x5F\xA6\xC6\xD0\x9E\x5A\x57\x25\x69\x8E\x10\x68\xAC\xB9\xC3\x23\x24\x59\x55\x70\x51\x7C"
"\xE5\x1B\xB2\xA4\x61\xA1\xF1\x78\x20\x68\x26\x44\x97\x60\x2D\xBC\x5C\x6F\x30\xD8\x3C\x1C\x26\x62\x4D"
"\x3F\x99\x43\xC0\xC5\x2A\x0E\xA5\x7F\x33\xEA\xAA\x20\x68\x82\x69\x0A\x42\x28\x24\x08\x92\xC5\x78\xBC"
"\x2A\x67\x1A\xAA\x3D\xEF\x43\x61\x08\xFD\x6B\x25\x70\x78\x10\x81\x44\x48\x70\x0C\xCE\x5F\xA8\x12\xA3"
"\xAA\xBC\xAA\x32\xC0\x9B\x98\x6D\xA8\xB2\x2C\x67\x32\x0D\x76\x5E\x40\xC3\x61\x34\x7E\x5B\x09\x1C\xC0"
"\x52\x49\x48\x45\x14\xB3\x4E\x49\xA5\x3D\xDE\x50\x33\xA5\x0C\x2D\x09\xB6\x5C\x2A\xD5\x1D\x47\x76\x32"
"\x0D\x66\x41\xF8\xF8\xCC\xC7\xBF\x47\xE0\x8D\x2A\x50\xCC\xAC\x53\x37\x18\x53\x60\xF9\x4C\xE9\xA2\xC1"
"\xB0\x5B\x9A\x87\x74\x32\xEA\xAB\x4E\x00\xFF\x07\x8F\x46\x15\x0A\xE2\x73\x46\x43\x65\x21\x83\xFA\x45"
"\x26\xE3\xD8\xAC\x53\x42\x6A\x0D\x9A\x61\xE9\x0C\xFD\x1A\x46\x09\x22\x4C\xE8\x1F\xD1\xA9\x28\x49\x92"
"\x51\xF2\xD5\x71\x6C\x8C\xB5\x58\xD6\xA2\x55\xCC\x54\x65\x1A\xCA\x6F\x49\x4C\xC3\x78\xDE\xE1\x7E\xEE"
"\xD7\xDF\x23\x24\x05\x2F\x89\x8A\xE2\xE5\x67\x99\x85\xA2\x0C\x06\x1A\x4B\x0B\x39\x9B\x95\x42\x21\x4D"
"\x0B\x31\x0D\x55\x0F\x13\x50\x78\xF4\x03\xA7\x70\xC5\xC5\x15\x45\xA1\xE6\x2A\x2B\x0C\x86\xA9\x62\x48"
"\xC2\x72\x63\x4C\xD2\x4C\x30\x9D\xA9\x66\x9E\x75\x14\x41\x62\xC8\x2E\xFA\xD7\x2A\x58\x9D\xA2\x14\xB2"
"\x4C\xBD\x19\x1E\x36\x4E\x4D\x86\x82\xA5\xB5\x86\x1A\x86\x61\x66\x2E\xC7\x3A\x8D\x85\x8E\xA2\x30\x80"
"\x88\x9F\x56\x02\xC9\xAF\xF0\x9A\x44\xDC\xAD\x46\x95\x28\xE9\xF1\x36\x38\xD8\x64\xD8\x5C\x3B\x15\xA2"
"\x3D\xC6\x92\x58\xD5\x71\x16\x61\xB4\x8F\x42\x32\xFA\x69\x30\x90\xBC\x8D\x90\xAE\xAB\xB8\x94\x02\xF5"
"\xC9\x1A\xBC\x67\x59\xB4\x67\x63\x39\x13\xE3\x1D\x30\xA8\xEC\xC8\x0D\x08\x1D\x03\x43\x22\x5B\xFC\x14"
"\x96\x1A\x8D\xBA\xBD\x32\x85\x53\xB8\x61\xA8\x06\x83\xD9\xBC\x2C\x3B\x2A\x4F\xD3\x9E\xA1\xAA\x32\x94"
"\xA5\xE9\x1B\x98\xF0\xF1\xCA\x69\x95\xA2\x5C\x05\xC7\xCB\x20\x77\x6E\x18\xBC\x64\x62\x12\xC3\xC3\xAA"
"\x4D\xDF\xD1\x9E\xDC\x2F\xC0\xDE\x20\x50\x02\xF9\xC0\x15\xCA\x85\x52\xBA\x2E\x84\x2F\xD3\xB4\x61\x5A"
"\x1E\x06\x96\x67\x19\x06\x63\x54\xC6\x90\x51\x28\x0A\x82\x7C\xE4\x1E\x4C\x57\x29\xD7\x8D\x46\xEF\xEE"
"\xCA\x30\x4B\xF9\xCD\x62\x4D\x56\x36\x2C\xCD\xF2\x3C\xCF\x66\x79\x0F\x72\x81\x7D\x07\x38\x81\xC6\xB7"
"\x78\x44\x81\xBC\x5D\xB7\x4C\x95\x5D\xAA\x57\xA6\x31\x30\x02\xD4\x47\xC0\x2C\x86\xB5\x1D\xA7\xEE\xD7"
"\x10\xE8\x26\x12\xDB\x45\xBF\x8F\x52\x65\xEA\x2E\x0A\x09\xB9\xB8\x3B\xE3\x19\xD8\xAF\xB4\x01\x15\xE1"
"\x0D\x9B\x56\x1B\x17\x08\x8A\xD4\x6A\x08\xD2\x8C\x11\x3B\x3C\x42\x95\x15\xEA\x0E\x68\x90\x3B\x92\x6D"
"\xDB\xCE\xC1\xF6\x63\x60\x88\xE1\x9B\x13\x29\x20\xB5\x26\x42\x40\x29\x3B\x67\xFB\x81\x7D\x48\x06\x87"
"\xC5\x96\x7B\x70\x8C\x16\xCF\xBC\xC7\xD0\xB9\xF6\xA4\x35\x6C\x49\x1E\xEF\x5C\x5C\x94\xFC\x4C\x62\xFE"
"\x4A\x63\x1F\xB8\xEF\x30\x57\xE9\xCD\xC2\xB1\xE3\x23\x04\x1C\x69\x30\xAD\xE5\x30\x35\x4D\x49\xE0\xE5"
"\x52\xBD\x56\x8B\xF9\x45\x47\xD1\x66\xFF\x23\x3A\x45\x52\xE5\x11\x0A\x30\xE0\x0C\x78\x51\xB6\x05\x09"
"\xBC\x49\x3B\xA5\x8B\x7A\xBD\x76\x04\x82\xCC\x89\xE6\xD9\x16\x87\xCF\xC0\xA2\x7F\x14\x08\x1C\xD7\x8E"
"\x41\xCF\xDA\x30\x04\xDB\xD9\xDF\x75\x8D\xD2\x45\x29\x93\x39\x3E\x0A\xC0\xEF\x08\x80\x82\x8F\x17\xE2"
"\xCD\xE3\x80\x2F\xA4\x06\x03\x02\xC7\xCF\x02\xB8\xB0\xDE\x50\x9D\x4C\xC9\xD7\xB1\x8F\x6E\xE9\xC0\xC3"
"\x16\xEF\x6C\xE1\xC0\x11\x5A\xAB\xD5\xFC\x49\x64\xCC\x34\x4A\x19\x0F\x3E\x60\x50\x17\x1F\xF3\x27\x85"
"\x39\xFE\x8B\x1F\xA3\xBB\xCE\xC0\x51\xC6\xA0\x9D\x86\x61\x61\x7C\xFD\xE8\xE3\xD1\x5F\x78\x33\x7E\x06"
"\x4A\xA7\x57\xF1\x4E\xA7\x0F\x0D\x68\x76\xE2\xF3\xC5\x62\xBE\xE8\xF4\xD3\xE9\xB3\x87\x74\xFA\xA1\xDF"
"\xD1\x75\xBD\x7F\xB6\x7A\x00\x3C\xD0\x2C\x14\xD2\x05\x3D\x5E\x38\xEB\xE8\xD4\x4C\x1F\xF5\x3B\x71\x5D"
"\x8F\x77\xF4\x78\x7C\x76\x06\xBD\x23\x5D\x9F\xCD\xE2\x30\x28\x5D\x68\x06\x7C\x7C\xAB\xCD\x66\xC3\x75"
"\x37\x8B\xF5\x53\x36\x4C\x72\x9B\x45\xFE\xE7\x26\xDB\xE5\xD6\x9B\xF5\xC9\x4F\x0E\xF9\x19\xEE\x66\x77"
"\x94\x8F\x9F\xF8\x5A\xBF\x74\xCF\xBB\xDD\xF3\xC5\x7B\xB8\x9F\x1D\x9D\x9F\xEC\xFF\xCC\x9E\x74\x5F\xD6"
"\xEB\x7C\x78\xB3\x21\xDE\x4F\xE6\xEF\x5B\xE8\x04\x70\xFF\xBC\x7F\xF2\xF2\x73\x1D\xEE\x16\x9E\xBA\xDD"
"\x55\x21\xBB\x08\xEB\xE9\xF7\xD1\x7E\xF7\x7D\x74\xFE\x72\x7E\xFE\x34\x7A\x0A\xCE\x9F\xF6\x41\x27\x27"
"\x60\x31\x9F\x0E\x06\x37\xEB\xFC\xFA\x69\x34\x7A\xEA\xE6\xE3\xF3\xF9\x5B\xB6\xFF\x8E\x07\xBB\xE1\x3C"
"\xCC\x17\xEC\x76\x9F\x74\xE1\x39\x18\x0C\x02\xEF\xE3\x40\x57\x2A\xB3\xF8\x2D\x87\x8B\xB3\xD5\x4C\x59"
"\x9D\x9E\xDE\xAE\x4E\xE3\xAB\xE4\x2A\x79\x3B\x5A\xC1\x25\xBE\x8A\x9F\x26\x93\x95\x0A\xF0\x5B\x3C\x58"
"\x49\x26\xF1\x7C\x9E\x3B\xDF\x2A\xBF\xD5\xF9\xEE\xCF\xE5\x5F\xFC\xBB\x75\x36\x09\x03\x82\xFB\x95\xFF"
"\x01\x10\x7A\x57\x29\xAD\xE1\x2B\x50\x00\x00\x00\x00\x49\x45\x4E\x44\xAE\x42\x60\x82"
}
};

static const binfile_t logo_sm64 = {"logo_sm64.png", 2393, {
"\x89\x50\x4E\x47\x0D\x0A\x1A\x0A\x00\x00\x00\x0D\x49\x48\x44\x52\x00\x00\x00\x2E\x00\x00\x00\x32\x08"
"\x03\x00\x00\x00\x14\x73\x19\xE5\x00\x00\x02\x2E\x50\x4C\x54\x45\xDD\xDC\xE0\xDA\xD8\xDD\xE7\xE7\xE9"
"\xD1\xD0\xD6\xCD\xCC\xD2\xE5\xE5\xE7\xE3\xE3\xE5\xB1\xB2\xC0\xDF\xDD\xE1\xB3\xB4\xC2\xE0\xDF\xE1\xCE"
"\xCE\xD3\xD6\xD4\xDA\xCE\xCE\xD6\xB4\xB8\xC6\xAE\xB6\xC1\xA9\xB4\xBF\xDD\xDB\xE1\xB5\xB6\xBD\xAA\xB3"
"\xBB\xD2\xD3\xD7\xB1\xB4\xBB\xAD\xAF\xBB\xD3\xCD\xD6\xCA\xCE\xD3\xB0\xB1\xB8\xDB\xDA\xDD\xAD\xB2\xBD"
"\xCE\xCA\xD6\xD9\xD7\xE0\xB8\xB4\xC2\xD2\xCF\xDA\xE1\xE0\xE3\xD1\xCD\xD2\xA9\xB0\xC0\xD0\xCA\xD0\xCF"
"\xCC\xCD\xAC\xAE\xB8\xCC\xD1\xD5\xAD\xB7\xC5\xAD\xB0\xC0\xAC\xB6\xBE\xBB\xB1\xBC\x58\x91\x50\xBA\xB7"
"\xC5\xB6\xBB\xC3\xD5\xCF\xD5\xC3\xC4\xCB\xC0\xC1\xC9\xD8\xD1\xD8\xC9\xC7\xCF\xBC\xBC\xC4\x56\x49\x5D"
"\x56\x8B\x4E\xD5\xD6\xDD\xC5\xBA\xC3\xBC\xBA\xBE\xB8\xB8\xBC\xA7\xAB\xB6\x4B\x7C\x41\xDE\xE2\xDC\xD3"
"\xD2\xDC\xBA\xBC\xCA\x45\x43\x5F\xCD\xD2\xD9\x62\x96\x5A\xE3\xE9\xE1\xD7\xCC\xD8\xCB\xBA\xC1\xCC\xB0"
"\xBC\xA6\xAF\xB8\xBB\xB8\xB5\xC4\xB3\xB3\xAA\xBF\xA5\x51\x80\x4D\x51\x85\x46\xA0\x3A\x44\x47\x73\x40"
"\xE0\xF2\xE1\xC7\xA9\xAA\xA0\x92\x9A\xA9\x46\x51\x4A\x3E\x51\x91\x2D\x3A\x86\x1C\x29\x78\x1C\x25\xE7"
"\xDF\xE1\xE0\xE6\xDA\xDC\xD9\xD7\xD3\xDF\xD5\xC8\xCC\xCE\xC1\xB4\xBE\xE0\xB0\xB3\xC2\xAE\xB3\xCC\xB3"
"\xAD\xB8\xAA\xAD\xAE\xC9\xAA\xD9\xA2\xA6\xB8\x95\x99\x9E\x87\x8F\xB0\x89\x86\xCA\xAD\x69\x68\x8E\x62"
"\x6B\x9C\x61\x5C\x7C\x5F\xB4\x50\x5B\x70\x50\x56\x53\x74\x52\x54\x41\x49\x87\x3F\x41\x9C\x2B\x36\x90"
"\x23\x2E\xC6\xC7\xD2\xE3\xD0\xC8\xF9\xE9\xC2\xD5\xB9\xC0\xD1\x94\x96\x9D\x6A\x6B\x63\x53\x5F\x9A\x45"
"\x4E\x77\x28\x2D\x76\x0C\x1B\x65\x0F\x1A\xEA\xED\xE5\xD6\xCA\xCA\xA9\xA3\xB0\xB9\x9D\xA1\xCE\xB5\x9E"
"\xE8\x90\x91\x75\x71\x8F\xDA\xBE\x8A\x8A\x75\x85\x5B\x5C\x82\x79\x67\x73\x55\x4F\x73\x73\x98\x69\xAF"
"\x62\x64\xC0\xA1\x62\x9D\x56\x5E\x36\x30\x4E\x5C\x63\x35\x86\x2C\x34\x35\x52\x24\x82\x5E\x1C\x1D\x3B"
"\x04\x44\x40\x03\xE2\xD9\xD5\xEC\xDF\xC3\xD1\xC1\xB4\x97\x8E\xA4\xF0\xA1\xA1\xE4\xD2\x9E\xAE\x93\x99"
"\xC3\x8C\x8D\x8B\x86\x8C\xC3\x9E\x8A\x7D\x8E\x7C\xB2\x78\x75\xC6\x74\x75\xBA\x64\x6F\x94\x62\x65\xB3"
"\x91\x52\x89\x4F\x4E\xB1\x40\x4A\x9B\x7F\x49\xAC\x88\x3C\x76\x36\x39\x5B\x32\x38\x2A\x4A\x0E\xEA\xD9"
"\xDC\xE4\xCF\xB2\xA2\xB6\x9D\x7E\xA0\x75\x6D\x60\x6E\xAE\x96\x69\x9D\x87\x5F\xC3\x4A\x5C\x7F\x8A\x5B"
"\x79\x40\x4A\x98\x7B\x2F\xED\xFA\xF1\xFB\xCD\xD8\xC5\xDE\xC1\xC2\xCF\xBE\xE6\xBF\xBB\x82\xB0\x72\x3E"
"\x84\x13\x91\x00\x00\x06\xE6\x49\x44\x41\x54\x48\xC7\x3C\xD1\x5B\x4B\x1B\x41\x14\x07\xF0\x2D\x33\x30"
"\x2C\xE3\x5E\xD8\xCD\xDE\xC8\x36\xCB\x6E\xB2\x9B\xCD\x62\x62\xD2\x86\xE6\x02\x89\x81\x5C\x1F\x02\x9A"
"\x26\x79\x31\x89\x25\xD1\x17\x4B\x93\x58\xD4\x7A\x41\xAD\xC5\x2A\x62\xF1\xAD\x2D\xDA\xE2\x05\x05\x7D"
"\x2A\x94\x42\xA1\x1F\xAF\x13\x29\xFD\x3F\xFF\xE6\x9C\x33\xE7\x50\x3A\x0C\x86\x42\x21\xA8\x2B\xBA\x69"
"\x06\x77\x15\x08\xF5\x62\xB1\xA8\x30\x38\x14\xDA\xDD\x0D\x61\x95\x61\x60\x88\x24\x18\x5C\x50\xA1\x19"
"\x0C\xFE\xE3\x44\x19\x66\x30\x66\x42\x80\x41\x51\xD7\x99\x42\xC1\x07\x82\x26\x00\x0C\xE1\x26\xC6\xD8"
"\x0C\x3A\x0E\x0E\x12\xAE\xAA\x30\x44\xAA\xA8\x8C\xAE\x60\xAC\x3A\x8E\x0F\xE6\x11\x4F\xC2\xCE\x38\x3E"
"\x1D\x32\x05\x06\x93\x72\xD8\x34\x17\x16\xA0\x69\xC2\x09\x87\x50\x25\x1C\x62\xB0\xA0\x16\x1C\xE6\xB9"
"\x28\xF2\x61\x3E\x6C\xC9\x62\xF4\x99\x61\x30\x0C\xA9\xA3\x28\x26\x26\xD5\x4D\xF8\x8F\x63\xD2\x13\x40"
"\x32\x09\x93\x8B\x73\x15\x91\xA6\xFD\x7E\x96\x8D\x88\x32\x9A\x7E\x5E\x28\x18\x8A\xAE\x9B\x98\x38\x1D"
"\x63\x0A\x4E\xA2\x33\x0C\x06\x18\x02\xC3\xD0\xFD\x62\x44\xA2\x49\x10\xE2\x22\xC8\x2F\x49\x95\x48\x7E"
"\x55\x31\x00\x50\x49\x1B\x0C\xA9\x20\xC4\x90\xB4\xD3\x01\x04\x31\xC5\xD0\x59\x17\xD1\x92\x24\x21\xF2"
"\x8A\xE3\x10\x8A\x44\x22\xBC\x8B\xD0\x74\x7C\xC6\x29\x18\x10\x2E\x3C\x72\xA5\xA8\x60\xD5\xA7\x04\x13"
"\x46\xBE\xC2\x92\xBA\x82\x84\x38\x51\xF4\x73\x34\xC7\xF1\x62\x24\x4C\xBB\xB2\x6D\xDB\xE4\x27\x8C\x3A"
"\xE1\x8C\x42\xF6\xAC\xC2\x58\xCC\x98\x11\xC9\x1F\xC3\x34\xA2\xB9\x30\x8B\x10\xED\xD2\x96\x28\x69\x96"
"\x45\xBB\x15\x51\x94\xED\x00\x54\xC9\xEC\x0C\xE1\xD8\x51\x81\x99\x60\x34\x4D\x0A\x74\x4A\x1E\x91\xBC"
"\xED\x95\xCB\x01\x5A\x13\x5E\x69\x6C\x98\x73\x23\xA4\x99\x6D\xC7\x1F\x39\x89\xE3\x00\x60\x40\x4D\x2B"
"\xFF\xEE\xAF\x9F\x5C\xAC\x09\x9A\x50\x5D\x3B\x3D\x1D\xF4\x16\xF7\xE7\x7A\xB2\x65\x59\x11\x91\xF7\xCB"
"\x59\x41\xA5\xF0\x64\x8B\x80\x70\x26\x27\x68\xB5\xEE\x70\xF3\xAC\x79\xB6\xF1\x2A\x53\xAD\xAD\x37\x5A"
"\xB7\xDD\xF5\xFB\x87\x25\x21\x3C\xE1\x7E\xD9\x95\x05\x87\x9A\x9C\x18\x90\xE4\x72\x71\x31\xB3\x76\xDD"
"\xD8\x39\xA9\xB7\x7F\xED\x0B\xE9\xEE\xC9\x4A\x6B\xEB\x6B\x7D\x65\x67\x23\x65\x85\xC3\x64\x16\x8B\x96"
"\x05\xDF\x84\x83\x49\x0C\x3D\xCB\x0A\x73\x2B\xAD\xFA\xC1\xC1\xE6\x72\x69\xBA\xD3\x6F\x8C\x5B\xED\xC6"
"\xCF\x71\x7B\x58\x42\xB4\x9C\x95\x5C\x97\xCB\x4A\x3E\x4A\x51\x00\x88\xC5\x08\x47\x64\x81\x4B\xC3\xF1"
"\xE8\xEE\xA0\xDF\x13\xD2\xE5\xEB\x95\xED\x95\x71\x7D\x7B\xD4\xDA\x2A\x23\x9A\xD6\x6C\xD7\xB5\xB2\x51"
"\xE7\x3F\x0F\xA0\x80\x94\x5A\x5C\xBF\x1E\x8F\xCE\x36\x6A\xD5\x5A\xB7\x3E\xDA\xBA\x6A\x6E\x37\x1A\xE3"
"\xF6\xBE\x20\x23\x49\x76\x2D\x4B\x9C\x71\xA8\xC9\x28\x3E\x90\x9B\x46\xD3\x9E\xD7\x5B\xEC\x7F\x3D\x68"
"\xD4\xCF\x6E\xDF\x5F\x5E\xFD\xDC\xBE\xE9\x9E\x6E\xAE\x9F\x36\x77\x96\x3D\x9B\xDC\x97\xB3\xF8\x4A\x0E"
"\x52\x80\x04\x1B\xAB\x59\x57\x0E\x78\x6F\x6F\xEE\xAF\x1E\x7F\xF7\x67\x58\x1F\xB5\xCF\x4B\xCB\x17\xDD"
"\x9B\xE6\xF6\x46\x2D\x63\xDB\x88\xE7\x2B\x51\xC3\xA4\x00\x04\x60\xEA\xC5\x0C\xE2\x78\xAE\x33\xB8\x6F"
"\x8E\xEE\xEE\x5A\x5B\xDF\x97\x87\xC3\xF6\x6D\x39\x5D\xAD\x2E\x5E\x36\xDB\xBF\xD6\x3C\x0D\xF9\x79\x3E"
"\xBB\xAA\x14\x29\x80\xC9\x30\xB9\x55\x7F\x98\xE7\xB5\x72\x7F\xB3\xD5\xDC\x3C\xB9\xFC\xFE\x79\xAE\x7F"
"\xB1\x5C\xFA\x16\xD7\xAA\x83\xAD\x9D\x87\x9E\xA7\xC9\x88\xAF\x88\x06\xE1\x31\x30\x05\xF0\x8B\xA7\x59"
"\xD7\xE2\xC8\x99\xE6\x06\x83\xB9\xF2\xD1\xC3\x61\x2A\xD5\x49\xED\x25\x8F\x6A\x99\xBD\xF3\xC1\xFC\x9E"
"\x26\x21\xD9\x9F\x8D\xE7\x62\x0A\xA5\x24\x80\xEF\x09\xA3\xD2\x88\x75\xC5\xA8\x44\xFA\xCF\x7C\x38\x7E"
"\xD7\x4B\x4F\xB3\xF9\x0F\x2F\x8F\xD6\x02\x81\x74\x3A\xA3\x45\x23\x22\x59\xBD\x1E\x4B\x28\x54\x62\x0A"
"\xFB\xD4\xA8\xC8\xB1\x88\xCD\x93\xBB\xA5\xD3\xDF\x3E\x7E\x3A\x9C\x4F\xA5\x52\x4B\x3F\x5E\x2E\x1D\xA6"
"\xBC\x8C\x26\x71\x15\xCE\x8F\x6C\x29\x17\xF3\x01\x2A\x11\x9B\x7A\xA1\x49\x34\x4B\x42\xD3\x2C\x17\x9D"
"\x3F\x9A\x3D\x4E\xBE\x39\x9F\xEF\xFC\xF8\xF4\x25\x99\xF4\x3A\x82\x24\x20\x44\xFB\x65\xFB\xF9\x94\x0F"
"\x10\xFE\xF4\x99\x26\x08\x28\x10\x08\xB0\x6C\x98\xE5\xF2\x5F\x92\x6F\x5E\x1D\xBE\x7C\xFD\x7A\x7E\x76"
"\xF6\xE3\xF1\x6C\xB2\xE4\x79\x1E\x8D\x10\xE1\x85\x29\x1F\xA9\xFE\xB7\xAD\xF2\xF9\x4D\x22\x08\xC3\xF0"
"\x37\x2D\x5D\x77\xB7\x53\x2A\x2B\x4B\xC2\xD6\x59\x37\x46\x53\x6B\x17\xA1\xBB\x40\x8B\x60\x2B\xE8\x41"
"\x20\x45\xD3\x03\x05\x0F\x4A\xA2\x50\x22\x3D\x58\x0E\xBD\x54\x6D\x6C\x8C\x4D\x63\x53\xB5\x35\x69\xA2"
"\xBD\x34\x69\x13\x7F\x45\x63\x34\x1A\xFF\x3B\xDF\x05\x3C\xD4\xFA\x2C\x3B\x03\xE4\x99\x37\xDF\x7C\x30"
"\xD9\x6B\x62\x28\xA2\x6B\x8A\x69\x9B\xCA\x28\xFC\x8E\xFE\x74\xE6\xC1\x83\x7B\xF1\x99\xE7\xCF\x3C\xDD"
"\xF4\x0E\xEE\x48\xF8\x72\x10\xF4\xD3\x19\xF7\x14\xCE\x97\xDF\x8F\xDA\xFD\xC3\xC3\xD3\xE6\xE3\xF8\x9C"
"\xED\xE9\x4F\x16\x17\xE3\x33\x2F\xE2\x93\x38\x80\xC3\xA3\xC3\x48\xE7\x3C\xC8\x83\x94\xD4\xB1\xCD\x31"
"\x7C\x07\x1B\xE5\xDB\x17\x97\xE7\xE2\xCF\x5E\xDC\xBB\x7F\xE7\xE6\xCD\x5B\x73\x33\xAE\x8E\xDF\xEF\xE4"
"\xE8\x98\xA7\x27\x3D\xFD\xEA\x79\xBF\x8E\x2E\x2A\xD3\xA7\xC6\x22\xFE\xA8\x62\x4E\x4E\x2E\x2F\xCF\xDD"
"\x5A\xFA\xF8\x75\xF5\xCE\xDB\xC5\x65\x5B\xB9\x30\x72\x12\x8C\x84\x74\xC6\xFB\xBD\xF4\xB0\x76\xC2\xB6"
"\x3B\x5D\x51\x62\xC2\xD6\x2E\x5E\xFF\xB0\xB4\xB4\xD3\x6E\x1F\xBC\x5B\xBD\x7B\xE3\x2E\x8E\xF7\x09\xD8"
"\x67\x43\x21\x9B\xA1\x98\x09\x12\xAE\x89\xBA\xD1\x2B\x65\x3A\x12\x51\xCF\x98\xB6\xB6\xBD\xB3\xD3\x5E"
"\x5B\xDB\xDF\x5F\x5B\x7D\x93\xD2\x43\x4A\x4F\x8F\x31\xCE\x27\x26\x88\x3B\xBA\xAE\x3C\x14\xC2\xD5\x22"
"\x9A\x76\x45\xF8\xCC\x54\xE5\xCD\x6E\xFD\xE5\xCB\xC3\xC3\x8D\x2F\x8F\x28\xE8\x33\x95\x11\x10\x0A\x45"
"\x05\x67\x9E\xDE\xAF\x6B\xDA\x90\x10\x49\xD3\x75\x53\x83\x0C\x7F\xE8\xC0\xD2\x1A\xF4\xEF\x87\x1B\x1F"
"\xB7\x05\x33\xE4\x88\x1E\x09\x87\xB5\xF3\xC9\x24\x07\xC4\x79\x6A\x6A\xCA\x21\xC6\x9C\xA9\x58\xCC\x09"
"\x50\xA5\x42\xDB\xBB\x1B\xF5\x7A\x7D\xE3\x4B\xBB\x22\x8C\x60\x32\xE9\x86\x5D\x2D\xEC\x08\x21\xB8\x80"
"\x2E\xA2\xAE\xEB\x23\x26\x58\x34\x16\x75\x48\x10\xD1\xFC\x6E\xFD\xE0\xE0\xFB\xFE\xD7\xF6\x3C\x11\x23"
"\x4A\x0E\x3A\xCE\x20\x63\x30\xBC\x74\xC6\x63\x31\x8E\x4F\x01\x1E\x8D\xF6\x33\x62\xB9\xDA\xB7\x6F\x9B"
"\xAF\xC1\xE6\xE6\x5E\x35\x28\x33\x26\xE3\x0E\xB0\x2E\x84\xB7\x3E\x5F\x67\xB6\x82\x3E\x64\x65\xF2\x9F"
"\xDF\xBF\x7A\xB5\xB5\xF5\x1E\x63\xA3\x99\x33\x0C\xC6\x0C\xC2\xE0\xC1\xA1\x11\x1C\x16\x20\x99\x05\x64"
"\x0A\x58\xD0\xD7\x7F\x2F\x14\x13\xC5\x44\x22\xBB\xDE\x68\xE5\x2A\xAA\x67\x1B\x32\x33\xBC\x85\x50\x65"
"\xC3\xB2\x0C\x99\x54\x99\x24\x4B\x96\x28\xF7\xE9\xF3\x42\x76\x7C\x7C\x1C\x0B\x0A\xAD\xD6\x4A\x85\x54"
"\x32\x54\x82\x40\x64\xE0\x52\x81\x2C\x61\x90\x24\xDC\x96\x3A\xF0\x6B\xBD\xAB\x27\xA0\xEF\xAD\x94\x65"
"\x15\x41\x32\xEC\x2E\xD2\xBF\xAC\xE4\x1B\xD9\xF1\x6C\x47\x6F\xFE\x28\x7F\x28\xAB\x72\x87\x40\x87\x63"
"\xFA\x40\xAE\xD6\x28\xA4\xD3\xE9\x59\xD0\x2C\x95\xCB\xE5\x8E\x4A\x1D\x30\x0F\xFC\x43\xAE\x54\xF3\x8A"
"\x29\x62\x09\xF4\x0C\xB2\xBB\x6E\x2F\xBD\xAF\xC7\x51\x3D\x91\x4D\x17\xD3\xE9\x66\xA9\xDA\x6D\x88\x71"
"\x54\x87\xDC\x87\x0B\x93\x34\xB0\x52\x6B\x2C\x24\x10\x5F\x4C\xCF\xB6\xAA\xE7\x26\x2E\x05\x39\xE7\xE8"
"\x60\x8F\xBF\xE1\xDD\x7C\x49\xEA\xCB\xE5\xD7\xBD\xCE\x20\xBC\xB5\x79\xDB\x89\xE1\xE1\xCC\x19\x38\xAA"
"\x03\xF8\x08\xB7\xD4\x52\xA3\x59\x28\x14\x66\x67\xB7\xB6\xF6\x52\x51\xE7\x34\x6C\x03\xC5\xC8\x1E\xC7"
"\x74\xB4\xA6\x5A\xFA\x59\xCB\xE7\x3F\xE5\xF3\xD5\x2A\x1F\x12\x5E\xE1\x90\xB1\x65\x15\x1C\xDD\xAA\x04"
"\xD4\x4C\x26\x33\x0F\x32\x00\x99\x3D\x20\xFF\x5F\xB7\x2C\x15\x2F\xD0\x95\xAC\x1E\x5D\xFD\x0F\x31\x2F"
"\x81\x20\x97\x4C\x0E\x35\x00\x00\x00\x00\x49\x45\x4E\x44\xAE\x42\x60\x82"
}
};

static const binfile_t logo_sms = {"logo_sms.png", 1166, {
"\x89\x50\x4E\x47\x0D\x0A\x1A\x0A\x00\x00\x00\x0D\x49\x48\x44\x52\x00\x00\x00\x2E\x00\x00\x00\x32\x08"
"\x03\x00\x00\x00\x14\x73\x19\xE5\x00\x00\x00\x01\x73\x52\x47\x42\x00\xAE\xCE\x1C\xE9\x00\x00\x00\x04"
"\x67\x41\x4D\x41\x00\x00\xB1\x8F\x0B\xFC\x61\x05\x00\x00\x00\xDB\x50\x4C\x54\x45\xC8\xCB\xCD\xD1\xD0"
"\xD0\xC7\xCA\xCD\xC4\xC2\xBF\xE8\xE9\xEA\xF8\xF8\xF0\xF7\xF8\xF8\xF2\xF0\xEF\xD0\xD0\xD1\xF8\xFC\xF8"
"\xF1\xF0\xEF\xCF\xCF\xD0\xD0\xCD\xCF\xF8\xD8\xD7\xF8\xF8\xF8\xEE\x64\x63\xEB\x4F\x4D\xD2\x23\x23\xF7"
"\x76\x75\xF8\xB5\xB3\xF8\xC5\xC5\xDD\x9E\x9F\xF6\x81\x7F\xE0\xB4\xB4\xF6\xA1\xA0\xF7\x8B\x8A\xB8\x19"
"\x18\xF7\x97\x95\xD0\x57\x55\xD2\x77\x78\xB5\x36\x37\xE0\xE1\xE0\xE8\xE5\xE0\x5F\x5F\x60\x20\x22\x20"
"\x1F\x22\x28\x1A\x19\x19\xE0\xE3\xE8\x88\x88\x8B\x05\x06\x08\x83\x7C\x78\x80\x80\x80\x10\x11\x13\x28"
"\x28\x28\x25\x2A\x31\x65\x62\x63\x78\x7C\x80\x3A\x3A\x3B\x32\x30\x32\x40\x27\x26\x37\x1F\x23\x28\x21"
"\x20\x61\x1D\x1F\x73\x1F\x21\x99\x19\x18\x8B\x13\x14\xEC\x10\x10\x7C\x46\x48\xB2\xB2\xB2\xE9\xE9\xEA"
"\xB8\xD3\xEF\x74\xA7\xE6\x67\xA8\xF3\x8B\xC4\xF7\xE0\xE2\xE0\xCA\xD4\xDD\x69\xB2\xF8\x26\x77\xD7\x37"
"\x8F\xF5\x12\x79\xF6\xBB\xBA\xBB\x9D\x9E\xA0\xA5\xA3\xA7\x35\xE7\x0E\xFE\x00\x00\x00\x09\x70\x48\x59"
"\x73\x00\x00\x0E\xC4\x00\x00\x0E\xC4\x01\x95\x2B\x0E\x1B\x00\x00\x03\x3C\x49\x44\x41\x54\x48\x4B\x8D"
"\x95\x0F\x7B\xAA\x36\x1C\x85\xED\x56\xE1\xBA\x96\x81\x41\x53\x22\xFE\xA9\x42\x4B\x07\x78\x2B\x14\xAE"
"\xAB\x13\x99\x8A\xB8\xEF\xFF\x89\x76\x12\x91\xA2\x62\x1F\xCF\x31\x18\xC2\xE1\xF5\x47\x08\xD2\xE0\xBA"
"\xBB\xD1\xBF\xFD\x8E\xEC\x7D\x53\xBA\xCD\xF2\x0F\xC4\xEF\x5B\x37\xEB\x8F\x87\xC6\xA3\xAC\x28\x2D\x09"
"\xED\x54\xCD\x8B\x11\xE8\x4F\x1E\x57\x35\x59\x69\x93\x96\xD4\xC2\x47\xEF\x88\x6F\x49\xEE\x52\xF2\x24"
"\xA3\x23\x29\x5D\xBE\xC5\x28\xC6\x5B\x0F\x8D\x86\x44\xDA\x06\xEB\x51\x83\x1A\x3A\xA5\x2A\xE9\x98\x86"
"\xAE\xD2\x4E\xBF\xD3\xE9\x9B\xFA\x80\x50\xAA\x75\x0C\xA6\x33\x6A\xB2\xAE\x02\xFA\x9D\x44\x34\xC8\x34"
"\x4D\x4D\x65\x88\xAB\x54\x55\x55\xA6\x74\x35\x42\x88\x39\x54\x19\xD1\xA8\xCA\xD4\xBE\xA1\x52\xC6\x04"
"\x9D\x32\x0D\x7D\xAA\xF5\x75\x0D\x67\x68\xAA\x69\x0E\x14\xA9\xA9\xF7\x35\x55\x35\x89\xC6\x10\x36\x8D"
"\xBE\x8E\x61\x2A\xE8\x94\x29\x0A\x01\xB1\x8F\x51\x1C\x35\x95\xEE\x40\x51\x06\x0A\x0A\xE9\xEB\xFA\x00"
"\xE7\x50\xE5\x09\x71\x66\x52\xD0\x1F\x65\xCA\x5A\x4D\xC2\x0C\x95\x31\x42\x75\xA6\x9B\x94\x0E\x3A\xF2"
"\x13\x20\xDD\xAE\x42\x48\x87\x19\x06\x65\x03\x83\xE0\xB0\xA0\xE3\xBA\x71\xF1\xFC\xDA\x8F\x5B\x3E\x22"
"\x3F\xA9\x44\x16\x23\x5F\xE2\xF4\xE6\x61\x4E\xCF\x25\xF1\xFB\x71\x26\x41\x2F\xFA\xB7\xA8\xA4\xCB\xA3"
"\x6F\x25\x8B\x50\x49\x7F\x1E\x4F\xAC\x6F\x6C\x8F\x5F\x44\xFE\x48\x7F\x75\xEC\x89\x65\x5F\x11\x8E\x38"
"\x6F\x9C\x5A\xD2\xFF\x72\x5C\xCB\xAB\xF2\xAA\xF6\x27\xAE\x33\x15\x0B\xF7\x48\xFF\xE9\xB8\x3C\xFF\xE5"
"\xAF\x34\xFA\xAE\xEB\x88\x6A\xAA\x74\x9E\xF7\x8F\xB2\x4A\x71\x36\xE2\xD3\x67\x1E\xAB\xD2\x5D\xFB\xBD"
"\x4E\x33\x9B\xC7\x6B\xE8\x95\xF8\xCC\x2F\x7D\x88\xD7\xD1\x67\x45\x18\x71\x6F\x52\xD4\x5E\xC4\xBF\xA7"
"\xBF\x23\x79\xD0\x35\xBA\x7D\x42\x0F\xC2\x30\xFC\x40\x0B\x83\xAB\x74\xCC\x88\x27\xEC\xFB\x51\xFC\xAB"
"\x50\x14\x79\xF5\x74\xBB\x32\xEF\x1F\x01\xF8\x68\xB3\xC0\x0B\x7D\xE0\x6B\xE8\x07\xF2\xC1\x51\x14\xC7"
"\xF3\xF9\x3C\x9E\xC7\x41\xE8\xF9\xB5\x74\xBF\x42\x8F\x87\xED\xF6\xDF\x42\x71\x64\xA1\xFA\x4B\x7A\x59"
"\x39\xF7\xBC\x37\xFC\x6C\xB7\x7B\xC3\x76\x2F\x8E\xB0\x7F\x49\xAF\x56\x6E\x79\xF3\xDE\xE7\xE7\x50\x08"
"\x74\xCF\xB7\x2F\xE8\x5F\x64\x6E\xD0\xA1\x36\x24\xE8\xFE\x05\xBD\x5A\x39\xE8\xBF\x7A\x85\x38\xDD\xF2"
"\xCE\xE9\x28\xBD\xB2\x4E\x30\x33\x51\x2C\x5A\x1C\x04\x7C\xDF\x3D\xA5\xBF\xD9\xF1\x89\x78\x10\x73\x59"
"\xCA\x9E\x9E\xD0\xDF\x9C\x30\x8C\x82\xD0\xFE\xB0\x6D\xDC\x7A\xBE\x02\xD0\xF8\x17\x36\xDC\xEE\xF8\x7C"
"\x66\x82\x28\xB2\x70\xBB\xC5\x53\x82\x6A\x7D\x0F\xB3\xCD\x35\x99\xD5\xD4\xEE\x58\xD6\xAC\x78\x86\x3C"
"\x7F\x26\x1A\x9E\x50\x2E\x9B\xCF\xCC\x59\xED\x3F\x5D\xEF\xE3\x9D\xA7\x60\xDC\x14\xDB\xE2\xCD\xF6\xB0"
"\x37\x99\xF0\x31\xF7\x94\xBE\xB0\xF9\x0A\x2E\xE4\x60\x01\x1D\x1A\xB6\xBC\xE3\x3A\xEE\xEB\x09\xBD\xB5"
"\x98\x8E\xA1\xE9\x15\x8F\x5F\x1F\xF9\xFF\x58\x49\xC7\xBF\xDE\xCB\xFD\x37\x7E\x3E\xBC\x1F\xF1\xF6\x90"
"\xAF\xAA\x79\x66\xF9\x1F\xC4\x47\xA3\x97\x7A\x2F\x93\x55\x21\xDE\x49\x56\x49\xFA\xAF\x88\x3F\x0B\x8F"
"\xD6\xC7\x5E\xE1\xCD\x36\x5B\xED\xB2\xD5\x2A\xCB\x56\xD9\x6E\xB7\x42\x9F\xBF\xB5\x8F\xF4\x45\xBE\xCE"
"\xD7\x8D\xFC\x2E\x6F\x14\xF4\xCD\x36\x59\x6E\xD3\xCD\x66\x99\xA6\x49\xB6\x49\x71\xCA\x8F\x0A\x3D\xCF"
"\x17\xFB\x7C\xC1\x55\xD2\x93\x74\x97\x25\x08\x6F\x36\x09\xCE\xD9\x6C\xAB\xF4\xBC\xB1\xCE\x47\x8D\xFD"
"\x63\x85\x9E\x2E\xB3\x5D\x92\xA2\x18\xFC\x86\x88\x57\xE8\xC2\xD8\x2D\xFB\xE9\x36\x13\xDA\x15\x6D\x2B"
"\x6A\x47\xBE\x5E\x2F\xEB\xF5\xF2\xC4\x6B\x1E\xDF\xEF\x45\xC1\x37\x68\xFF\xDF\xC3\xFF\x62\x36\x04\x33"
"\x49\x4C\x11\xC8\x00\x00\x00\x00\x49\x45\x4E\x44\xAE\x42\x60\x82"
}
};

static const binfile_t logo_snes = {"logo_snes.png", 1269, {
"\x89\x50\x4E\x47\x0D\x0A\x1A\x0A\x00\x00\x00\x0D\x49\x48\x44\x52\x00\x00\x00\x2E\x00\x00\x00\x32\x08"
"\x03\x00\x00\x00\x14\x73\x19\xE5\x00\x00\x00\x04\x67\x41\x4D\x41\x00\x00\xB1\x8F\x0B\xFC\x61\x05\x00"
"\x00\x00\x01\x73\x52\x47\x42\x00\xAE\xCE\x1C\xE9\x00\x00\x00\xF3\x50\x4C\x54\x45\xC8\xC8\xC8\xD2\xCC"
"\xC9\x98\x98\x98\x83\x83\x83\xFC\xFC\xFC\x92\x94\x94\xE2\xE1\xE1\xC7\xC7\xC7\xFF\xFF\xFF\xCA\xCA\xCA"
"\x58\x59\x59\xCF\xD0\xD0\x50\x4F\x4E\xAD\xAA\xA8\xC2\xBE\xBB\xF5\xF5\xF5\xA4\xA0\x9F\xC9\xC9\xC9\xB5"
"\xB1\xAE\x27\x28\x28\x9D\x9B\x9A\xC9\xC4\xC2\x93\x91\x90\x8A\x88\x87\xEA\xE9\xE9\xF9\xF8\xF8\xD5\xCF"
"\xCD\x68\x68\x68\xFF\x77\x7F\xE5\xE5\xE4\xFF\xFB\xF4\xDA\xD3\xD0\xBD\xB9\xB7\x70\x71\x71\xFF\x63\x6B"
"\x4B\x49\x48\x7E\x7D\x7C\xD0\xD9\xE3\xFF\x6E\x76\xD5\xD6\xD6\x90\x8F\x8C\x09\x76\xFC\x65\xA3\xEE\xF0"
"\xF3\xF4\x76\x76\x76\x3F\x3B\x39\x2D\x8B\xFD\x61\x61\x61\x39\x37\x36\xFF\xE9\xEA\xFF\x4F\x58\xFF\x99"
"\x9E\xFF\x36\x40\x50\x9E\xFD\xFF\xBC\xC0\xFF\x8E\x94\xFF\xD5\xD7\xA7\xA5\xA4\xDB\xDA\xDA\xFF\xA7\xAC"
"\x71\xB2\xFF\xFE\x0C\x13\xFF\x87\x8A\x12\x11\x11\x00\x62\xFD\x9C\xC6\xF9\xD5\xC6\xC6\xFA\xEF\xDA\xC1"
"\xDA\xFF\xB2\x88\x76\xDC\xE5\xFF\xD6\xB8\xB9\xFE\xFD\xA7\x8B\xE8\x85\x1A\x1D\xFF\x86\x84\xFB\x49\xDC"
"\x3F\xF8\xFF\x0E\x60\xA8\x92\xEA\x81\xA8\xFF\xD7\xBA\x58\x76\x5A\x4E\x00\x00\x00\x51\x74\x52\x4E\x53"
"\xA8\xFF\xFF\xFF\xFF\xFF\xFF\xBC\xFF\xFF\xFF\xFF\xFF\xFF\xFF\xFF\xFF\xFF\xFF\xFF\xFF\xFF\xFF\xFF\xFF"
"\xFF\xFF\xFF\xFF\xFF\xFF\xFF\xFF\xFF\xFF\xFF\xFF\xFF\xFF\xFF\xFF\xFF\xFF\xFF\xFF\xFF\xFF\xFF\xFF\xFF"
"\xFF\xFF\xFF\xFF\xFF\xFF\xFF\xFF\xFF\xFF\xFF\xFF\xFF\xFF\xFF\xFF\xFF\xFF\xFF\xFF\xFF\xFF\xFF\xFF\xFF"
"\xFF\xFF\xFF\xFF\xFF\xA8\x53\x43\xF3\x6C\x00\x00\x03\x43\x49\x44\x41\x54\x48\xC7\x7D\x96\x89\x76\xA2"
"\x30\x14\x40\x45\x1B\x07\xC1\x50\xC4\x05\x8A\x51\x28\x5A\x84\xD1\x52\x59\x44\xDC\x47\xAB\x76\x9D\x99"
"\xFF\xFF\x9B\x79\xA1\xF6\x8C\xA0\x70\x21\xBC\xF0\xB8\x27\xE7\x25\x18\x8E\x85\x1F\x7C\x02\x55\x4D\xDE"
"\xF3\x83\xF3\x9B\x1F\x05\x7E\xC8\x9E\x73\x73\x13\x07\xB7\x0B\xB8\xF4\x74\xCF\x1E\x0E\xF9\x42\xE5\xE6"
"\xDC\xDE\xBF\xBF\x1F\x21\x2C\x02\xB2\x36\x89\x67\x9A\xBE\x1F\xF8\x67\x63\x55\x52\xFA\xF1\xE3\xFD\x63"
"\x1D\xB2\x84\xF8\xA6\x41\xE9\x9A\x5E\xB6\x3E\x7C\xFB\x7C\xFB\xF8\xBB\x5A\xB9\x11\x89\x0C\xC3\x0C\xD6"
"\x41\x18\x78\x6E\xA6\xAE\x7C\x7E\xBE\xBD\xBE\xAE\x57\xD1\xC2\x9C\xC2\xE8\x51\x48\x22\xCF\x74\x73\x8A"
"\x61\x9F\x7F\xFF\x7E\x75\xA3\x80\x4C\x03\xDF\x64\x17\xC4\x37\x48\x37\x47\x77\xBB\xCF\xCF\x2E\xEB\x2E"
"\xC2\x68\xE1\x46\x2E\x5C\xC2\x88\xCD\xD1\x09\x59\x13\x63\x6D\x10\xC3\x08\x0D\xA8\xC7\xF3\x03\x33\x4F"
"\xF7\x56\xB0\x7E\x2B\x63\x3A\x35\xD9\x20\x30\x09\x31\x08\xC9\xD1\xBB\xC1\x0A\x46\x5E\x99\x6B\xDF\x0B"
"\x83\x95\x09\x3E\xF1\x73\xF4\xC8\xF3\x0C\xD3\x0C\xA6\x64\xBD\x08\x4D\x0F\x16\x87\x18\x61\x8E\x1E\xFA"
"\x0B\x18\xCF\x0F\xA7\x40\x38\x25\xDE\xC2\x33\xD8\xAB\xFA\xDD\x80\xA2\x32\xCC\x6E\xC7\x30\x10\x5E\x76"
"\x2A\xB3\x7B\x79\x78\x61\xE2\xFC\xE0\x2E\xA9\x2B\xE3\x4D\x3D\x87\xCD\x58\x49\xE8\xA3\x8D\xA4\xA9\x82"
"\xA4\x0B\x17\xE8\x92\xA0\x6A\xD2\xA6\x9D\xD0\xEF\xAB\xAA\x26\x5A\xAD\x2B\x20\x64\x89\x9A\xC6\xF5\x6E"
"\x13\x7A\x8F\x69\xCA\xC5\x2B\x58\x7F\x0E\x07\xB9\xC9\x54\xAB\x17\x7A\x09\x21\x74\xA1\xA3\xC3\xC1\x2A"
"\x65\xE9\xA5\xF6\x05\x34\x9B\xA1\x17\xDB\x5C\x95\x7B\xA2\xF4\x7A\x71\x80\xDB\x76\x31\x53\x47\xF2\x53"
"\x95\x8B\xA9\x9E\x22\xF7\x24\x67\x8F\x0E\xA5\x97\xFA\x49\xA0\xFA\x6C\x1D\xA1\x46\x0A\x9A\xCB\xD1\x5B"
"\x28\x41\x2B\x4F\x2F\x62\x8C\x8B\xC8\x2A\x9D\xB0\x68\x62\x96\x3D\x55\xDC\xE6\xDA\x18\x95\x50\x83\xAE"
"\x78\x03\x3A\xB8\xDF\xEE\xE3\x6C\x9D\xEB\x71\x54\xA7\x53\xA0\x45\x20\x7C\xCF\xDD\xE7\xE8\xA3\xFB\x11"
"\x46\x7D\xA8\x4A\x84\x1A\xE4\xFE\x29\x91\xA5\x8B\x14\x24\x8F\x4E\xC8\xA7\xC4\x55\x9D\x91\x4B\x72\x0B"
"\xB5\x64\x59\xFE\x9E\x2A\xF4\xAC\x96\x05\x69\xE6\x8A\xAE\x09\x22\xBC\xA6\x46\x51\x4C\x30\x6B\x20\x51"
"\xD0\xAE\xE8\xAA\xAA\x35\x75\x2C\xE1\xE6\x5C\x3B\xE3\x65\x27\x68\xAA\x7A\xA1\x57\xA9\xAE\x0B\x92\x24"
"\xE9\xBA\x0E\xFD\x13\xBB\x43\x53\xBF\xA6\xF7\x54\xD8\x68\x54\xA5\x9C\xED\xBD\x1A\x6C\x3E\x41\x50\x53"
"\xFA\xA8\x2E\xC5\x60\x0C\x0D\xAE\x80\x84\xBF\x3A\x71\xBE\xCE\xA5\x74\x0B\x7E\x4F\x2D\x99\xAE\x04\x00"
"\xBB\x36\x8E\x32\x84\x16\x3C\xB0\x52\x7A\xBB\xDE\x82\x65\x68\xCC\x1A\x98\x2E\x5C\x49\x94\x24\x11\x82"
"\x6C\x61\x48\xD1\xA5\xAF\x27\x8B\xD1\x37\xF5\xC7\xC7\xC7\xF1\x18\x1A\x3D\xC6\x71\x9F\x1E\x71\xFF\xB1"
"\xBE\xB1\x94\xC4\x57\x4C\x7F\xE2\xF2\xB0\x06\xC3\xD4\x37\xF2\xF6\x2E\x87\xE1\xF0\xF4\x59\xAA\x29\xC3"
"\x2F\x6E\xD3\xDC\x75\xD3\x28\xB5\x42\xAD\x9C\xC5\xC3\xCF\x14\xDB\x32\xD5\x3B\xF4\xD9\xBC\xA3\x74\xCA"
"\x1D\x05\xE8\x28\xE5\x32\xED\x3F\xFF\xFC\x65\x2F\x6D\x7B\x39\x71\x68\xFB\x05\xA7\xFD\xC0\x50\xBD\x33"
"\x98\x49\x4D\x41\x9A\x37\x9A\x15\xA1\x26\x95\x2B\x22\xAF\xCF\x3B\x65\xD0\x27\xAC\xBD\xDC\x4F\x8E\xDB"
"\xFD\x64\x68\xEF\xB7\x67\xFA\x0C\x8B\x92\x8E\x75\x44\xDF\xA4\x34\xC3\x58\x57\xA8\x6E\x1F\x6D\x7B\xB2"
"\x1C\x3A\xD0\xEC\xE5\x7F\x7D\xCE\x0F\x9A\xB5\x01\x5F\xA9\x34\xE9\x3F\x8C\x8A\x34\x38\x8D\xBE\x3C\x2E"
"\xED\xC9\x76\x42\x9B\xB3\xDF\x3B\x27\xFD\xBB\x66\xE5\x3B\x7C\xCD\x63\x6B\x3B\x8E\x03\xCD\xB6\xE3\xE0"
"\x38\x93\x72\xA5\xC0\xCF\xB3\x56\xA6\xF3\x90\xA2\x3C\xE7\x0B\x05\xBE\x96\x05\x93\x86\x2F\xFC\x03\x46"
"\xD9\xB6\xA3\x8A\xAF\x6C\x86\x00\x00\x00\x00\x49\x45\x4E\x44\xAE\x42\x60\x82"
}
};

static const binfile_t logo_store = {"logo_store.png", 193, {
"\x89\x50\x4E\x47\x0D\x0A\x1A\x0A\x00\x00\x00\x0D\x49\x48\x44\x52\x00\x00\x00\x2E\x00\x00\x00\x32\x08"
"\x06\x00\x00\x00\x23\xAD\xE9\xD7\x00\x00\x00\x01\x73\x52\x47\x42\x00\xAE\xCE\x1C\xE9\x00\x00\x00\x04"
"\x67\x41\x4D\x41\x00\x00\xB1\x8F\x0B\xFC\x61\x05\x00\x00\x00\x09\x70\x48\x59\x73\x00\x00\x12\x74\x00"
"\x00\x12\x74\x01\xDE\x66\x1F\x78\x00\x00\x00\x56\x49\x44\x41\x54\x68\x43\xED\xCE\xC1\x09\x80\x40\x00"
"\x03\xC1\x68\xFF\x3D\xAB\x0F\x6B\x18\x38\xD8\x81\x90\xEF\x5E\xDB\x9E\x6F\xC7\xB9\xFF\x3F\x4E\xE1\x5A"
"\xE1\x5A\xE1\x5A\xE1\x5A\xE1\x5A\xE1\x5A\xE1\x5A\xE1\x5A\xE1\x5A\xE1\x5A\xE1\x5A\xE1\x5A\xE1\x5A\xE1"
"\x5A\xE1\x5A\xE1\x5A\xE1\x5A\xE1\x5A\xE1\x5A\xE1\x5A\xE1\x5A\xE1\x5A\xE1\x5A\xE1\xD6\xF6\x02\x2F\x2D"
"\x01\x63\x02\x6E\x1D\xBF\x00\x00\x00\x00\x49\x45\x4E\x44\xAE\x42\x60\x82"
}
};

static const binfile_t logo_wolf3d = {"logo_wolf3d.png", 1573, {
"\x89\x50\x4E\x47\x0D\x0A\x1A\x0A\x00\x00\x00\x0D\x49\x48\x44\x52\x00\x00\x00\x2E\x00\x00\x00\x32\x08"
"\x03\x00\x00\x00\x14\x73\x19\xE5\x00\x00\x00\x04\x67\x41\x4D\x41\x00\x00\xB1\x8F\x0B\xFC\x61\x05\x00"
"\x00\x00\x01\x73\x52\x47\x42\x00\xAE\xCE\x1C\xE9\x00\x00\x01\x83\x50\x4C\x54\x45\xFF\x00\xFF\xFF\xB2"
"\x81\x69\x47\x24\xFF\xCC\xAD\xFF\xBF\x97\xC6\x7A\x4B\x7B\x4F\x2A\xFF\xC8\xA6\xFF\xC5\xA2\xFF\xC9\xA9"
"\x94\x5D\x34\xFF\xA7\x72\xEB\x9A\x69\xD5\x82\x4E\xFF\xB6\x87\xA6\x66\x3B\xBF\x76\x47\xFF\xAF\x7D\x59"
"\x3E\x1F\x8A\x56\x2E\xF0\x71\x01\xB0\x6C\x41\xFE\x9C\x5E\xFF\xCF\xB2\xAA\x6A\x40\xFF\xB9\x8C\xD5\x63"
"\x00\x74\x4C\x28\xC4\x5C\x01\xFF\xC5\x9C\xD9\x89\x58\x9E\x60\x36\xFF\xBC\x92\xB7\x72\x45\xFF\xD4\xB7"
"\x6D\x4A\x2B\xCE\x85\x56\xAA\x55\x00\xAE\x55\x00\xE0\x69\x00\x82\x52\x2D\xEA\x8F\x58\xD8\x85\x52\xFF"
"\xDF\xCA\xEB\xA1\x72\x4A\x38\x1B\x90\x5A\x33\xFA\xA9\x78\xFF\xAD\x77\xFF\xD8\xBE\xED\x96\x60\x31\x27"
"\x15\xA5\x4F\x00\xFA\xB7\x90\xFF\xC1\x9C\x43\x34\x18\xFF\xA3\x6A\xDF\x8D\x5B\xE5\x8E\x57\x89\x4E\x14"
"\xF6\x9D\x68\xDF\x87\x4E\xFF\xA0\x64\xE9\x6D\x00\x90\x4A\x07\x62\x43\x20\xF6\x97\x5C\xBC\x58\x00\xCC"
"\x5F\x00\x98\x4E\x09\xFC\x77\x00\xFE\xB2\x85\xDF\x95\x66\xFD\x00\xFD\xBA\x79\x50\xAF\x72\x49\xFF\xDB"
"\xC4\x75\x44\x13\xFE\x84\x14\x43\x38\x31\xF9\xBF\x9C\x52\x3B\x1B\xA0\x68\x41\xF7\xA4\x70\xF3\xB0\x87"
"\xB3\x55\x00\x2C\x2C\x29\x99\x53\x16\x97\x74\x5E\x73\x49\x21\xBA\x80\x69\xFF\xE7\xD7\xFF\xEE\xE3\xFF"
"\xAE\x66\xA4\x57\x10\xAE\x7B\x57\xD1\x7F\x4B\x5A\x5B\x5A\xFF\xD0\xA7\x97\x82\x70\xB5\x93\x79\x4C\x37"
"\xA4\xA8\x92\xA8\x12\x13\x57\x12\x12\x81\x3D\x40\x56\xE0\xB8\x93\xD6\xC0\xAB\x4E\x3D\xDE\x00\x00\xBB"
"\xB0\x5C\x14\x7B\x78\xD6\xC0\x69\x1C\xBA\x94\x7B\x55\x5F\xA6\xE1\x7E\x2E\xCE\x92\x71\xC8\x45\x35\xDC"
"\xA4\x81\x8F\x64\x46\x6F\x54\x42\x4A\x18\x16\x00\x00\xFF\xFC\x00\xFC\x8F\xA3\xC1\xCC\x8E\x7C\xAE\x00"
"\x00\xAC\x00\x00\xFF\x47\xAD\x4C\x64\xB2\x9D\x00\x00\x04\x40\x49\x44\x41\x54\x48\xC7\xBD\xD5\x67\x6F"
"\xE2\x48\x00\x06\xE0\xB8\x8E\x0B\xB8\xC6\x2D\xCE\x1A\x0C\x24\x34\xD3\xC1\x01\x42\x09\x24\x04\x16\x92"
"\x85\xF4\x4D\xD9\x84\x6C\x4B\xB6\xEF\x6D\xB9\x6D\x57\xFE\xFA\xCD\x6A\x4F\xA7\x93\xD6\x23\xDD\xA7\x7B"
"\x65\x69\xC6\xD2\xA3\xB1\xAD\x91\xDF\x59\x58\xF8\xAF\xF9\xF6\xED\xEE\xC2\xFF\x9B\xEA\xF2\xD6\xE6\xD2"
"\x52\xB2\xBB\x94\x5C\xFC\x91\xEE\x56\x15\xAD\x07\x2B\x47\xD0\x6F\x2D\xFD\x48\x72\x71\xBB\xDB\x4D\x2E"
"\x0F\x90\x7C\x75\x65\x75\x73\x19\x5E\x3F\xB2\xD4\xDD\x86\xEB\x27\x97\xD7\x11\x7A\xF7\x68\x65\x65\x65"
"\x15\x06\x0E\x47\x9B\x47\x5B\xD0\xDF\xBB\xB7\x9D\xBC\x44\xE8\x0D\xE8\x36\x76\xD7\x61\x56\x07\xEB\x27"
"\x27\x27\xAF\x93\x90\x2F\x76\x5F\xC7\x03\xF9\x06\x5C\xB4\xBA\x9B\x8B\xE3\xF8\xE9\xCA\x7A\x3C\x4E\xD3"
"\xA9\x2D\xC8\x93\xDD\xB7\xA9\x60\x5E\x85\x5A\xC1\xD7\xD6\xF6\x6C\x7B\xB0\xA1\x28\x71\xBA\x9A\xDC\x5E"
"\x5C\xA5\x2F\x97\x11\xBC\x3A\xD8\xB5\xF3\x71\xDC\x4E\xD1\x27\xEB\x4A\xAE\x77\x3A\x48\x2E\x26\x2F\xED"
"\x93\x4D\x04\x1F\xC4\x55\x2A\xDD\x4C\x67\x34\x51\xC5\x95\xCA\x9A\x62\x27\x97\x2E\xF7\xE9\xF5\x8D\x40"
"\xBE\x77\x1A\x51\x13\x85\x5A\xAD\xD0\x2A\xCF\xE7\x94\x96\x87\xD9\x7A\xEF\xCD\x45\xD5\x0E\xE4\x39\x5C"
"\x14\x9D\xA2\x60\xC9\xB2\xEC\x85\x9A\x61\x49\x14\xA5\xCD\xF7\x96\xE7\xAA\x3D\x04\x37\xA9\x79\x5A\xAF"
"\x17\x2D\x82\x20\x0F\x9A\x4D\xCD\xD4\xAB\x6F\x49\x22\x91\x5A\x43\x70\x2D\x14\xAA\x17\xB1\xA8\x0F\x58"
"\x66\xD8\x4A\x53\x92\xDE\x1E\x31\xEC\x88\x43\x71\x57\x28\x1C\x1C\xD6\x18\x96\x05\xAC\x8F\xA5\xC3\xE1"
"\x8E\xE0\x13\xA0\x15\x09\xE6\x15\x9C\xEA\x7F\x3A\x9E\x8A\x1E\xC8\x02\xC0\xCE\x1A\xF3\x84\xC0\x64\xCF"
"\xE5\x32\x82\xAF\xE1\x52\xE2\xF3\xF1\xB1\x9D\x38\x34\x18\x86\x21\xCB\x99\x8C\xF7\xEB\x8B\x17\x51\x04"
"\x37\x73\xF8\xE4\x3A\xDE\x5B\x3B\x8E\x4B\x9D\x68\xD4\x92\x3B\xE5\x4C\x64\x7A\x7C\x7D\x7E\xC0\x55\x82"
"\x78\xB8\xA2\x38\x93\xFB\xCF\x6E\x2A\x95\xCA\x74\x3C\x1E\x4F\xA6\xC7\x95\xE9\xED\xED\xF5\xF5\xE1\x7E"
"\xC5\x0C\xE0\xF3\x3D\xBB\x39\x7F\xFC\xEE\xF6\xE6\xD9\xF4\x8B\xE9\xBA\x91\x2F\xD3\x67\x37\xAF\x9E\x3C"
"\xFA\xEC\x7D\xAA\x64\x82\x5E\x86\x33\x9B\xED\xE7\xEF\x5E\x7D\x7D\x73\xF6\x87\xDB\xCC\x44\xFE\x3C\xFB"
"\xED\xD5\xD7\x97\x2F\xDA\x69\xBA\xD2\x09\xE0\x92\x4B\x35\x43\xCF\x9F\x3E\x79\xF9\xF4\xC3\xC7\x84\xE7"
"\x49\x1F\x7F\x87\xF3\x37\xCF\x43\x65\x4E\x69\x06\x70\xA7\xD3\x6F\x90\x42\xF1\xC1\x83\xA2\x75\x07\x33"
"\x00\x1F\x8B\xC2\xF9\x03\x8C\x2C\xBB\x9C\x1B\xC0\x33\x7A\xA7\x10\x33\x62\xD9\x6C\x0C\x58\x75\x10\x23"
"\x59\xC6\x27\x76\xB2\x3B\x46\xC1\xF3\xC2\x41\xAB\xF7\x75\xAC\x54\xCA\x5E\x5C\x64\x89\x61\x1D\x94\x00"
"\xC3\x10\x3B\x17\x17\xE7\x25\x19\xB3\x1A\x01\x5C\x9F\x3B\x18\x1B\xDB\x29\xB1\xC6\x61\x03\x33\x76\x80"
"\x1E\x25\xD8\x12\xBC\xC5\x5A\x65\x3E\x80\x53\x11\x71\x64\x01\x83\x60\x85\x91\x36\xB9\xBA\xBA\xD2\x42"
"\x16\x20\x0C\x36\x3A\x72\x45\x2A\x80\x73\x74\x3E\x51\xB0\x18\xC0\xF2\x6D\x33\xAF\xAA\xDC\x7E\x43\x06"
"\x80\x21\x0B\x89\x08\x9D\x0F\xDA\xD6\xB8\xC6\x67\xCA\x02\x4B\xCA\x1D\x5D\x6F\x37\xF8\xDA\x50\x60\x89"
"\x68\xCB\xE9\x50\xC1\xC5\xB1\x30\x29\x36\x5B\x51\x20\xC8\x3C\xCF\x87\x3C\xCC\xB7\x30\x12\xF8\x85\x74"
"\x9D\xC2\x11\x5C\xD0\x65\x86\xE1\x65\xCB\x27\x61\x08\x12\xE3\x7D\xC2\xD7\xF9\xC4\x29\xA2\xF5\x84\x3A"
"\xC6\xCC\x12\xE6\xFE\xB8\xD1\x68\x38\xE3\xFD\xFD\xC4\x8C\x20\xEB\xD8\x15\xAA\x52\x05\x7E\xC8\xCC\x28"
"\x4E\xD5\x32\x19\x27\x61\xAA\x2A\x35\x23\x7C\xDE\xBA\x8F\xE2\x96\x4C\xB2\xBE\x0E\xBB\x03\xC4\xB2\x3B"
"\xEC\x41\x5F\x66\xE0\xD6\xDE\x41\xF2\x22\x06\xB7\x1E\x13\x04\x6C\x58\xF3\x19\x52\xC0\xA2\x90\x47\xD1"
"\x3C\x5D\x88\xB2\xC0\x20\x87\x7C\xBF\xDF\xE2\x31\xC6\x30\x00\x20\x65\x34\x77\x9B\x87\x2C\x51\x3A\x3F"
"\x8F\x01\x58\x06\x8C\x91\xBD\x30\x7C\x99\x7F\xF8\x08\xC5\x4D\x6A\x54\xF3\x8D\x6C\xD6\xF0\x6B\x35\x1F"
"\x18\xA5\xAC\x2F\xF0\x75\x34\x8F\x70\x52\xBF\x08\x4B\x83\x11\xCA\x65\x0B\x3E\x81\x29\x76\xFA\xFA\xC3"
"\xC7\x28\xCE\xD9\x9C\xE4\x84\x60\x1A\x14\xD5\xF8\x3E\x3A\xD2\x98\x8C\xFD\xCC\xBF\xFD\xCD\x7B\x29\xD1"
"\x9D\x87\xC3\x73\xC9\x34\xA9\x30\x8C\x24\x4E\x88\xD8\x2F\x48\xAE\xE0\xBD\xDC\xDE\x5E\x2E\x97\xDB\xEB"
"\xD9\xB4\x4D\x73\x6A\xC4\x31\x4A\x3F\xF3\xBB\xFF\x70\x5C\x51\x94\x1E\x8E\xDB\x74\x2A\xA5\xE6\xCD\xB3"
"\x0F\x9E\x77\xE7\x0C\xC5\xF3\x0A\x3C\x67\xE8\x14\xA7\x89\xDF\x63\xBA\x0E\x88\xCD\xA8\xFA\x18\xF5\xA9"
"\xB4\x82\x43\xCC\x69\x19\x4D\xA2\x28\x4A\x9B\x0C\x49\xD8\xC6\xA1\x08\x92\xF7\xE2\xA9\xBC\xA6\x51\x65"
"\x29\x31\x1A\x35\x24\xA9\x00\x9B\x95\x74\x54\x24\xB7\x69\x55\xCC\xB4\x43\x58\xFB\x30\x06\x8A\x0E\xD5"
"\x28\x81\x3A\x2F\xD1\x68\xAE\x46\x22\x66\xFB\x40\x6E\xC3\xBF\xCA\x3A\x28\x87\x67\xD1\x90\xEB\xFE\xEB"
"\x14\xFE\x0B\x3C\x28\xBD\xE7\x32\x28\x67\x9B\x00\x00\x00\x00\x49\x45\x4E\x44\xAE\x42\x60\x82"
}
};

static const binfile_t logo_ws = {"logo_ws.png", 1812, {
"\x89\x50\x4E\x47\x0D\x0A\x1A\x0A\x00\x00\x00\x0D\x49\x48\x44\x52\x00\x00\x00\x2E\x00\x00\x00\x32\x08"
"\x03\x00\x00\x00\x14\x73\x19\xE5\x00\x00\x02\x37\x50\x4C\x54\x45\xFF\xFF\xFF\x78\x88\x86\xFF\x00\x00"
"\x23\x39\xAC\x34\x4D\xCD\x22\x3A\xAE\x18\x28\x7D\x79\x89\x87\x25\x25\x26\x23\x20\x01\x7A\x8A\x89\x20"
"\x37\xAB\x31\x4A\xC7\x30\x48\xC2\x19\x29\x82\x34\x4E\xCF\x22\x37\xA7\x2A\x42\xBB\x1E\x31\x94\xFF\xFC"
"\xFC\xFF\xE8\xE8\x28\x3F\xB6\x25\x3C\xB1\x17\x27\x7B\x1E\x1B\x1C\x23\x20\x0E\x33\x4C\xCB\x2F\x46\xBE"
"\x29\x3C\xA5\x21\x35\xA0\x1D\x2F\x90\x17\x26\x75\x21\x25\x4A\xFF\x1D\x1D\xFF\x13\x13\xFF\xE3\xE3\x93"
"\xAB\xB2\x20\x35\xA4\x3D\x4C\x9E\xFF\x9D\x9D\x1F\x33\x9D\x73\x83\x83\x19\x29\x7F\x69\x78\x76\x61\x6E"
"\x6C\xFF\x43\x43\xFF\x35\x35\x27\x27\x1E\x1D\x1A\x15\xCA\xCD\xD9\xBD\xC1\xD6\x97\xB1\xBA\xFF\xB2\xB2"
"\xFF\xA1\xA1\x27\x38\x97\x3C\x49\x8B\x1B\x2C\x88\x77\x87\x85\x2E\x3C\x84\x71\x80\x7E\x25\x32\x7D\x18"
"\x28\x79\xFF\x6E\x6E\x4F\x59\x58\xFF\x56\x56\x44\x4E\x4D\x3C\x43\x43\x37\x3D\x3C\x22\x21\x1F\x24\x23"
"\x18\xF7\xF7\xF7\xEF\xF0\xF0\xFF\xDE\xDE\xFF\xD3\xD3\xFF\xCB\xCB\xA2\xBE\xC8\xFF\xC0\xC0\x70\x7D\xBC"
"\x2D\x44\xB7\x1F\x32\x99\x51\x5E\x93\x25\x35\x8A\x66\x76\x89\x6E\x7D\x7B\xFF\x7A\x7A\x24\x2E\x70\xFF"
"\x68\x68\xFF\x5B\x5B\x30\x36\x34\x27\x29\x28\xFF\x24\x24\x23\x23\x23\x26\x24\x09\x20\x1C\x01\xFF\xF5"
"\xF5\xF4\xF4\xF4\xDF\xE0\xE5\xCF\xD2\xDF\xDA\xDA\xDC\xC5\xC7\xD6\x2A\x45\xCA\xFF\xB6\xB6\x32\x47\xB5"
"\x7D\x88\xB0\xFF\xAD\xAD\x2C\x41\xAD\x7A\x83\xAC\x63\x72\xA8\x1A\x32\xA8\x34\x46\xA6\x6E\x77\xA3\x28"
"\x3B\xA0\x80\x95\x9C\x2C\x3B\x91\x46\x52\x8C\xFF\x8A\x8A\x24\x32\x85\xFF\x82\x82\x20\x2E\x7A\x64\x72"
"\x70\x19\x25\x6E\xFF\x62\x62\x52\x5D\x5B\x20\x26\x59\xFF\x4F\x4F\xFF\x3D\x3D\x2B\x2E\x29\x27\x28\x25"
"\x1F\x1B\x0F\xFF\x0C\x0C\xFF\xD8\xD8\xB1\xB6\xCC\xA3\xAA\xCA\x9C\x9E\xC5\xFF\xB9\xB9\x5A\x69\xB2\x8C"
"\x92\xB0\x85\x8C\xB0\x6E\x7B\xAC\x0B\x2A\xAA\xFF\xA8\xA8\x7B\x8E\x9F\x4C\x5C\x9F\x10\x28\x9E\x67\x78"
"\x9D\x63\x6E\x9B\x18\x2D\x99\x59\x66\x98\xFF\x91\x91\x7A\x8D\x91\x71\x83\x91\x45\x51\x79\x22\x2B\x62"
"\x21\x26\x53\xFF\x49\x49\x21\x24\x43\x24\x25\x35\xFF\xEF\xEF\xE7\xE8\xEB\xFF\xC6\xC6\x8D\x96\xC5\x93"
"\x9A\xB9\x4E\x60\xB8\x8E\xA3\xB2\x3B\x4D\xAF\x48\x58\xAD\x8A\xA0\xA5\x7F\x94\xA5\x75\x7E\x99\x36\x47"
"\x98\x6A\x7A\x93\x51\x5E\x74\x4A\x54\x6E\x3F\x49\x69\x59\x66\x64\x1D\x25\x63\x56\x62\x60\x20\x20\x2F"
"\xFF\x2E\x2E\xFF\x05\x05\x1E\x3B\xC2\x7D\x88\xBF\x13\x26\x8C\x3E\x48\x7F\x6A\x77\x7C\x31\x3A\x69\x32"
"\x39\x5A\x0F\x0C\x41\x12\x0A\x28\xF2\x54\x01\x31\x00\x00\x04\x98\x49\x44\x41\x54\x48\xC7\xD5\x94\x67"
"\x57\x13\x41\x14\x86\xD7\xD9\xB4\x4D\xB2\xA9\x40\x0A\x31\x40\x48\x42\x12\x08\x84\x22\x20\xBD\x4B\x51"
"\x04\xA4\x23\x2A\xBD\x77\xA4\x57\x41\x10\x90\xDE\x8B\xBD\xF7\xDE\xFD\x71\xDE\xD9\x04\x0C\x60\x3B\x7E"
"\xF0\x1C\x9F\x0F\xB3\x39\x37\xCF\xBB\x73\x67\x66\x77\x89\xBF\x21\x0E\x61\xB6\x8E\xFD\x99\x8D\x76\xF1"
"\xFA\x13\xDB\x6B\xD7\x7E\x83\x50\x0C\x2E\x5C\xBB\x84\x47\xEF\x54\x3C\xA6\xE2\xDF\x69\x69\x07\x6E\xEE"
"\x93\x96\x16\x52\x80\xFC\x57\x0A\x06\xA0\xE0\x33\x8A\xCB\x56\x1D\xD3\x67\x1C\x31\x51\x8C\x46\x75\x21"
"\xCE\xFA\x55\x7C\x3D\x57\x8B\xA0\xFB\x8B\x70\x5F\x04\x7F\xCA\x11\x9A\x80\xE2\xA8\x0F\xF1\x1A\xA6\x0C"
"\xA9\x75\xD6\xBD\x09\x86\x93\xC8\x87\xB9\xFA\xF7\xC2\xEF\x51\xAF\x7C\x82\x48\x47\xDE\xD7\xA0\xE8\x4C"
"\x0C\xA3\x9F\xBB\xBA\x92\x4E\xAC\x20\xA6\x92\xAB\x83\x59\xE2\xF2\x61\xE5\x1D\xFE\x10\xF6\x4A\xDF\xE7"
"\x23\x3C\x79\x15\x5E\xC1\x25\x14\x67\x9F\x25\x95\xF0\xF2\x09\x41\x2E\x44\x71\x2E\x2C\x74\x10\x6D\x4D"
"\xEC\xF3\xFD\x5D\x40\x01\x6A\xB7\xEC\xB7\xD7\xC5\xC8\x51\xAA\x1C\xE5\xCA\xD1\x49\x02\xA8\xF5\x87\xD5"
"\x39\xE8\xC0\x7E\xAF\x8B\x3C\x17\xF4\xB8\xD7\x76\xBD\xC0\xAB\x0A\x3A\x19\x2C\xAE\xD2\x39\x24\xEB\x20"
"\xB1\x4B\xFE\x60\x87\x15\x59\x6F\x78\x1F\x1B\xD0\x21\x64\xD7\x8F\x21\x6B\x2F\xB4\x8F\xAC\x05\x0E\x27"
"\xB7\x98\xD8\xA3\x83\x39\xA1\x81\x8B\xF9\x7B\xBA\x0B\xC2\x7B\x7A\x83\x19\xAB\x62\x52\x89\xF4\xE2\x18"
"\xC2\x09\x2B\xDA\xC5\x51\xF0\x67\xF6\x56\x87\x5C\x20\x3A\x00\xE5\x7C\x62\x3F\x05\x8C\xDC\x4B\x38\x90"
"\xBB\x30\x07\x87\x47\x08\xA4\x9F\x23\xFE\x2D\x27\xEA\xDB\xB2\xC2\x1E\x4D\x4F\xD7\x04\x05\x55\x9C\x4F"
"\x91\xFF\xC6\x2E\x7F\x38\xDD\xD4\xFA\xB8\x4E\xC0\xD6\xBE\xE8\xEA\x32\x1A\xDB\xEB\xDF\x8D\x97\x95\x5D"
"\xF8\x99\x1D\xD4\x36\xBB\xFA\xE1\xA9\xBE\x7E\x46\xFB\x8A\xA2\x92\x77\x76\x78\xDB\x1B\x1B\x51\xA1\x4D"
"\xB7\x6F\xDF\xBC\x39\x56\x5E\x7E\xD0\x0E\x0C\x95\xE4\xE8\x6B\xB2\x7D\x9F\x2D\xBD\x1A\x8A\x2F\x1C\x2A"
"\x51\x26\x25\xAB\x92\xCF\x96\x78\xE6\x85\xD6\xD1\xB4\x7B\xF5\xE4\xE4\xE5\xF1\xB2\xF3\x4E\x36\x69\x78"
"\xB2\x9A\x33\xDF\x65\xEA\x2F\xED\x33\xFB\xFA\x3E\x7F\x19\x9F\x50\x58\x54\xA4\xB4\x51\x94\x6A\x33\x4A"
"\xE3\x2E\x66\x09\xE9\xEA\x7B\xE3\x0E\x3B\xC5\x48\x92\xA4\xEC\xFD\x12\xC9\x16\x95\x26\x9E\xE1\x72\xB9"
"\x47\x8E\x98\x23\x7D\xBB\xFD\xFA\x62\x13\x12\x8B\x92\x4B\x29\x4F\x21\x4B\xEC\x5E\x97\xA9\xB9\x62\xD7"
"\x1B\x0C\xA0\xB3\xD9\x24\x5B\x96\x34\xEC\x07\x2E\xC0\xC5\x1C\x3F\x1E\x19\xD9\xED\x17\x3B\x04\xBA\x90"
"\x56\xD3\x9A\x6C\xC6\xBE\x3C\x2F\x98\x99\x21\x01\xC9\x66\x69\xBC\x19\x74\x86\xDD\x14\xFF\x4C\x00\xD6"
"\x25\x6E\x52\x13\x87\xD9\xC2\xAC\x7B\x73\x77\x1A\x24\x02\x92\xDD\xA3\x2A\xF4\x05\x7B\x3F\x7C\xBF\x11"
"\xD0\x59\xC2\xCC\x16\x59\x34\xD6\x1F\xEA\x83\xDB\xEF\xF3\x97\x05\xEC\xD3\xBC\xA4\xE7\x47\x0E\xC1\x8D"
"\x2F\x8D\x62\x01\x62\xB5\x7B\x0B\x6E\xE5\xB1\x7E\xB5\xAD\x5D\x9F\xA1\x11\xF4\x53\xF1\x91\xDC\x43\xBA"
"\x39\x91\xCA\x16\xB3\x18\x4E\x81\x3E\x39\xF7\xF1\xCE\xF2\x5C\xF0\x03\x89\x16\x5A\xE1\x1F\xB2\xF9\xBE"
"\x49\x54\x9D\x93\xDE\xD6\x98\x13\x3C\xDB\x69\x5E\x6F\xEC\x57\x25\x9C\x39\xCE\xE7\x73\x0F\xE8\x2F\x6D"
"\xBC\x4C\x27\x5D\xC6\x8E\x7A\xF6\xD4\x64\x32\x68\x93\x87\x79\xBC\x84\x58\xBF\xC8\x03\x91\x78\xD5\xA6"
"\x90\xE5\xAC\x0B\x1A\x1B\x49\xB6\x61\x3B\x60\xD8\x36\xA2\x1A\xB1\x15\x25\xC4\x76\x47\x9A\x77\x23\x5C"
"\x73\x21\x15\xE5\xB8\xB9\x1A\xEB\x1E\x12\x38\x20\x38\x21\xD5\x59\xDE\xFA\xFA\x86\xE7\x57\xDB\x88\xD2"
"\x36\x94\x18\xEB\x67\x6F\x8C\xDF\xAD\xA4\x5A\x40\x17\x57\x56\x8A\xE9\x31\xD0\x17\xA3\xB5\x47\x61\xCF"
"\x49\x59\x4F\xDE\x5A\x70\x83\x66\x21\xEB\x73\x72\x11\xAF\x44\xA9\xE4\xD9\x23\x7D\xB6\xA4\x4C\xB1\x58"
"\xD8\xB4\xD0\x50\x49\x07\x81\x7E\xA1\x5D\xA1\xE0\x84\xCB\x0C\x30\x87\x29\x4C\x63\x6C\x0D\x7E\xF0\x25"
"\x80\x07\x30\x91\x84\xBE\x44\x55\xBF\xBA\xF2\xAD\xF1\x7E\x46\xC6\x5D\xD0\x81\xF3\xB7\x22\x44\x1C\x8E"
"\x42\x74\x5A\xC2\x16\x90\x82\xA5\xB0\x47\x2F\x28\xEA\x6C\x40\xC0\x30\x8E\x24\x29\x4B\xA8\x50\xD7\xC5"
"\xD9\xF0\x9C\x60\xBD\xB1\xFA\x82\xE3\xBD\xBB\x12\xC6\x11\x41\x44\x7B\x14\x1E\x34\x81\xC0\xD0\xD2\x99"
"\xE7\xB9\xC3\xA3\x20\x05\x31\x4F\xB7\xB5\x8C\x8C\x85\xF9\x9C\x35\xC1\xDD\xBD\x27\x5E\x1E\x38\x05\x09"
"\x8B\x22\xFC\x34\x09\xEB\x76\x93\xBA\x4B\xE9\x4C\x8D\xA6\x33\x2F\x6F\x9B\x0A\xA5\x9F\xB4\xEA\x5B\xAB"
"\x25\xD9\xD2\xA6\x13\x60\x7E\x4F\xD4\x84\x71\x2C\xB8\x27\x1C\x70\x95\xBA\x0B\x59\x6A\x96\x98\x86\x8B"
"\x6B\xF6\xA7\x08\x9A\x76\x75\x33\xA6\x10\xFB\x48\xA9\xA8\x8F\xB0\x70\x38\x32\x1C\xB0\x47\x68\xA1\x5A"
"\xAD\x66\x09\xA5\x52\x57\x37\xD2\xD0\x4C\x1C\xE2\xFA\x54\xA7\x08\x07\x48\x26\xC1\x86\x08\xE0\x0A\x32"
"\x9C\x0C\x7E\x99\x0E\x07\x6A\x44\x22\x0F\x58\x84\x3D\x21\x20\x99\x01\xC3\xA9\x20\x7E\x48\x60\x96\x87"
"\x48\xA4\x50\x88\x64\xCC\xF1\xD9\x61\x4B\xC2\xA3\x7E\xFE\xD5\x69\x8E\xE0\x88\x14\x3D\x3D\xD1\xE1\x5A"
"\xD3\x51\x8C\x49\xCB\xB1\x34\xFF\xEA\x13\x58\x31\x95\x15\x11\x1D\x6D\xE1\x38\xB0\x58\x22\xCA\x88\x5F"
"\x93\x12\x38\xD6\xBC\xD8\xE5\x81\x89\x5E\xBE\x75\x82\xF8\xCF\xF9\x06\x0F\x2F\xFD\xD3\xE6\xAA\xD1\x6B"
"\x00\x00\x00\x00\x49\x45\x4E\x44\xAE\x42\x60\x82"
}
};


const binfile_t *builtin_images[] = {&background_a26,
&background_c64,
&background_cannonball,
&background_celeste,
&background_classicube,
&background_col,
&background_collections,
&background_doom,
&background_duke3d,
&background_favorite,
&background_gb,
&background_gba,
&background_gbc,
&background_gg,
&background_gw,
&background_lnx,
&background_md,
&background_msx,
&background_nes,
&background_ngp,
&background_openlara,
&background_opentyrian,
&background_pce,
&background_pico8,
&background_quake,
&background_recent,
&background_rott,
&background_sm64,
&background_sms,
&background_snes,
&background_store,
&background_wolf3d,
&background_ws,
&banner_a26,
&banner_c64,
&banner_cannonball,
&banner_celeste,
&banner_classicube,
&banner_col,
&banner_doom,
&banner_duke3d,
&banner_favorite,
&banner_gb,
&banner_gba,
&banner_gbc,
&banner_gg,
&banner_gw,
&banner_lnx,
&banner_md,
&banner_msx,
&banner_nes,
&banner_ngp,
&banner_openlara,
&banner_opentyrian,
&banner_pce,
&banner_pico8,
&banner_quake,
&banner_recent,
&banner_rott,
&banner_sm64,
&banner_sms,
&banner_snes,
&banner_store,
&banner_wolf3d,
&banner_ws,
&logo_a26,
&logo_c64,
&logo_cannonball,
&logo_celeste,
&logo_classicube,
&logo_col,
&logo_doom,
&logo_duke3d,
&logo_favorite,
&logo_gb,
&logo_gba,
&logo_gbc,
&logo_gg,
&logo_gw,
&logo_lnx,
&logo_md,
&logo_msx,
&logo_nes,
&logo_ngp,
&logo_openlara,
&logo_opentyrian,
&logo_pce,
&logo_pico8,
&logo_quake,
&logo_recent,
&logo_rott,
&logo_sm64,
&logo_sms,
&logo_snes,
&logo_store,
&logo_wolf3d,
&logo_ws,

0
};
